AKTIVA,2017,2016,Unnamed: 0
A.,ANLAGEVERMÖGEN,in €,in €
"I.Immaterielle Vermögensgegenstände, gewerblicheSchutzrechte und ähnliche Rechte und Werte","116.202,00","87.586,00",
II.Sachanlagen,,,
1.Grundstücke und Bauten,"36.442.462,00","27.245.124,00",
2.Technische Anlagen und Maschinen,"1.888.071,00","2.060.958,00",
"3.Andere Anlagen, Betriebs- und Geschäftsausstattung","1.712.442,00","1.544.325,00",
4.Geleistete Anzahlungen und Anlagen im Bau,"3.822.491,72","5.197.892,39",
Summe Sachanlagen,"43.865.466,72","36.048.299,39",
,,,
,"2.000.000,00",,
,"600,00",,
,"2.000.600,00",,
Summe Anlagevermögen,"45.982.268,72","36.135.885,39",
