WIRBELLOSE,INVERTEBRATA,2018,geboren,Zugänge,gestorben,Abgabe,2019,Unnamed: 0,Unnamed: 1,Unnamed: 2,Unnamed: 3,Unnamed: 4,Unnamed: 5,Unnamed: 6,Unnamed: 7,Unnamed: 8,Unnamed: 9,Unnamed: 10,Unnamed: 11
,,m,w,u,m,w,u,m,w,u,m,w,u,m,w,u,m,w,u
Stachelhäuter (11 Arten),Echinodermata,1,1,29,0,0,0,0,0,30,0,0,4,0,0,0,1,1,55
,Mollusca,0,0,163,0,0,0,0,0,90,0,0,3,0,0,5,0,0,
Gliederfüßer (13 Arten),Arthropoda,0,1,75,0,0,0,18,5,63,12,2,6,0,0,0,6,4,132
,Annelida,0,0,2,0,0,0,0,0,3,0,0,3,0,0,0,0,0,
Plattwürmer (1 Art),Plathelminthes,0,0,1,0,0,0,0,0,0,0,0,0,0,0,0,0,0,1
Cnidaria,0,0,260,0,0,65,0,0,90,0,0,37,0,0,2,0,0,,
