VÖGEL,AVES,2017,geboren,Zugänge,gestorben,Abgabe,2018,Unnamed: 0,Unnamed: 1,Unnamed: 2,Unnamed: 3,Unnamed: 4,Unnamed: 5,Unnamed: 6,Unnamed: 7,Unnamed: 8,Unnamed: 9,Unnamed: 10,Unnamed: 11
Papageien,Psittaciformes,m,w,u,m,w,u,m,w,u,m,w,u,m,w,u,m,w,u
,,,,,,,,,,,,,,,,,,,
Mitchell-Allfarblori,Trichoglossus forstenimitchellii,2,2,0,0,0,0,0,0,0,0,0,0,0,0,0,2,2,0
,Eclectus roratus vosmaeri,1,1,0,0,0,0,0,0,0,0,0,0,0,0,0,1,1,
Chinasittich,Psittacula derbiana,0,1,0,0,0,0,0,0,0,0,0,0,0,0,0,0,1,0
,Agapornis fischeri,1,1,0,0,0,0,0,0,0,0,0,0,0,0,0,1,1,
Rosenköpfchen,Agapornis roseicollis,0,0,61,0,0,15,0,0,0,0,0,21,0,0,0,0,0,55
,Amazona collaria,2,2,0,0,0,0,0,0,0,0,0,0,0,0,0,2,2,
Goldmaskenamazone,Amazona d. dufresniana,0,1,0,0,0,0,0,0,0,0,0,0,0,0,0,0,1,0
,Amazona farinosa,1,0,0,0,0,0,0,0,0,0,0,0,0,0,0,1,0,
Bodinus-Amazone,Amazona festiva bodini,2,2,0,0,0,0,0,0,0,0,0,0,1,1,0,1,1,0
,Amazona l. leucocephala,0,1,0,0,0,0,0,0,0,0,1,0,0,0,0,0,0,
Kleiner Vasapapagei,Coracopsis nigra libs,1,1,0,0,0,0,0,0,0,0,0,0,0,0,0,1,1,0
,Psittacus e. erithacus,2,2,0,1,3,1,0,0,0,0,0,1,0,0,0,3,5,
Hyazinthara,Anodorhynchus hyacinthinus,3,2,0,1,0,0,0,0,0,1,0,0,0,0,0,3,2,0
,Ara ambigua,2,2,0,0,0,0,0,0,0,1,0,0,0,0,0,1,2,
Ararauna,Ara ararauna,1,1,0,1,0,0,0,0,0,0,0,0,0,0,0,2,1,0
,Ara chloroptera,1,0,0,0,0,0,0,0,0,0,0,0,0,0,0,1,0,
Gebirgsara,Ara couloni,2,1,0,0,0,0,0,0,0,0,0,0,0,0,0,2,1,0
,Ara glaucogularis,2,1,0,0,0,0,0,0,0,0,0,0,0,0,0,2,1,
Gelbflügelara,Ara macao,1,0,0,0,0,0,0,0,0,0,0,0,0,0,0,1,0,0
,Ara rubrogenys,1,1,0,0,0,0,0,0,0,0,0,0,0,0,0,1,1,
Jendayasittich,Aratinga jandaya,4,5,0,0,0,0,0,0,0,0,0,0,0,0,0,4,5,0
,Caynoliseus patagonus,8,7,0,0,0,0,0,0,0,1,0,0,0,0,0,7,7,
Nymphensittich,Nymphicus hollandicus,0,0,38,0,0,6,0,0,0,0,0,3,0,0,10,0,0,31
,Melopsittacus undulatus,0,0,54,0,0,8,0,0,0,0,0,37,0,0,1,0,0,
Kuckucksvögel,Cuculiformes,m,w,u,m,w,u,m,w,u,m,w,u,m,w,u,m,w,u
Weißohrturako,Tauraco leucotis,0,1,0,0,0,0,0,0,0,0,0,0,0,0,0,0,1,0
Eulen,Strigiformes,m,w,u,m,w,u,m,w,u,m,w,u,m,w,u,m,w,u
Maskeneule,Phodilus badius,3,4,0,3,0,0,1,1,0,0,0,0,3,3,0,4,2,0
,Athene noctua,1,0,0,0,0,0,0,0,0,0,0,0,0,0,0,1,0,
Fleckenuhu,Bubo a. africanus,1,0,0,0,0,0,0,0,0,0,0,0,0,0,0,1,0,0
,Bubo bubo bubo,0,1,0,0,0,0,0,0,0,0,0,0,0,0,0,0,1,
Turkmenenuhu,Bubo b. omissus,1,1,0,0,0,0,0,0,0,0,0,0,0,0,0,1,1,0
,Bubo b. sibiricus,1,1,0,0,0,0,0,0,0,0,0,0,0,0,0,1,1,
Kenia-Uhu,Bubo capensis mackinderi,1,1,0,0,0,0,0,0,0,0,0,0,0,0,0,1,1,0
,Bubo lacteus,1,1,0,0,0,0,0,0,0,0,0,0,0,0,0,1,1,
Nepalhuhu,Bubo nipalensis blighi,1,1,0,0,0,0,0,0,0,0,0,0,0,0,0,1,1,0
,Bubo sumatranus,0,1,0,0,0,0,0,0,0,0,0,0,0,0,0,0,1,
Viginia-Uhu,Bubo virginianus,1,1,0,0,0,0,0,0,0,0,0,0,0,0,0,1,1,0
