VÖGEL,AVES,2018,geboren,Zugänge,gestorben,Abgabe,2019,Unnamed: 0,Unnamed: 1,Unnamed: 2,Unnamed: 3,Unnamed: 4,Unnamed: 5,Unnamed: 6,Unnamed: 7,Unnamed: 8,Unnamed: 9,Unnamed: 10,Unnamed: 11
Taubenvögel,Columbiformes,m,w,u,m,w,u,m,w,u,m,w,u,m,w,u,m,w,u
Rote Lockentaube,Columbia livia f. domestica,0,0,7,0,0,0,0,0,0,0,0,1,0,0,0,0,0,6
,Columbia livia f. domestica,3,3,10,0,0,7,0,0,0,0,0,9,0,0,0,3,3,
"Südd. Mönchstaube,blauweiß geschultert",Columbia livia f. domestica,0,0,7,0,0,0,0,0,0,0,0,1,0,0,0,0,0,6
,Gallicolumba criniger,3,2,0,0,0,1,0,0,0,0,0,0,0,0,0,3,2,
Dolchstichtaube,Gallicolumba luzonica,2,2,1,1,2,6,0,0,0,0,0,5,0,0,0,3,4,2
,Gallicolumba rufigula,1,0,0,0,0,0,0,0,0,0,0,0,0,0,0,1,0,
Celebes-Erdtaube,Gallicolumba tristigmata,0,1,0,0,0,0,0,0,0,0,0,0,0,0,0,0,1,0
,Leptotila jamaicensis,1,1,0,0,0,0,0,0,0,0,0,0,0,0,0,1,1,
Wongataube,Leucosarcia melanoleuca,1,1,0,0,0,0,0,0,0,0,0,0,0,0,0,1,1,0
,Ocyphaps lophotes,2,0,0,0,0,0,0,0,0,0,0,0,0,0,0,2,0,
Kaptäubchen,Oena capensis,2,0,0,0,0,0,0,0,0,0,0,0,0,0,0,2,0,0
,Otidiphaps nobilis,1,0,0,0,0,0,0,0,0,0,0,0,0,0,0,1,0,
Weißnacken-Fasanentaube,Otidiphaps aruensis,1,1,0,0,0,0,0,0,0,0,0,0,0,0,0,1,1,0
,Ptilinopus aurantiifrons,1,2,0,0,0,2,1,0,0,0,1,1,0,0,0,3,1,
Veilchenkappenfrucht-taube,Ptilinopus coronulatus,0,1,0,0,0,0,0,0,0,0,0,0,0,0,0,0,1,0
,Ptilinopus greyii,4,2,2,0,1,6,0,0,0,0,0,2,1,2,0,3,3,
Orangebauchfruchttaube,Ptilinopus iozonus,1,1,0,0,0,0,1,1,0,1,0,0,0,0,0,1,2,0
,Ptilinopus melanospilus,2,2,0,0,0,0,0,0,0,0,1,0,0,0,0,2,1,
Madagaskar Turteltaube,Nesoenas picturata,1,0,0,0,0,0,0,0,0,0,0,0,0,0,0,1,0,0
,Spilopelia senegalensis,0,0,2,0,0,0,0,0,0,0,0,0,0,0,0,0,0,
Turteltaube,Streptopelia turtur,0,0,0,0,0,0,1,1,0,0,0,0,0,0,0,1,1,0
Papageien,Psittaciformes,m,w,u,m,w,u,m,w,u,m,w,u,m,w,u,m,w,u
Erzlori,Loiusus domicella,1,1,0,0,0,0,0,0,0,0,0,0,0,0,0,1,1,0
,Trichoglossus haematodus,0,0,1,0,0,0,0,0,0,0,0,0,0,0,1,0,0,
Kea,Nestor notabilis,1,1,0,0,0,0,0,0,0,0,0,0,0,0,0,1,1,0
,Cyanoramphus auriceps,1,1,0,0,0,0,0,0,0,0,0,0,0,0,0,1,1,
Hoodedsittich,Psephotos chrysopteryglus,1,1,0,0,0,0,0,0,0,0,0,0,0,0,0,1,1,0
,Neophema pulchella,1,1,0,0,0,0,0,0,0,0,0,0,0,0,0,1,1,
Wellensittich,Melopsittacus undulatus,22,10,0,0,0,0,0,0,0,1,2,0,0,0,0,21,8,0
,Andorhynchus hyacinthinus,1,1,0,0,0,0,0,0,0,1,0,0,0,0,0,1,0,
Marakana,Primolius maracana,2,2,0,0,0,0,0,0,0,1,0,0,0,0,0,1,2,0
,Ara militaris militaris,2,2,0,0,0,0,0,0,0,0,0,0,0,0,0,1,3,
Zitronensittich,Bolborhynchus aurifrons,2,0,0,0,0,0,0,0,0,2,0,0,0,0,0,0,0,0
,Amazona aestiva,0,0,1,0,0,0,0,0,0,0,0,0,0,0,1,0,0,
Ecuadoramazone,Amazone autumnalis lilacina,0,0,0,0,0,0,1,1,0,0,0,0,0,0,0,1,1,0
