VÖGEL,AVES,2019,geboren,Zugänge,gestorben,Abgabe,2020,Unnamed: 0,Unnamed: 1,Unnamed: 2,Unnamed: 3,Unnamed: 4,Unnamed: 5,Unnamed: 6,Unnamed: 7,Unnamed: 8,Unnamed: 9,Unnamed: 10,Unnamed: 11
Spechtvögel,Piciformes,m,w,u,m,w,u,m,w,u,m,w,u,m,w,u,m,w,u
,Trachyphonuserythrocephalus,1,1,0,0,0,0,0,0,0,0,0,0,0,0,0,1,1,
,Pteroglossus aracari,1,1,0,0,0,0,0,0,0,0,0,0,0,0,0,1,1,
Sperlingsvögel,Passeriformes,m,w,u,m,w,u,m,w,u,m,w,u,m,w,u,m,w,u
Pipra erythrocephala,1,2,0,0,0,0,0,0,0,0,0,0,0,0,0,1,2,,
Cotinga cayana,2,2,0,0,0,0,0,0,0,0,0,0,0,0,0,2,2,,
Ailuroedos buccoides,1,1,0,0,0,0,0,0,0,0,0,0,0,0,0,1,1,,
Entomyzon cyanotis,1,1,0,0,0,0,0,1,0,0,0,0,0,0,0,1,2,,
Gymnorhina tibicen,1,1,0,0,0,0,0,0,0,0,1,0,0,0,0,1,0,,
Urocissa erythroryncha,1,1,0,0,0,0,0,0,0,0,0,0,0,0,0,1,1,,
Laniarius barbarus,1,1,0,0,0,0,0,0,0,0,0,0,0,0,0,1,1,,
Lanius cabanisi,1,1,0,0,0,0,0,0,0,1,0,0,0,0,0,0,1,,
Corvus albicollis,1,1,0,0,0,0,0,0,0,0,0,0,0,0,0,1,1,,
Phonygammus keraudrenii,1,0,0,0,0,0,0,0,0,0,0,0,0,0,0,1,0,,
Pycnonotus jocosus,2,2,2,0,0,0,0,0,0,0,0,0,1,1,2,1,1,,
Pycnonotus barbatus,1,0,0,0,0,0,0,0,0,0,0,0,0,0,0,1,0,,
Zosterops kikuyuensis,0,0,2,0,0,0,0,0,0,0,0,0,0,0,0,0,0,,
Zosterops senegalensis,2,2,0,0,0,0,0,0,0,0,0,0,0,0,0,2,2,,
Chloropsis hardwickii,0,1,0,0,0,0,0,0,0,0,0,0,0,0,0,0,1,,
Irena puella,0,1,0,0,0,0,0,0,0,0,0,0,0,0,0,0,1,,
Garrulax bicolor,1,1,0,0,0,0,0,0,0,0,0,0,0,0,0,1,1,,
Garrulax courtoisi,1,1,0,0,0,0,0,0,0,0,0,0,0,0,0,1,1,,
Acridotheres melanopterus,0,1,0,0,0,0,0,0,0,0,0,0,0,0,0,0,1,,
Aplonis panayensis,2,6,10,0,0,0,0,0,0,1,2,2,0,0,0,1,4,,
Cinnyricinclus leucogaster,2,2,0,0,0,3,0,0,0,0,0,0,0,0,0,2,2,,
Cosmopsarus regius,3,2,0,0,0,0,0,0,0,0,1,0,0,0,0,3,1,,
Creatophora cinerea,3,2,0,0,0,0,0,0,0,2,1,0,0,0,0,1,1,,
Lamprotomis chalybaeus,0,0,1,0,0,0,0,0,0,0,0,0,0,0,0,0,0,,
Lamprotornis iris,0,1,0,0,0,0,0,0,0,0,0,0,0,0,0,0,0,,
Lamprotomis purpuropterus,1,1,0,0,0,1,0,0,0,0,0,1,0,0,0,1,1,,
Leucopsar rothschildi,2,1,0,0,0,0,0,0,0,0,0,0,0,0,0,2,1,,
Sturnus contra,0,0,1,0,0,0,0,0,0,0,0,1,0,0,0,0,0,,
Cichladusa guttata,3,1,0,0,1,0,0,0,0,0,0,0,0,0,0,3,2,,
Copsychus malabaricus,1,1,0,0,0,0,0,0,0,0,0,0,0,0,0,1,1,,
Zoothera citrina,2,1,0,0,1,0,0,0,0,0,1,0,0,0,0,2,1,,
Zoothera dohertyi,1,0,0,0,0,0,0,1,0,0,1,0,0,0,0,1,0,,
Leiothrix lutea,2,2,0,0,0,0,0,0,0,1,0,0,0,0,0,1,2,,
Liocichia omeiensis,0,0,0,0,0,0,3,0,0,0,0,0,0,0,0,3,0,,
Panurus biarmicus,1,1,0,1,0,0,0,0,0,1,0,0,0,0,0,1,1,,
