VÖGEL,AVES,2017,geboren,Zugänge,gestorben,Abgabe,2018,Unnamed: 0,Unnamed: 1,Unnamed: 2,Unnamed: 3,Unnamed: 4,Unnamed: 5,Unnamed: 6,Unnamed: 7,Unnamed: 8,Unnamed: 9,Unnamed: 10,Unnamed: 11
Flamingos,Phoenicopteriformes,m,w,u,m,w,u,m,w,u,m,w,u,m,w,u,m,w,u
Chileflamingo,Phoenicopterus chilensis,2,0,30,0,1,0,0,0,0,0,0,0,0,1,0,2,0,30
,Phoenicopterus ruber ruber,3,4,62,2,2,0,0,0,0,0,0,3,2,2,0,3,4,
Gänsevögel,Anseriformes,m,w,u,m,w,u,m,w,u,m,w,u,m,w,u,m,w,u
Halsband-Wehrvogel,Chauna torquata,0,1,0,0,0,0,0,0,0,0,0,0,0,0,0,0,1,0
,Dendrocygna arborea,1,0,0,0,0,0,0,0,0,1,0,0,0,0,0,0,0,
Sichelpfeifgans,Dendrocygna eytoni,1,1,0,0,0,0,0,0,0,0,0,0,0,0,0,1,1,0
,Dendrocygna javanica,0,1,0,0,0,0,0,0,0,0,0,0,0,1,0,0,0,
Spaltfußgans,Anseranas semipalmata,1,1,0,0,0,0,0,0,0,0,0,0,0,0,0,1,1,0
,Cygnus melanocoryphus,1,1,0,0,0,0,0,0,0,0,0,0,0,0,0,1,1,
Höckerschwan,Cygnus olor,0,1,0,0,0,0,0,0,0,0,0,0,0,0,0,0,1,0
,Anser a. anser,8,4,0,0,0,0,0,0,0,0,0,0,0,0,0,8,4,
Blaue Schneegans,Anser c. caerulescens,1,1,0,0,0,0,0,0,0,0,0,0,0,0,0,1,1,0
,Anser cygnoides,2,1,0,0,0,0,0,0,0,0,0,0,1,0,0,1,1,
Zwerggans,Anser erythropus,1,0,0,0,0,0,0,0,0,0,0,0,0,0,0,1,0,0
,Branta canadensis maxima,1,1,0,0,0,0,0,0,0,1,0,0,0,0,0,0,1,
Zwergkanadagans,Branta canadensis minima,0,1,0,0,0,0,0,0,0,0,0,0,0,0,0,0,1,0
,Cyanochen cyanopterus,1,1,0,2,2,1,0,0,0,0,0,1,0,0,0,3,3,
Sporengans,Plectropterus gambensis,1,1,0,0,0,0,0,0,0,0,0,0,0,0,0,1,1,0
,Stictonetta naevosa,1,3,0,0,0,0,0,0,0,0,0,0,1,3,0,0,0,
Graukopfkasarka,Tadorna cana,1,1,0,0,0,0,0,0,0,0,0,0,0,0,0,1,1,0
,Tadorna ferruginea,3,0,0,0,0,0,0,0,0,2,0,0,0,0,0,1,0,
Brandgans,Tadorna tadorna,0,1,0,0,0,0,0,0,0,0,1,0,0,0,0,0,0,0
,Anas acuta,1,4,0,0,0,0,0,0,0,0,3,0,0,0,0,1,1,
Bernierente,Anas bernieri,1,2,0,0,0,0,0,0,0,0,0,0,0,0,0,1,2,0
,Anas clypeata,3,0,0,0,0,0,0,0,0,2,0,0,0,0,0,1,0,
Rotschnabelente,Anas erythrorhynchos,3,2,0,1,3,0,0,0,0,2,1,3,0,0,0,2,1,0
,Anas falcata,0,2,0,0,0,0,0,0,0,0,0,0,0,2,0,0,0,
Baikalente,Anas formosa,5,5,0,0,0,0,0,0,0,3,2,0,0,0,0,2,3,0
,Anas melleri,3,2,0,0,0,0,0,0,0,0,0,0,0,0,0,3,2,
Pfeifente,Anas penelope,1,3,0,0,0,0,0,0,0,1,0,0,0,0,0,0,3,0
,Anas punctata,0,1,0,0,0,0,0,0,0,0,1,0,0,0,0,0,0,
Gelbschnabelente,Anas undulata,2,4,0,0,0,0,0,0,0,1,2,0,0,0,0,1,2,0
,Anas versicolor,2,0,0,0,0,0,0,0,0,1,0,0,1,0,0,0,0,
Spatelschnabelente,Malacorhynchusmembranaceus,1,2,0,0,0,0,0,0,0,0,0,0,1,2,0,0,0,0
,Marmaronetta angustirostris,3,1,0,14,13,4,1,2,0,0,0,4,12,11,0,6,5,
Plüschkopfente,Somateria fischeri,2,1,0,0,0,0,0,0,0,1,0,0,0,0,0,1,1,0
,Histrionica histrionica,0,0,0,0,0,0,3,3,0,0,0,0,0,0,0,3,3,
Australische Moorente,Aythya australis,2,3,0,0,0,0,0,0,0,0,2,0,0,0,0,2,1,0
