ENTWICKLUNG DES ANLAGEVERMÖGENS ZUM 31. DEZEMBER 2020 (ANLAGENSPIEGEL)
Anscha  ungs- und Herstellungskosten
Alle Werte in € 01.01.2020 Stand am Zugang Abgang Umbuchung 31.12.2020Stand am
I.  Immaterielle
Vermögensgegenstände
Entgeltlich erworbene ge-
"werbliche Schutzrechte und 425.269,70 58.973,83 767,07 0,00 483.476,46"
ähnliche Rechte und Werte
"425.269,70 58.973,83 767,07 0,00 483.476,46"
II.  Sachanlagen
"1. Grundstücke und Bauten 50.350.621,06 162.770,82 434.126,69 0,00 50.079.265,19"
2. Technische Anlagen und
"4.835.173,60 Maschinen-290,74 0,00 0,00 4.834.882,86"
"3. Andere Anlagen, Betriebs-"
"5.766.785,32 und Geschäftsausstattung184.549,78 36.689,44 0,00 5.914.645,66"
4. Geleistete Anzahlungen und
"9.611.621,31 Anlagen im Bau6.119.724,12 50.237,83 0,00 15.681.107,60"
"70.564.201,29 6.466.753,98 521.053,96 0,00 76.509.901,31"
III.  Finanzanlagen
1. Ausleihungen an ver-
"1.755.608,92 bundene Unternehmen 0,00 0,00 0,00 1.755.608,92"
2. Wertpapiere des
"15.227.695,76 Anlagevermögens8.214.978,20 3.642.680,76 0,00 19.799.993,20"
"3. Genossenschaftsanteile 1.120,00 0,00 0,00 0,00 1.120,00"
"16.984.424,68 8.214.978,20 3.642.680,76 0,00 21.556.722,12"
"87.973.895,67 14.740.706,01 4.164.501,79 0,00 98.550.099,89"
