GEWINN- UND VERLUSTRECHNUNG,2018,2017
,,
,,
1.Erträge aus Investitionszuschüssen,"135.482,02","0,00"
2.Zuführung zum Sonderposten für Investitionszuschüsse,"-135.482,02","0,00"
3.Spenden und Zuwendungen,"6.637.035,45","4.812.890,05"
4.Umsatzerlöse,"25.196.703,06","24.674.576,32"
5.Sonstige betriebliche Erträge,"878.771,01","458.589,92"
6.Gesamtleistung,"32.712.509,52","29.946.056,29"
,"-3.837.498,68",
,"-1.602.765,46",
,"-2.234.733,22",
8.Mittelverwendung,"-1.269.823,71","-1.493.066,25"
,"-14.000.474,50",
,"-9.920.041,07",
,"-4.080.433,43",
10.Abschreibungen auf immaterielle Vermögensgegenständeund Sachanlagen,"-2.451.153,28","-2.125.286,84"
,"-7.071.666,45",
12.Erträge aus anderen Wertpapieren des Finanzanlagevermögens,"98.174,63","0,00"
,"145.542,55",
"14.Zinsen und ähnliche Aufwendungen- davon Aufwendungen aus Aufzinsung € 726.092,00 (Vorjahr: T€ 812)","-865.160,39","-780.724,75"
,"-14.540,95",
16.Ergebnis nach Steuern,"3.445.908,74","2.726.342,72"
,"-35.796,62",
18.Jahresüberschuss,"3.410.112,12","2.691.386,12"
