"Wegeführung und Besucherinfrastruktur wurden auf 19,072",finanziert werden können. Zur ggf. notwendigen Absiche-
Mio. € erhöht. Hiervon sind jeweils 10% aus Eigenmitteln,rung der Finanzierung der Eigenmittelanteile im Rahmen
zu finanzieren.,der Förderprojekte steht ein weiteres Gesellschafterdarle-
,"hen zur Verfügung, dem die Aufsichtsräte von Zoo Berlin"
Für die Errichtung der „Erlebniszone Afrika“ sowie den Bau,und Tierpark Berlin bereits 2019 zugestimmt hatten und
der Krallenotteranlage wird die Tierpark Berlin Friedrichs-,welches bis zum Berichtszeitpunkt noch nicht in Anspruch
felde GmbH im laufenden Jahr weitere bereits bewilligte,genommen werden musste.
Investitionszuschüsse des Landes Berlin in Höhe von vo-,
"raussichtlich 1,20 Mio. € erhalten. Neben den investiven",Auch die inflationsbedingten Preissteigerungen für Waren
Mitteln erhält der Tierpark Berlin vom Land Berlin für 2023,und Dienstleistungen werden insbesondere beim Bezug
eine institutionelle Zuwendung für das laufende operative,von Futtermitteln und Energie im Fokus stehen. Durch den
"Geschäft in Höhe von 5,779 Mio. €.",Betrieb eines eigenen BHKW ist der Tierpark etwas weniger
,"abhängig von der Marktpreisentwicklung für Strom, Wärme"
Im Zusammenhang mit der Thematik der Haufwerke wurde,und Gas. Hier konnten bereits in Gesprächen mit den Ver-
die Nichtzulassungsbeschwerde vom Bundesgerichtshof,sorgern die möglichen Energiepreisbremsen angemeldet
im Mai 2022 zurückgewiesen. Der Tierpark hat als letzten,werden. Zudem konnten im Zuge der Inbetriebnahme der
möglichen Schritt seine Ansprüche gegenüber den Erben,neuen Anlagen im Sommer 2021 längerfristige Verträge
des ehemaligen Geschäftsführers in Höhe von max. mög-,mit guten Konditionen abgeschlossen werden. Grundsätz-
