SÄUGETIERE MAMMALIA,Unnamed: 0,2015,Unnamed: 1,Zugänge,geboren,gestorben,Abgabe,Unnamed: 2,Unnamed: 3,2016,Unnamed: 4
Kloakentiere Monotremata,m,w,u,m w u,m w u,m w u,m w,u,m,w,u
Neuguinea  Tachyglossus aculeatus,,,,,,,,,,,
0Kurzschnabeligel lawesii,2,1,0,0 0 0,0 0 0,0 0 0,0 0,0,2,1,
Beuteltiere Marsupialia,m,w,u,m w u,m w u,m w u,m w,u,m,w,u
Flinkwallaby Macropus agilis,0,3,0,2 0 0,0 0 0,2 0 0,0 0,0,0,3,0
Westliches Graues  Macropus fuliginosus,,,,,,,,,,,
0Riesenkänguru melanops,2,3,0,0 0 0,2 1 0,0 0 0,2 1,0,2,3,
Östliches Bergkänguru Macropus robustus robustus,2,3,0,0 0 0,1 0 0,0 0 0,0 0,0,3,3,0
Benettkänguru Macropus rufogriseus,0,3,0,0 0 0,2 0 0,0 2 0,0 0,0,2,1,0
Ringelschwanz- Petrogale xanthopus xan-,,,,,,,,,,,
0Felsenkänguru thopus,2,3,0,0 1 0,0 0 0,0 0 0,0 1,0,2,3,
Schwarzschwanzkänguru Wallabia bicolor,3,0,0,0 0 0,0 0 0,1 0 0,0 0,0,2,0,0
Rüsselspringer Macroscelidea,m,w,u,m w u,m w u,m w u,m w,u,m,w,u
Kurzohr-Rüsselspringer Macroscelides proboscideus,2,2,0,0 0 0,0 1 1,0 0 1,1 2,0,1,1,0
Fledertiere Chiroptera,m,w,u,m w u,m w u,m w u,m w,u,m,w,u
Palmenflughund Eidolon helvum,4,3,0,0 0 0,0 0 0,0 0 0,0 0,0,4,3,0
Epaulettenflughund Epomophorus gambianus,1,1,0,0 0 0,0 0 0,0 1 0,0 0,0,1,0,0
Indischer Riesenflughund Pteropus giganteus,8,13,9,0 0 0,0 0 8,0 1 0,4 6,3,4,6,14
Schwarzflügelflughund Thoopterus nigrescens,1,0,0,0 0 0,0 0 0,0 0 0,0 0,0,1,0,0
Nebengelenktiere Xenarthra,m,w,u,m w u,m w u,m w u,m w,u,m,w,u
Tamandua tetradactyla Tamandua 0nigra,1,1,0,0 1 0,0 0 0,0 0 0,0 0,0,1,2,
Kugelgürteltier Tolypeutes matacus,0,0,0,1 0 0,0 0 0,0 0 0,0 0,0,1,0,0
