AKTIVA,2017,2016,Unnamed: 0
A.,ANLAGEVERMÖGEN,in €,in €
"I.Immaterielle Vermögensgegenstände, gewerblicheSchutzrechte und ähnliche Rechte und Werte","44.821,00","3.431,00",
II.Sachanlagen,,,
1.Grundstücke und Bauten,"2.535.542,00","2.302.979,00",
2.Technische Anlagen und Maschinen,"123.318,00","141.698,00",
"3.Andere Anlagen, Betriebs- und Geschäftsausstattung","838.222,05","623.509,05",
4.,Geleistete Anzahlungen und Anlagen im Bau,"2.102.136,74","269.192,24"
Summe Sachanlagen,"5.599.218,79","3.337.378,29",
,,,
,"600,00",,
Summe Anlagevermögen,"5.644.639,79","3.340.809,29",
