AKTIVA,2021,2020,Unnamed: 0
A.,ANLAGEVERMÖGEN,in €,in €
"I.Immaterielle Vermögensgegenstände, entgeltlich erworbene gewerbliche Schutzrechteund ähnliche Rechte und Werte sowie Lizenzen an solchen Rechten und Werten","17.928,00","14.329,00",
II.Sachanlagen,,,
1.Grundstücke und Bauten,"18.471.554,00","18.538.179,00",
2.Technische Anlagen und Maschinen,"141.962,00","167.889,00",
"3.Andere Anlagen, Betriebs- und Geschäftsausstattung","1.242.239,00","1.062.246,00",
4.,Geleistete Anzahlungen und Anlagen im Bau,"13.220.143,87","7.397.631,57"
Summe Sachanlagen,"33.075.898,87","27.165.945,57",
,,,
,"1.120,00",,
Summe Anlagevermögen,"33.094.946,87","27.181.394,57",
