VÖGEL,AVES,2016,geboren,Zugänge,gestorben,Abgabe,2017,Unnamed: 0,Unnamed: 1,Unnamed: 2,Unnamed: 3,Unnamed: 4,Unnamed: 5,Unnamed: 6,Unnamed: 7,Unnamed: 8,Unnamed: 9,Unnamed: 10,Unnamed: 11
Gänsevögel,Anseriformes,m,w,u,m,w,u,m,w,u,m,w,u,m,w,u,m,w,u
Europäische Löffelente,Anas clypeata,4,0,0,0,0,0,0,0,0,0,0,0,0,0,0,4,0,0
,Anas crecca,2,1,0,0,0,0,0,0,0,1,0,0,1,1,0,0,0,
Zimtente,Anas cyanoptera,3,1,0,0,0,0,0,0,0,2,0,0,1,1,0,0,0,0
,Anas erythrorhynchos,3,2,0,0,0,0,0,0,0,0,0,0,0,0,0,3,2,
Sichelente,Anas falcata,4,2,0,0,0,0,0,0,0,0,0,0,4,0,0,0,2,0
,Anas flavirostris oxyptera,1,2,0,0,0,0,0,0,0,0,1,0,1,1,0,0,0,
Baikalente,Anas formosa,6,7,0,0,0,0,0,0,0,1,2,0,0,0,0,5,5,0
,Anas georgica spinicauda,0,2,0,0,0,0,0,0,0,0,0,0,0,2,0,0,0,
Philippinenente,Anas luzonica,2,1,0,0,0,0,0,0,0,2,1,0,0,0,0,0,0,0
,Anas melleri,3,2,0,0,0,0,0,0,0,0,0,0,0,0,0,3,2,
Pfeifente,Anas penelope,2,3,0,0,0,0,0,0,0,1,0,0,0,0,0,1,3,0
,Anas platalea,0,1,0,0,0,0,0,0,0,0,0,0,0,1,0,0,0,
Indische Fleckschnabel-ente,Anas p. peocilorhyncha,3,0,0,0,0,0,0,0,0,3,0,0,0,0,0,3,0,0
,Anas punctata,0,1,0,0,0,0,0,0,0,0,0,0,0,0,0,0,1,
Knäkente,Anas querquedula,0,1,0,0,0,0,0,0,0,0,0,0,0,1,0,0,0,0
,Anas sibilatrix,1,1,0,0,0,0,0,0,0,1,0,0,0,1,0,0,0,
"Schwarzente, Afrikanische",Anas sparsa,0,1,0,0,0,0,0,0,0,0,0,0,0,1,0,0,0,0
,Anas undulata,3,4,0,0,0,0,0,0,0,1,0,0,0,0,0,2,4,
Kappenente,Anas versicolor,2,0,0,0,0,0,0,0,0,1,0,0,1,0,0,0,0,0
,Malacorhynchusmembranaceus,1,2,0,0,0,0,0,0,0,0,0,0,0,0,0,1,2,
Marmelente,Marmaronetta angustirostris,3,1,0,6,4,0,0,0,0,0,1,0,6,3,0,3,1,0
,Somateria fischeri,1,0,0,0,0,0,1,1,0,0,0,0,0,0,0,2,1,
Eiderente,Somateria m. mollissima,0,1,0,0,0,0,0,0,0,0,0,0,0,1,0,0,0,0
,Aythya americana,1,1,0,0,0,0,0,0,0,0,1,0,1,0,0,0,0,
Australische Moorente,Aythya australis,2,3,0,0,0,0,0,0,0,0,0,0,0,0,0,2,3,0
,Aythya baeri,3,3,0,0,0,4,0,0,0,1,2,0,0,0,4,2,1,
Reiherente,Aythya fuligula,1,3,0,0,0,0,0,0,0,0,1,0,0,0,0,1,2,0
,Aythya m. marila,3,4,0,0,0,0,0,0,0,0,0,0,0,0,0,3,4,
Neuseeland-Tauchente,Aythya novaeseelandiae,4,6,0,0,0,0,0,0,0,0,2,0,0,0,0,4,4,0
,Aythya nyroca,4,11,0,0,0,0,0,0,0,1,1,0,0,0,0,3,10,
Riesentafelente,Aythya valisineria,0,1,0,0,0,0,0,0,0,0,0,0,0,1,0,0,0,0
,Netta erythrophthalmabrunnea,2,2,0,0,0,0,0,0,0,1,1,0,0,0,0,1,1,
Peposakaente,Netta peposaca,3,5,0,0,0,0,0,0,0,0,1,0,0,0,0,3,4,0
,Netta rufina,10,7,0,0,0,0,0,0,0,5,2,0,0,0,0,5,5,
Brautente,Aix sponsa,1,0,0,0,0,0,0,0,0,1,0,0,0,0,0,0,0,0
,Amazonetta b. brasiliensis,2,1,0,0,0,0,0,0,0,1,1,0,1,0,0,0,0,
Rotschulterente,Callonetta leucophrys,3,3,0,0,0,0,0,0,0,1,2,0,2,1,0,0,0,0
