SÄUGETIERE MAMMALIA,Unnamed: 0,2018,Unnamed: 1,geboren,Zugänge,gestorben,Abgabe,Unnamed: 2,Unnamed: 3,2019,Unnamed: 4
Beuteltiere Marsupialia,m,w,u,m w u,m w u,m w u,m w u,,m,w,u
Kurzschwanzoppossum Monodelphis domestica,0,2,0,7 8 0,1 0 0,0 0 0,2 2 0,,6,8,0
Parma Känguru Macropus parma,7,3,1,1 2 1,0 0 0,1 1 0,3 0 0,,4,5,1
Rotes Riesenkänguru Macropus rufus,2,2,0,0 0 0,0 0 0,0 0 0,0 0 0,,2,2,0
Insektenfresser Insectivora,m,w,u,m w u,m w u,m w u,m w u,,m,w,u
Kleiner Igeltanrek Echinops telfairi,1,0,2,0 0 0,0 0 0,0 0 0,0 0 0,,1,0,2
Röhrchenzähner Tubulidendata,m,w,u,m w u,m w u,m w u,m w u,,m,w,u
Erdferkel Orycteropus afer,1,1,0,1 0 0,1 1 0,1 0 0,1 1 0,,1,1,0
Rüsseltiere Proboscidae,m,w,u,m w u,m w u,m w u,m w u,,m,w,u
Asiatischer Elefant Elephas maximus,1,5,0,0 0 0,0 0 0,0 1 0,0 0 0,,1,4,0
Zahnarme Pilosa,m,w,u,m w u,m w u,m w u,m w u,,m,w,u
Weißborstengürteltier Euphractus sexcinctus,1,2,0,1 1 0,0 0 0,0 0 0,0 0 0,,2,3,0
Südliches Kugelgürteltier Tolypiotes matacus,1,1,0,1 0 1,0 0 0,1 0 0,0 0 0,,1,1,1
Zweifingerfaultier Choloepus didactylus,1,1,0,0 0 1,0 0 0,0 0 1,0 0 0,,1,1,0
Großer Ameisenbär Myrmecophaga tridactyla,1,1,0,0 0 0,0 0 0,0 0 0,0 0 0,,1,1,0
Primaten Primates,m,w,u,m w u,m w u,m w u,m w u,,m,w,u
Grauer Mausmaki Microcebus murinus,1,3,0,0 0 0,0 0 0,0 1 0,0 0 0,,1,2,0
Weißkopfmaki Eulemur albifrons,3,2,0,0 0 0,0 0 0,2 0 0,1 2 0,,0,0,0
Bengalischer Plumplori Nycticebus bengalensis,0,1,0,0 0 0,0 0 0,0 0 0,0 0 0,,0,1,0
Plumplori Nycticebus coucang,1,1,0,0 0 0,0 0 0,0 0 0,0 0 0,,1,1,0
Senegal-Galago Galago senegalensis,3,5,0,0 0 1,0 0 0,2 0 1,0 0 0,,1,5,0
Springtamarin Callimico goeldii,1,1,0,0 0 0,0 0 0,0 0 0,0 0 0,,1,1,0
Geoffroys Seidenäffchen Callithrix geoffroyi,1,1,0,0 0 0,0 0 0,0 0 0,0 0 0,,1,1,0
Saguinus imperator  Kaiserschnurrbarttamarin 0subgrisecens,1,2,0,0 1 0,0 0 0,0 2 0,0 0 0,,1,1,
Schwarzrücken-Tamarin Saguinus nigricollis,1,0,0,0 0 0,0 0 0,0 0 0,0 0 0,,1,0,0
Lisztaffe Saguinus oedipus,1,1,0,2 0 0,0 0 0,2 0 0,0 0 0,,1,1,0
Brauner Kapuziner Cebus olivaceus,5,3,0,0 0 0,0 0 0,0 0 0,0 0 0,,5,3,0
Totenkopfäffchen Saimiri sciureus,2,5,0,1 1 4,0 0 0,1 1 1,1 0 0,,1,5,3
Bolivien-Nachtaffe Aotus azarae,2,4,1,0 0 0,0 0 0,0 0 0,0 0 0,,3,4,0
Roter Springaffe Callicebus cupreus,2,1,1,0 0 0,0 0 0,0 0 0,0 0 0,,3,1,0
Schwarzer Brüllaffe Alouatta caraya,0,1,0,0 0 0,0 0 0,0 0 0,0 0 0,,0,1,0
Braunkopfklammeraffe Ateles fusciceps rufiventris,1,1,0,0 0 0,0 0 0,0 0 0,0 0 0,,1,1,0
Eulenkopf-Meerkatze Cercopithecus hamlyni,1,3,0,1 0 0,0 0 0,1 1 0,0 0 0,,1,2,0
