PASSIVA,2018,2017,Unnamed: 0
A.,EIGENKAPITAL,in €,in €
I.Gezeichnetes Kapital,,,
1.Grundkapital,"1.716.000,00","1.716.000,00",
2.Nennbetrag eigener Anteile,"-156,00","-832,00",
Summe Gezeichnetes Kapital,"1.715.844,00","1.715.168,00",
,"62.659,07",,
III.Gewinnrücklagen,,,
1.Gesetzliche Rücklage,"139.989,53","139.989,53",
2.Rücklagen für eigene Anteile,"156,00","832,00",
3.Andere Gewinnrücklagen,"58.447.702,84","55.756.316,72",
Summe Gewinnrücklagen,"58.587.848,37","55.897.138,25",
,"0,00",,
V.Jahresüberschuss,"3.410.112,12","2.691.386,12",
"63.776.463,56",,,
