VÖGEL,AVES,2016,geboren,Zugänge,gestorben,Abgabe,2017,Unnamed: 0,Unnamed: 1,Unnamed: 2,Unnamed: 3,Unnamed: 4,Unnamed: 5,Unnamed: 6,Unnamed: 7,Unnamed: 8,Unnamed: 9,Unnamed: 10,Unnamed: 11
Sperlingsvögel,Passeriformes,m,w,u,m,w,u,m,w,u,m,w,u,m,w,u,m,w,u
Goldbrüstchen,Amandava subflava,1,1,0,0,0,0,0,0,0,0,0,0,0,0,0,1,1,0
,Amandava amandava,1,1,0,0,0,0,0,0,0,0,0,0,0,0,0,1,1,
Rebhuhnastrild,Ortygospiza atricollis,1,0,0,0,0,0,0,0,0,0,0,0,0,0,0,1,0,0
,Neochmia ruficauda,0,1,0,0,0,0,3,0,0,1,1,0,0,0,0,2,0,
Zebrafink,Taeniopygia guttata,1,1,4,0,0,0,0,0,0,0,0,1,0,0,0,1,1,3
,Stizoptera bichenoviibichenovii,1,1,3,0,0,0,0,0,0,1,2,1,0,0,0,0,0,
Maskenamadine,Poephila personata,1,0,0,0,0,0,0,0,0,1,0,0,0,0,0,0,0,0
,Poephila acuticauda,1,2,0,0,0,0,0,0,0,1,0,0,0,0,0,0,2,
Gürtelgrasfink,Phoephila cincta,1,0,2,0,0,0,0,0,0,1,0,2,0,0,0,1,0,2
,Erythrura tricolor,2,3,0,0,0,0,0,0,0,1,1,0,0,0,0,1,2,
RotköpfigePapageiamadine,Erythrura cyaneovirens,1,1,0,0,0,0,0,0,0,0,0,0,0,0,0,1,1,0
,Erythura gouldiae,1,1,0,0,0,0,0,0,0,0,0,0,0,0,0,1,1,
Silberschnäbelchen,Euodice cantans,2,2,4,0,0,0,0,0,0,2,2,0,0,0,0,0,0,4
,Lonchura castaneothorax,1,1,0,0,0,0,0,0,0,0,0,0,0,0,0,1,1,
Reisfink,Padda oryzivora,0,0,36,0,0,0,0,0,0,0,0,3,2,2,0,1,1,27
,Serinus mozambica,1,1,0,0,0,0,0,0,0,0,0,0,0,0,0,1,1,
Rotkopfstärlinge,Amblyrhamphusholosericeus,0,1,0,0,0,0,0,0,0,0,0,0,0,0,0,0,1,0
,Cacicus haemorrhous,2,0,0,0,0,0,0,0,0,0,0,0,0,0,0,2,0,
Trauerpfäffchen,Sporophila luctuosa,1,0,0,0,0,0,0,0,0,0,0,0,0,0,0,1,0,0
,Tiaris canora,3,3,0,0,2,0,0,0,0,1,1,0,2,0,0,0,4,
Roter Kardinal,Cardinalis cardinalis,2,1,0,0,0,0,0,0,0,0,0,0,0,0,0,2,1,0
,Passerina caerulea,1,1,0,0,0,0,0,0,0,0,0,0,0,0,0,1,1,
Maskenpitpit,Dacnis lineata,1,2,0,0,0,0,0,0,0,0,1,0,0,0,0,1,1,0
,Ramphocelus bresilius,2,1,0,0,0,0,0,0,0,0,0,0,1,0,0,1,1,
Paradiestangare,Tangara chilensis,2,2,0,0,0,0,0,0,0,0,0,0,0,0,0,2,2,0
Thraupis episcopus,2,3,0,0,0,0,0,0,0,0,0,0,0,0,0,2,3,,
