VÖGEL,AVES,2020,geboren,Zugänge,gestorben,Abgabe,2021,Unnamed: 0,Unnamed: 1,Unnamed: 2,Unnamed: 3,Unnamed: 4,Unnamed: 5,Unnamed: 6,Unnamed: 7,Unnamed: 8,Unnamed: 9,Unnamed: 10,Unnamed: 11
,,,,,,,,,,,,,,,,,,,
Papageien,Psittaciformes,m,w,u,m,w,u,m,w,u,m,w,u,m,w,u,m,w,u
Mülleramazone,Amazona farinosa,1,0,0,0,0,0,0,0,0,0,0,0,1,0,0,0,0,0
,Amazona festiva bodini,1,1,0,0,0,0,0,0,0,0,0,0,0,0,0,1,1,
Kleiner Vasapapagei,Coracopsis nigra libs,1,1,0,0,0,0,0,0,0,0,0,0,0,0,0,1,1,0
,Psittacus e. erithacus,3,4,0,0,0,0,0,1,0,0,0,0,0,0,0,3,5,
Hyazinthara,Anodorhynchushyacinthinus,3,4,0,0,1,0,1,0,0,0,0,0,1,0,0,3,5,0
,Ara ambigua,2,2,0,0,0,0,0,0,0,0,1,0,0,0,0,2,1,
Grünflügelara,Ara chloroptera,1,0,0,0,0,0,0,0,0,0,0,0,0,0,0,1,0,0
,Ara glaucogularis,4,1,0,0,0,0,0,2,0,0,0,0,0,0,0,4,3,
Gelbflügelara,Ara macao,1,0,0,0,0,0,0,0,0,0,0,0,0,0,0,1,0,0
,Ara rubrogenys,1,1,0,0,0,0,0,0,0,0,0,0,0,0,0,1,1,
Jendayasittich,Aratinga jandaya,6,4,0,1,1,0,0,0,0,1,1,0,0,0,0,6,4,0
,Pyrrhura perlata,0,0,0,0,0,0,3,3,0,0,0,0,0,0,0,3,3,
Felsensittich,Caynoliseus patagonus,6,7,0,0,0,0,0,0,0,0,0,0,0,0,0,6,7,0
,Loriculus galgulus,2,0,0,0,0,0,2,2,0,0,0,0,0,0,0,4,2,
Nymphensittich,Nymphicus hollandicus,0,0,32,0,0,0,0,0,0,0,0,2,0,0,20,0,0,10
,Melopsittacus undulatus,0,0,58,0,0,5,0,0,0,0,0,5,0,0,30,0,0,
Eulen,Strigiformes,m,w,u,m,w,u,m,w,u,m,w,u,m,w,u,m,w,u
Maskeneule,Phodilus badius,3,3,0,1,2,0,1,0,0,3,1,0,1,1,0,1,3,0
,Athene noctua,1,0,0,0,0,0,0,0,0,0,0,0,0,0,0,1,0,
Fleckenuhu,Bubo a. africanus,1,0,0,0,0,0,0,0,0,0,0,0,0,0,0,1,0,0
,Bubo bubo bubo,0,1,0,0,0,0,0,0,0,0,0,0,0,0,0,0,1,
Turkmenenuhu,Bubo b. omissus,1,1,0,0,0,0,0,0,0,0,0,0,0,0,0,1,1,0
,Bubo b. sibiricus,1,1,0,0,0,0,0,0,0,1,1,0,0,0,0,0,0,
Kenia-Uhu,Bubo capensis mackinderi,1,1,0,0,0,0,0,0,0,0,0,0,0,0,0,1,1,0
,Bubo lacteus,1,1,0,0,0,0,0,0,0,0,0,0,0,0,0,1,1,
Nepal-Uhu,Bubo nipalensis blighi,1,1,0,0,0,0,0,0,0,0,0,0,0,0,0,1,1,0
,Bubo sumatranus,0,1,0,0,0,0,0,0,0,0,0,0,0,0,0,0,1,
Viginia-Uhu,Bubo virginianus,1,1,0,0,0,0,0,0,0,0,0,0,0,0,0,1,1,0
,Otus megalotis,1,1,0,1,1,0,0,0,0,0,0,0,0,0,0,2,2,
Westkreischeule,Otus kennicotti,1,4,0,1,2,0,0,0,0,2,0,0,0,5,0,0,1,0
,Ptilopsis granti,1,0,0,0,0,0,0,0,0,0,0,0,0,0,0,1,0,
Boobook-Kauz,Ninox boobook,1,1,0,0,0,0,0,0,0,0,0,0,0,0,0,1,1,0
,Strix chacoensis,1,0,0,0,0,0,1,2,0,1,0,0,0,0,0,1,2,
Brasilkauz,Strix hylophila,3,1,0,0,0,0,0,0,0,0,0,0,0,0,0,3,1,0
,Strix uralensis,1,1,0,0,0,0,1,1,0,0,0,0,0,0,0,2,2,
Rackenvögel,Coraciiformes,m,w,u,m,w,u,m,w,u,m,w,u,m,w,u,m,w,u
Haubenliest,Dacelo leachii,1,2,0,2,1,0,0,0,0,0,0,0,0,1,0,3,2,0
Merops nubicus nubicus,0,0,0,0,0,0,2,3,0,0,0,0,0,0,0,2,3,,
