VÖGEL,AVES,2020,geboren,Zugänge,gestorben,Abgabe,2021,Unnamed: 0,Unnamed: 1,Unnamed: 2,Unnamed: 3,Unnamed: 4,Unnamed: 5,Unnamed: 6,Unnamed: 7,Unnamed: 8,Unnamed: 9,Unnamed: 10,Unnamed: 11
Sperlingsvögel,Passeriformes,m,w,u,m,w,u,m,w,u,m,w,u,m,w,u,m,w,u
,,,,,,,,,,,,,,,,,,,
Purpurkehl-Kotinga,Cotinga cayana,0,1,0,0,0,0,0,0,0,0,0,0,0,1,0,0,0,0
,Hypsipetes leucocephalus,2,2,0,0,0,0,0,0,0,1,0,0,0,0,0,1,2,
Rotohrbülbül,Pycnonotus jocosus,4,5,0,0,0,2,0,0,0,0,2,0,1,1,0,3,2,2
,Irena puella,0,1,0,0,0,0,2,1,0,0,1,0,0,0,0,2,1,
Streifenlachdrossel,Babax lanceolatus,0,1,0,0,0,0,0,0,0,0,0,0,0,0,0,0,1,0
,Dryonastes courtoisi,1,5,0,0,0,0,0,0,0,0,0,0,0,0,0,1,5,
Augenbrauenhäherling,Garrulax canorus,2,2,0,0,0,3,0,0,0,0,0,1,0,0,0,2,2,2
,Dryonastes chinensis,1,1,0,0,0,0,0,0,0,0,0,0,0,0,0,1,1,
Weißhaubenhäherling,Garrulax leucolophus diardi,2,2,0,0,0,0,0,0,0,0,0,0,0,0,0,2,2,0
,Trochalopteron milnei,0,2,0,0,0,0,0,0,0,0,1,0,0,0,0,0,1,
Lätzchenhäherling,Garrulax monileger,1,0,0,0,0,0,0,0,0,0,0,0,0,0,0,1,0,0
,Dryonastes berthemyi,1,1,0,0,0,0,0,0,0,0,0,0,0,0,0,1,1,
Brustbandhäherling,Garrulax pectoralis,0,1,0,0,0,0,0,0,0,0,0,0,0,0,0,0,1,0
,Pterorhinus sannio,1,1,0,0,0,0,0,0,0,0,0,0,0,0,0,1,1,
Omeihäherling,Liocichla omeiensis,2,1,0,2,0,1,1,0,0,0,0,1,1,0,0,4,1,0
,Liocichla steerii,1,2,0,0,0,1,0,0,0,0,0,1,0,1,0,1,1,
Karminflügelhäherling,Liocichla ripponi,1,1,0,0,0,0,0,0,0,0,0,0,0,0,0,1,1,0
,Leiothrix lutea,0,0,0,0,0,0,2,0,0,1,0,0,0,0,0,1,0,
Silberohr-Sonnenvogel,Leiothrix argentauris,0,0,0,0,0,0,2,3,0,0,0,0,0,0,0,2,3,0
,Turdus dissimilis,1,0,0,0,0,0,1,1,0,0,0,0,0,0,0,2,1,
Weißbürzelschama,Kittacincla malabaricus,2,1,0,0,0,0,0,3,0,0,1,0,0,0,0,2,3,0
,Tangara cayana,6,1,0,0,0,0,0,0,0,1,0,0,5,1,0,0,0,
Siebenfarbentangare,Tangara chilensis,1,1,0,0,0,0,0,0,0,1,0,0,0,1,0,0,0,0
,Ramphocelus bresilius,1,0,0,0,0,0,0,1,0,0,0,0,1,1,0,0,0,
Schwarzkopf-Grünfink,Carduelis ambigua,1,0,0,0,0,0,0,0,0,0,0,0,0,0,0,1,0,0
,Carduelis carduelis caniceps,0,3,0,0,0,0,0,0,0,0,2,0,0,0,0,0,1,
Schwarzschwanz-kernbeißer,Eophona migratoria,2,1,0,0,0,0,0,0,0,0,1,0,0,0,0,2,0,0
,Serinus canaria f. domestica,0,0,30,0,0,21,0,0,0,0,0,15,0,0,0,0,0,
Textorweber,Ploceus cucullatus,0,0,0,0,0,0,17,17,0,0,2,0,0,0,0,17,15,0
,Taeniopygia guttata,0,0,97,0,0,45,0,0,0,0,0,36,0,0,38,0,0,
Balistar,Leucopsar rothschildi,0,3,0,0,0,0,0,0,0,0,2,0,0,0,0,0,1,0
,Sturnus contra,0,1,0,0,0,0,0,0,0,0,1,0,0,0,0,0,0,
Blauelster,Cyanopica cyanus,1,2,0,0,0,1,0,0,0,0,1,1,0,0,0,1,1,0
Urocissa erythrorhyncha,3,1,0,0,0,0,0,0,0,0,0,0,0,0,0,3,1,,
