A. EIGENKAPITAL in €,Unnamed: 0,2022,2021
I. Gezeichnetes Kapital,,,
1. Grundkapital,,"1.716.000,00","1.716.000,00"
2. Nennbetrag eigener Anteile,,"-1.716,00","-1.196,00"
,,"1.714.284,00","1.714.804,00"
II. Kapitalrücklage,,"62.659,07","62.659,07"
III. Gewinnrücklagen,,,
1. Gesetzliche Rücklage,,"139.989,53","139.989,53"
2. Rücklagen für eigene Anteile,,"1.716,00","1.196,00"
3. Andere Gewinnrücklagen,,"74.164.559,79","63.540.926,01"
,,"74.306.265,32","63.682.111,54"
IV. Bilanzgewinn,,"4.191.868,39","10.623.633,78"
SUMME EIGENKAPITAL,,"80.275.076,78","76.083.208,39"
B. SONDERPOSTEN FÜR INVESTITIONSZUSCHÜSSE ZUM ANLAGEVERMÖGEN,,"10.282.150,69","4.292.275,15"
C. RÜCKSTELLUNGEN,,,
1. Rückstellungen für betriebliche Altersversorgung,,,
und für ähnliche Verpflichtungen,,"23.925.120,87","23.093.322,07"
2. Sonstige Rückstellungen,,"1.366.689,65","2.204.623,91"
SUMME RÜCKSTELLUNGEN,,"25.291.810,52","25.297.945,98"
D. VERBINDLICHKEITEN,,,
1. Verbindlichkeiten gegenüber Kreditinstituten,,"3.000.000,00","3.000.000,00"
2. Erhaltene Anzahlungen auf Bestellungen,,"57.737,50","109.900,50"
3. Verbindlichkeiten aus Lieferungen und Leistungen,,"3.902.262,45","4.418.848,51"
4. Sonstige Verbindlichkeiten,,"6.692.090,45","2.866.354,81"
SUMME VERBINDLICHKEITEN,,"13.652.090,40","10.395.103,82"
E. RECHNUNGSABGRENZUNGSPOSTEN,,"1.133.525,00","1.176.284,24"
SUMME PASSIVA,,"130.634.653,39","117.244.817,58"
