VÖGEL,AVES,2018,geboren,Zugänge,gestorben,Abgabe,2019,Unnamed: 0,Unnamed: 1,Unnamed: 2,Unnamed: 3,Unnamed: 4,Unnamed: 5,Unnamed: 6,Unnamed: 7,Unnamed: 8,Unnamed: 9,Unnamed: 10,Unnamed: 11
Gänsevögel,Anseriformes,m,w,u,m,w,u,m,w,u,m,w,u,m,w,u,m,w,u
Spaltfußgans,Anseranas semipalmata,0,1,0,0,0,0,0,0,0,0,0,0,0,1,0,0,0,0
,Anser albrifons flavirostris,0,1,0,0,0,0,0,0,0,0,0,0,0,1,0,0,0,
Schneegans,Anser caerulescens,1,0,0,0,0,0,0,0,0,0,0,0,0,0,0,1,0,0
,Anser cygnoid,3,3,0,0,0,0,2,1,0,1,0,0,0,0,0,4,4,
Streifengans,Anser indicus,1,1,0,0,0,0,0,0,0,0,1,0,0,0,0,1,0,0
,Branta leucopsis,0,1,0,0,0,0,0,0,0,0,0,0,0,0,0,0,1,
Rothalsgans,Branta ruficollis,4,2,0,0,0,0,0,2,0,0,0,0,0,0,0,4,4,0
,Branta sandvicensis,2,3,0,0,0,0,0,0,0,0,0,0,0,0,0,2,3,
Blauflügelgans,Cyanochen cyanoptera,1,1,0,0,0,0,0,0,0,0,0,0,0,0,0,2,0,0
,Coscoroba coscoroba,2,1,0,0,0,0,0,0,0,0,0,0,1,0,0,1,1,
Singschwan,Cygnus cygnus,1,1,0,0,0,0,0,0,0,0,0,0,0,0,0,1,1,0
,Cygnus melancoryphus,0,1,0,0,0,0,0,0,0,0,1,0,0,0,0,0,0,
Mandarinente,Aix galericulata,5,3,0,0,0,0,0,0,0,5,3,0,0,0,0,0,0,0
,Aix sponsa,12,11,0,0,0,0,0,0,0,9,11,0,0,0,0,3,0,
Nilgans,Alopochen aegyptiacus,1,1,0,0,0,0,0,0,0,1,0,0,0,0,0,0,1,0
,Anas acuta,4,8,0,6,0,0,1,1,0,4,7,0,0,0,0,7,2,
Bahamaente,Anas bahamensis,11,4,0,0,0,0,0,0,0,3,0,0,0,0,0,8,4,0
,Anas bernieri,1,1,0,0,0,0,0,0,0,0,0,0,0,0,0,1,1,
Europäische Krickente,Anas crecca,1,1,0,0,0,0,0,0,0,0,0,0,0,0,0,1,1,0
,Anas flavirostris oxyptera,2,0,0,0,0,0,0,0,0,0,0,0,0,0,0,2,0,
Philippinenente,Anas luzonica,4,5,0,0,0,0,0,0,0,0,1,0,0,0,0,4,4,0
,Anas platyrhynchusf. domestica,4,5,0,2,0,4,0,0,0,1,0,4,1,0,0,4,5,
Gelbschnabelente,Anas undulata,1,0,0,0,0,0,0,0,0,0,0,0,0,0,0,1,0,0
,Aythya ferina,16,17,0,0,0,0,2,2,0,1,2,0,0,0,0,17,17,
Reiherente,Aythya fuligula,17,20,0,0,0,0,1,0,0,0,0,0,0,0,0,18,20,0
,Aythya marila,1,1,4,0,0,4,0,0,0,0,0,2,0,0,0,2,4,
Europäische Moorente,Aythya nyroca,37,28,0,0,0,0,0,5,0,5,28,0,0,0,0,32,5,0
,Bucephala clangula,1,0,0,0,0,0,0,2,0,0,0,0,0,0,0,1,2,
Rotschulterente,Callonetta leucophrys,5,4,0,0,0,0,0,0,0,1,1,0,4,3,0,0,0,0
,Mergellus albellus,0,1,0,0,0,0,1,0,0,0,0,0,0,0,0,1,1,
Kappensäger,Mergus cucullatus,2,2,0,0,0,0,0,0,0,0,0,0,0,0,0,2,2,0
,Mergus merganser,2,0,0,0,0,0,0,0,0,0,0,0,0,0,0,2,0,
Marmelente,Marmaronetta argustirostris,0,0,0,0,0,0,1,1,0,0,0,0,0,0,0,1,1,0
,Netta peposaca,8,10,0,0,0,0,0,0,0,4,6,0,0,0,0,4,4,
Kolbenente,Netta rufina,15,7,0,0,0,0,1,2,0,13,5,0,0,0,0,3,4,0
Oxyura j. jamaicensis,14,16,0,0,0,0,0,0,0,11,12,0,0,0,0,3,4,,
