VÖGEL,AVES,2015,geboren,Zugänge,gestorben,Abgabe,2016,Unnamed: 0,Unnamed: 1,Unnamed: 2,Unnamed: 3,Unnamed: 4,Unnamed: 5,Unnamed: 6,Unnamed: 7,Unnamed: 8,Unnamed: 9,Unnamed: 10,Unnamed: 11
Pfeifgänse,m,w,u,m,w,u,m,w,u,m,w,u,m,w,u,m,w,u,
Kuba-Pfeifgans,Dendrocygna arborea,4,3,0,4,2,0,0,0,0,0,0,0,0,0,0,0,1,0.0
,Dendrocygna bicolor,10,4,0,1,1,5,0,0,0,2,2,5,0,0,0,9,3,
Witwenpfeifgans,Dendrocygna viduata,26,33,8,1,4,13,0,0,0,1,1,2,0,0,12,26,36,7.0
Spaltfußgänse,m,w,u,m,w,u,m,w,u,m,w,u,m,w,u,m,w,u,
Spaltfußgans,Anseranas semipalmata,0,2,0,0,0,0,0,0,0,0,0,0,0,0,0,0,2,0.0
Echte Gänse,m,w,u,m,w,u,m,w,u,m,w,u,m,w,u,m,w,u,
Hausgans,Anser anser f. domestica,0,1,1,0,0,0,0,0,0,0,0,1,0,1,0,0,0,0.0
,Anser albrifons flavirostris,2,3,1,0,0,0,0,0,0,0,0,0,0,0,0,2,3,
Schneegans,Anser caerulescens,2,1,0,0,0,0,0,0,0,0,0,0,0,0,0,2,1,0.0
,Anser canagicus,3,1,0,0,0,0,0,0,0,0,0,0,1,0,0,2,1,
Schwanengans,Anser cygnoid,6,6,0,0,0,0,0,0,0,1,1,0,0,0,0,5,5,0.0
,Anser indicus,1,1,0,0,0,0,0,0,0,0,0,0,0,0,0,1,1,
Weißwangengans,Branta leucopsis,2,2,0,0,0,0,0,0,0,0,0,0,0,0,0,2,2,0.0
,Branta ruficollis,4,3,0,0,0,0,1,0,0,1,0,0,0,0,0,4,3,
Hawaiigans,Branta sandvicensis,3,3,0,0,0,0,0,0,0,0,0,0,0,0,0,3,3,0.0
Schwäne,m,w,u,m,w,u,m,w,u,m,w,u,m,w,u,m,w,u,
Coskorobaschwan,Coscoroba coscoroba,2,1,0,0,0,0,0,0,0,0,0,0,0,0,0,2,1,0.0
,Cygnus atratus,1,1,0,0,0,0,0,0,0,0,1,0,0,0,0,1,0,
Singschwan,Cygnus cygnus,1,0,0,0,0,0,0,0,0,0,0,0,0,0,0,1,0,0.0
,Cygnus melancoryphus,1,0,0,0,0,0,0,1,0,0,0,0,0,0,0,1,1,
Glanzenten,m,w,u,m,w,u,m,w,u,m,w,u,m,w,u,m,w,u,
Mandarinente,Aix galericulata,5,3,0,0,0,0,0,0,0,0,0,0,0,0,0,5,3,0.0
,Aix sponsa,13,14,0,0,0,0,0,0,0,1,1,0,0,0,0,12,13,
Nilgänse,m,w,u,m,w,u,m,w,u,m,w,u,m,w,u,m,w,u,
Nilgans,Alopochen aegyptiacus,3,3,0,0,0,0,0,0,0,0,0,0,1,1,0,2,2,0.0
Eigentliche Enten,m,w,u,m,w,u,m,w,u,m,w,u,m,w,u,m,w,u,
Spießente,Anas acuta,4,9,0,0,0,0,0,0,0,0,1,0,0,0,0,4,8,0.0
,Anas bahamensis,14,16,0,0,0,0,0,0,0,0,4,0,0,0,0,14,12,
Bernierente,Anas bernieri,2,1,0,0,0,0,0,0,0,0,0,0,0,0,0,2,1,0.0
,Anas crecca,1,3,0,0,0,0,0,0,0,0,1,0,0,0,0,1,2,
Spitzschwingenente,Anas flavirostris oxyptera,1,1,0,0,0,0,0,0,0,0,0,0,0,0,0,1,1,0.0
,Anas luzonica,9,12,0,3,3,0,0,0,0,1,2,0,0,0,0,11,13,
Indische Laufente,Anas platyrhynchus f.domestica,5,7,0,0,0,0,0,0,0,2,2,0,0,0,0,3,5,0.0
,Anas undulata,1,2,0,0,0,0,0,0,0,0,1,0,0,0,0,1,1,
Tafelente,Aythya ferina,13,12,0,5,8,0,0,0,0,2,1,0,0,0,0,16,19,0.0
,Aythya fuligula,18,23,0,0,0,0,0,0,0,0,0,0,0,0,0,18,23,
Eurasische Bergente,Aythya marila,1,1,0,0,0,3,0,0,0,0,0,0,0,0,0,1,1,3.0
Aythya nyroca,35,29,0,0,0,44,0,0,0,0,0,0,0,0,40,35,29,,
