Vor dem Hintergrund der Neuvergabe der Jahresabschluss-,Der Jahresabschluss 2022 wurde vom Vorstand aufgestellt
prüfung 2021 hat sich der Aufsichtsrat im Rahmen seiner,und einschließlich des Lageberichtes der Zoologischer
Beratungen zum Jahresabschluss 2021 insbesondere mit,Garten Berlin AG durch die Baker Tilly GmbH & Co. KG
der Qualität der Abschlussprüfung befasst und sich dazu,Wirtschaftsprüfungsgesellschaft unter Einbeziehung der
intensiv mit dem Abschlussprüfer auseinandergesetzt. Im,Buchführung und der notwendigen übrigen Informationen
Zusammenhang mit der Befassung zum Wirtschaftsplan,geprüft und mit dem uneingeschränkten Bestätigungsver-
standen neben den Kosten- und Erlösstrukturen vor allem,merk versehen. Die Prüfung hat zu keinen Beanstandungen
die Möglichkeiten zur Steuerung der Energiebeschaffungs-,geführt. In den Bilanzsitzungen des Wirtschaftsausschusses
kosten und der Umgang mit den zu erwartenden Preis- und,und des Aufsichtsrates wurden die Abschlussunterlagen
Baukostensteigerungen im Mittelpunkt. Ein wesentlicher,und der Prüfbericht umfassend diskutiert. Der Abschluss-
Schwerpunkt der Beratungen zum Wirtschaftsplan war,prüfer berichtete darüber hinaus über die wesentlichen
die Gestaltung der zukünftigen Eintrittspreisanpassungen.,Ergebnisse der Prüfung und stand für ergänzende Fragen
,und Auskünfte zur Verfügung. Der Aufsichtsrat hat auf
Weitere Themen der Beratungen mit dem Vorstand waren,Basis seiner eigenen Prüfung und nach Anhörung des
der Auf- und Ausbau des Vertriebes und des Gästeservices,Abschlussprüfers den Ergebnissen des Abschlussprüfers
sowie die Einführung eines einheitlichen Tiermanagements,zugestimmt und hatte keine Einwendungen zu erheben.
von Zoo Berlin und Tierpark Berlin und die damit verbun-,Der Aufsichtsrat hat den Jahresabschluss zum 31. Dezember
denen organisatorischen und personellen Veränderungen.,2022 in seiner Sitzung am 10. Mai 2023 festgestellt. Der
Darüber hinaus hat sich der Aufsichtsrat auch 2022 wei-,Aufsichtsrat befürwortete nach Abwägung aller relevanten
terhin unter Hinzuziehung rechtlicher Beratung mit der,Aspekte den Vorschlag des Vorstandes zur Verwendung
weiteren Aufarbeitung der Vorfälle im Zusammenhang,des Bilanzgewinns.
mit den Haufwerken bei der Tierpark Berlin-Friedrichsfelde,
GmbH im Geschäftsjahr 2013 und 2014 befasst. Vor dem,Die Zusammensetzung des Aufsichtsrates hat sich im Be-
Hintergrund des weiterhin noch nicht abgeschlossenen,richtsjahr 2022 nicht geändert. Die Hauptversammlung hat
Rechtsstreits ist der Aufsichtsrat nach Würdigung der,"Frau Maria Gleichmann-Pieroth, Frau Prof. Swantje Kühn"
gewonnenen Erkenntnisse sowie in Abstimmung mit den,"sowie die Herren Prof. Dr. Leo Brunnberg, Horst-Achim"
"rechtlichen Beratern zu dem Ergebnis gekommen, der",Kern und Prof. Dr. Klaus Neumann für weitere drei Jahre in
Hauptversammlung auch weiterhin keine Entlastung für,den Aufsichtsrat der Gesellschaft gewählt. Der Aufsichtsrat
das ehemalige Vorstandsmitglied Dr. Bernhard Blaszkiewitz,hat in seiner konstituierenden Sitzung am 29. Juni 2022
für die Geschäftsjahre 2013 und 2014 vorzuschlagen.,erneut Herrn Frank Bruckmann zum Vorsitzenden des
,Aufsichtsrates gewählt.
"Der Aufsichtsrat, das Präsidium des Aufsichtsrates so-",
wie der Wirtschafts- und der Beteiligungsausschuss des,Der Aufsichtsrat dankt dem Vorstand und den Mitarbeite-
Aufsichtsrates haben im Geschäftsjahr 2022 insgesamt,rinnen und Mitarbeitern für die in diesem herausfordernden
