SÄUGETIERE,MAMMALIA,2017,geboren,Zugänge,gestorben,Abgabe,2018,Unnamed: 0,Unnamed: 1,Unnamed: 2,Unnamed: 3,Unnamed: 4,Unnamed: 5,Unnamed: 6,Unnamed: 7,Unnamed: 8,Unnamed: 9,Unnamed: 10,Unnamed: 11
Paarhufer,Artiodactyla,m,w,u,m,w,u,m,w,u,m,w,u,m,w,u,m,w,u
,,,,,,,,,,,,,,,,,,,
OstchinesischerSchopfhirsch,Elaphodus cephalophusmichianus,1,6,0,2,0,0,0,0,0,2,0,0,0,3,0,1,3,0
,Hydropotes inermis inermis,1,0,0,0,0,0,0,0,0,0,0,0,0,0,0,1,0,
Milu,Elaphurus davidianus,3,8,0,2,1,0,0,0,0,0,1,0,0,0,0,5,8,0
,Cervus albirostris,2,7,0,2,1,0,0,0,0,0,0,0,1,1,0,3,7,
Burma-Leierhirsch,Cervus eldii thamin,0,6,0,2,3,0,1,0,0,2,3,0,0,0,0,1,6,0
,Cervus timorensis,1,5,0,0,0,2,0,0,0,0,1,2,0,0,0,1,4,
HinterindischerPferdehirsch,Cervus unicolor malaccensis,1,5,0,1,2,0,0,0,0,1,1,0,0,0,0,1,6,0
,Giraffa camelopardalis,0,5,0,0,0,0,0,0,0,0,0,0,0,0,0,0,5,
Rothschild-Giraffe,Giraffa camelopardalisrothschildi,1,1,0,0,1,0,0,0,0,0,0,0,0,0,0,1,2,0
,Boselaphus tragocamelus,0,3,0,0,0,0,1,0,0,0,0,0,0,0,0,1,3,
Sibirisches Moschustier,Moschus moschiferusmoschiferus,1,1,0,0,2,0,1,0,0,0,2,0,0,0,0,2,1,0
,,2,2,0,0,2,0,0,0,0,0,1,0,1,1,0,1,2,
SchottischesHochlandrind,,0,2,0,0,0,0,0,0,0,0,0,0,0,0,0,0,2,0
,,1,2,0,0,1,0,0,0,0,0,0,0,0,0,0,1,3,
Kaukasus-Zebu,,2,7,0,3,0,0,0,0,0,1,1,0,1,3,0,3,3,0
,,2,3,0,1,1,0,0,0,0,0,0,0,1,0,0,2,4,
Nellorezebu,,3,2,0,1,0,0,0,0,0,0,0,0,0,0,0,4,2,0
,,1,3,0,1,0,0,0,0,0,1,0,0,0,0,0,1,3,
Gayal,,3,7,0,4,1,0,0,0,0,1,1,0,2,0,0,4,7,0
,Syncerus caffer caffer,1,5,0,0,0,0,0,0,0,0,0,0,0,0,0,1,5,
Rotbüffel,Syncerus caffer nanus,2,8,0,0,0,0,0,0,0,0,0,0,0,0,0,2,8,0
,Bison bison athabascae,2,6,0,0,1,0,0,0,0,0,0,0,0,0,0,2,7,
Wisent,Bison bonasus,1,7,0,0,1,0,2,1,0,0,1,0,2,3,0,1,5,0
,Kobus ellipsiprymnusellipsiprymnus,4,4,0,1,1,0,0,0,0,1,1,0,3,0,0,1,4,
SüdafrikanischerBergriedbock,Redunca fulvorufulafulvorufula,2,2,0,0,2,0,0,1,0,0,3,0,0,0,0,2,2,0
,Oryx leucoryx,1,4,0,1,1,0,0,2,0,1,1,0,0,1,0,1,5,
Addax-Antilope,Addax nasomaculatus,2,4,0,0,2,0,0,0,0,0,1,0,1,0,0,1,5,0
,Gazella dama mhorr,1,9,0,3,2,0,0,0,0,3,3,0,0,0,0,1,8,
Südliche Giraffengazelle,Litocranius walleri walleri,1,2,0,0,1,0,0,0,0,0,1,0,0,0,0,1,2,0
,Budorcas taxicolor taxicolor,3,7,0,1,1,0,1,1,0,0,0,0,1,0,0,4,9,
Goldtakin,Budorcas taxicolor bedfordi,5,5,0,0,0,0,0,0,0,1,0,0,1,2,0,3,3,0
,Budorcas taxicolor tibetana,3,4,0,2,0,0,0,0,0,0,0,0,2,2,0,3,2,
Alaska-Moschusochse,Ovibos moschatusmoschatus,1,6,0,0,0,0,1,0,0,0,0,0,1,0,0,1,6,0
Naemorhedus griseusarnouxianus,1,6,0,1,1,0,0,0,0,1,1,0,0,0,0,1,6,,
