rung berufen. Der ehemaligen Geschäftsführung wurde auf-,II.11 UND 12
grund noch nicht vollständig geklärter Vorfälle im Geschäfts-,Directors & Officers-Versicherungen sind für den Aufsichtsrat
jahr 2013 für die Jahre 2013 und 2014 noch keine Entlastung,und mit gesetzlichem Selbstbehalt für die Geschäftsführung
erteilt. Die Geschäftsführung hat ausschließlich im Interesse,abgeschlossen worden.
des Unternehmens und dessen nachhaltiger Wertsteigerung,
gearbeitet; das Unternehmen benachteiligende Tätigkeiten,III. AUFSICHTSRAT
wurden nicht ausgeübt. Für die Einhaltung der gesetzlichen,III.1 UND 2
Bestimmungen wurde von der Geschäftsführung Sorge ge-,Der Aufsichtsrat hat seine Aufgaben nach dem Gesellschafts-
tragen. Die Geschäftsführung verfügt über Instrumente zum,vertrag und der Geschäftsordnung für den Aufsichtsrat
"Risikomanagement und Risikocontrolling, die ständig weiter-",wahrgenommen. Er wurde in Entscheidungen von grundle-
entwickelt werden. So erfolgt ein regelmäßiges Reporting an,gender Bedeutung für das Unternehmen einbezogen und
"den Aufsichtsrat, welches die wichtigsten Kennzahlen sowie",sah keinen ergänzenden Regelungsbedarf. Er hat über die im
einen Soll-Ist-Vergleich und einen Vergleich mit dem Vorjahr,Gesellschaftsvertrag und der Geschäftsordnung festgeleg-
