VERBINDLICHKEITEN,RESTLAUFZEITEN,Unnamed: 0,Unnamed: 1,Unnamed: 2,Unnamed: 3,Unnamed: 4,Unnamed: 5
,bis zu einem Jahr,zwischen einemund fünf Jahren,mehr als fünf Jahre,Gesamt,,,
,2016,2015,2016,2015,2016,2015,2016
,in €,in T€,in €,in T€,in €,in T€,in €
1.Erhaltene Anzahlungenauf Bestellungen,"88.217,00","95,2","0,00","0,0","0,00","0,0","88.217,00"
,"1.375.596,55","1.532,5","90.936,60","83,4","0,00","0,0",
"3.Sonstige Verbindlichkeiten- davon aus Steuern: 79.529,51 €(Vj.: 120,1 T€)- davon im Rahmen der sozialenSicherheit: 26.821,55 € (Vj.: 31,7 T€)","336.692,84","673,2","16.420,20","16,4","497.706,99","512,8","850.820,03"
"1.800.506,39","2.300,9","107.356,80","99,80","497.706,99","512,80",,
