KRIECHTIERE,REPTILIA,Artenzahl,Unnamed: 0,2018,Unnamed: 1,geboren,Zugänge,gestorben,Abgabe,Unnamed: 2,Unnamed: 3,2019,Unnamed: 4
,,,m,w,u,m w u,m w u,m w u,m w,u,m,w,u
Schnabelköpfe,Sphenodontia,1.0,1,3,0,0 0 0,0 0 0,0 0 0,0 0,0,1,3,0
Schildkröten,Testudines,12.0,11,14,29,0 0 0,0 0 6,0 0 10,0 0,0,11,14,25
Krokodile,Crocodylia,3.0,2,4,0,0 0 0,0 0 0,0 0 0,0 0,0,2,4,0
Echsen,Lacertilia,36.0,23,54,72,1 1 13,0 0 32,0 10 47,0 0,8,24,45,62
Schlangen,Serpentes,14.0,27,16,3,0 0 4,0 0 0,2 2 0,0 0,1,25,14,6
