D.,VERBINDLICHKEITEN,Unnamed: 0,Unnamed: 1
"1.Erhaltene Anzahlungen- davon mit einer Restlaufzeit bis zu einem Jahr: € 176.866,86 (Vorjahr: € 142.029,96)","176.866,86","142.029,96",
"2.Verbindlichkeiten aus Lieferungen und Leistungen- davon mit einer Restlaufzeit bis zu einem Jahr: € 2.519.551,62 (Vorjahr: € 3.405.682,11)","2.566.311,71","3.464.177,47",
"3.Verbindlichkeiten gegenüber verbundenen Unternehmen- davon mit einer Restlaufzeit bis zu einem Jahr: € 445.437,24 (Vorjahr: € 350.280,92)","2.201.046,16","2.105.889,84",
"4.Sonstige Verbindlichkeiten- aus Steuern: € 0,00 (Vorjahr: € 589,42)- im Rahmen der sozialen Sicherheit: € 2.961,39 (Vorjahr: € 3.355,45)- mit einer Restlaufzeit bis zu einem Jahr: € 958.574,52 (Vorjahr: € 78.931,60)","1.377.213,83","1.525.086,72",
me Verbindlichkeiten,"6.321.438,56","7.237.183,99",
