Die Europäischen Feldhamster benötigten über das kom-,Der Vogel litt unter einem stetig wachsenden Nieren-
plette Jahr 2022 eine veterinärmedizinische Betreuung. So,"karzinom, welches auf den das Bein versorgenden Nerv"
"erhielten alle Tiere einen Rundumcheck in Narkose, inklusive",drückte. Der Tumor füllte ca. ein Drittel der Körperhöhle
Geschlechtsbestimmung und Transponderimplantation.,aus. Der Königsfasan musste nach Erheben des Befundes
Hamster haben ein lebenslanges Zahnwachstum. Aufgrund,"euthanasiert werden, um ihm weitere Leiden zu ersparen."
"von Zahnfehlstellungen, vor allem bei den umgesetzten",Bei dem zweiten Fall handelte es sich um einen männlichen
"Wildfängen, mussten mehrfach Zahnkürzungen mittels","Swinhoe-Fasan, welcher immer wieder Blutbeimengun-"
Dremel® vorgenommen werden.,gen im Kot hatte. Bakteriologisch und parasitologisch
,war der Kot zunächst unauffällig. Der Vogel entwickelte
Eine längere Krankheitsphase musste die männliche Mada-,aber einen Kloakenprolaps. Unter Isofluran-Narkose und
gaskar-Riesenratte „Abony“ im Frühsommer 2022 überstehen.,Schmerzmittelgabe wurde eine Umfangsvermehrung am
Im Mai litt das Tier unter einer Konjunktivitis und Keratitis,Kloakenrand chirurgisch entfernt und die Kloake konnte in
"auf beiden Augen, welche durch das tägliche Einbringen",toto reponiert werden. Das entnommene Gewebe wurde
von antibiotischen Augensalben ausheilten. Ende Juni,zur histologischen Untersuchung eingesandt. Es handel-
verschlechterte sich der Allgemeinzustand der Ratte. Sie,te sich hierbei um ein tuberkulöses Granulom. Der vom
zeigte ein struppiges Fell und fraß nicht die gewohnten,Allgemeinzustand sehr gut erscheinende Fasan wurde
Futtermengen. Eine Blutuntersuchung ergab eine Leu-,"aufgrund dieses Befundes euthanasiert, um eine Ausbrei-"
"kozytose mit Neutrophilie, ein Hinweis auf das Bestehen",tung der Infektion innerhalb der Voliere einzudämmen. Bei
einer bakteriellen Infektion. Die zunächst eingeschlagene,der pathologischen Untersuchung im IZW wurden dann
Therapie mit Sulfonamiden und Infusionen zeigte nicht,zahlreiche tuberkulöse Granulome in diversen Organen
"den gewünschten Erfolg, sodass die Antibiose auf den",festgestellt. Zur Sicherheit wurden Kotproben der verblie-
Gyrasehemmer Enrof loxacin umgestellt wurde. Unter,benen Vögel in der Voliere auf Mycobacterium avium mittels
dieser Behandlung erholte sich das Tier vollkommen und,PCR untersucht. Glücklicherweise waren diese negativ.
konnte im Herbst mit einem Weibchen verpaart werden.,
,Eine weibliche Seychellen-Riesenschildkröte erhielt von
Im November 2022 kam es zu einer besonderen logistischen,Ende April bis Mitte Juli kontinuierlich Schmerzmittel. Ver-
Herausforderung für die Veterinäre und Tierpfleger*innen.,mutlich durch einen Deckakt kam es bei dem Tier zu einer
Elf weibliche Europäische Wisente wurden innerhalb von,linksseitigen Beckenfraktur. Mittels regelmäßiger CT-Scans
"fünf Stunden immobilisiert, veterinärmedizinisch untersucht",im IZW wurde der Heilungsprozess verfolgt. Nach gut drei
und es wurden diverse Proben entnommen. Dieser enorme,Monaten war die Fraktur ausgeheilt und die Schildkröte
"Aufwand war notwendig, damit zehn Tiere zwei Wochen",konnte sich ohne weitere Einschränkungen bewegen.
später erfolgreich in Aserbaidschan im Shahdag-National-,
"park, in Kooperation mit dem WWF, ausgewildert werden","Guido Fritsch und Dr. Susanne Holtze, Tierärzte am Institut"
konnten. Auf der zwei Tage dauernden Reise wurden die,"für Zoo- und Wildtierforschung (IZW) Berlin, haben den"
Wisente von einer Reviertierpflegerin und der Tierärztin,"tierärztlichen Vertretungsdienst im Tierpark Berlin gesichert,"
begleitet.,wofür wir uns herzlich bedanken. Ein weiterer Dank gilt
,den Mitarbeiter*innen des IZW (Direktor: Prof. Dr. Heribert
"Erwähnenswert sind auch zwei Erkrankungsfälle, die in","Hofer), in dem auch in diesem Jahr kostenlos alle Sektionen,"
der Fasanerie des Tierpark Berlin auftraten. Der männ-,sonografischen und computertomografischen Untersu-
liche Königsfasan zeigte auf dem linken Ständer eine,chungen durchgeführt wurden. Stellvertretend seien an
"intermittierende Lahmheit, welche zunächst durch Gabe",dieser Stelle die Pathologinnen Dr. Gudrun Wibbelt und
