VÖGEL,AVES,2016,geboren,Zugänge,gestorben,Abgabe,2017,Unnamed: 0,Unnamed: 1,Unnamed: 2,Unnamed: 3,Unnamed: 4,Unnamed: 5,Unnamed: 6,Unnamed: 7,Unnamed: 8,Unnamed: 9,Unnamed: 10,Unnamed: 11
Schreitvögel,Ciconiiformes,m,w,u,m,w,u,m,w,u,m,w,u,m,w,u,m,w,u
Weißstorch,Ciconia ciconia,1,1,0,0,0,0,0,0,0,0,0,0,0,0,0,1,1,0
,Leptoptilos crumenifer,2,2,0,0,0,0,0,0,0,1,0,0,0,0,0,1,2,
Roter Sichler,Eudocimus ruber,5,6,0,0,0,0,2,2,0,0,3,0,0,0,0,7,5,0
,Theristicus caudatus,1,1,1,0,0,0,0,0,0,1,0,0,0,0,0,0,1,
Waldrapp,Geronticus eremita,5,5,18,0,0,0,0,0,0,1,0,6,4,5,0,0,0,12
,Lophotibis cristata,1,1,0,0,0,0,0,0,0,0,0,0,0,0,0,1,1,
Löffler,Platalea leucorodia,0,1,2,0,0,0,0,0,0,0,0,0,0,0,0,0,1,2
,Bubulcus ibis,15,7,0,0,0,0,0,0,0,5,1,0,4,6,0,6,0,
Paddyreiher,Ardeola grayii,1,0,0,0,0,0,0,0,0,0,0,0,0,0,0,1,0,0
,Ardeola speciosa,3,2,0,0,0,0,0,0,0,2,0,0,0,0,0,1,2,
Kahnschnabel,Cochlearius cochlearius,1,1,0,0,0,0,0,1,0,0,1,0,0,0,0,1,1,0
,Ixobrychus minutus,5,3,0,0,0,0,0,0,0,1,0,0,2,0,0,2,3,
Ruderfüßer,Pelicaniformes,m,w,u,m,w,u,m,w,u,m,w,u,m,w,u,m,w,u
,Pelecanus conspicillatus,3,4,0,0,0,0,0,0,0,0,0,0,0,0,0,3,4,
Krauskopfpelikan,Pelecanus crispus,5,10,0,0,2,0,0,0,0,0,0,0,0,0,0,5,12,0
,Pelecanus erythrorhynchos,2,2,0,0,0,0,0,0,0,0,0,0,0,0,0,2,2,
Rötelpelikan,Pelecanus rufescens,4,4,0,0,0,0,0,0,0,0,0,0,0,0,0,4,4,0
Greifvögel,Falconiformes,m,w,u,m,w,u,m,w,u,m,w,u,m,w,u,m,w,u
Schopf-Karakara,Caracara plancus,1,1,0,0,0,0,0,0,0,0,0,0,0,0,0,1,1,0
,Aquila chrysaetos,1,1,0,0,0,0,0,0,0,0,0,0,0,0,0,1,1,
Bartgeier,Gypaetus barbatus,1,1,0,0,0,0,0,0,0,0,0,0,0,0,0,1,1,0
,Gypohierax angolensis,1,2,0,0,0,0,0,0,0,0,0,0,0,0,0,1,2,
Gänsegeier,Gyps fulvus,3,1,0,0,0,0,0,0,0,1,0,0,0,0,0,2,1,0
,Haliaetus leucocephalus,1,1,0,0,0,0,0,0,0,0,0,0,0,0,0,1,1,
Schreiseeadler,Haliaetus vocifer,0,1,0,0,0,0,0,0,0,0,0,0,0,0,0,0,1,0
,Haliastur indus,1,2,0,0,0,0,0,0,0,0,0,0,0,0,0,1,2,
Kappengeier,Necrosyrtes monachus,4,2,0,0,0,0,0,0,0,1,0,0,0,0,0,3,2,0
,Neophron percnopterus,1,1,0,0,0,0,0,0,0,0,0,0,0,0,0,1,1,
Wüstenbussard,Parabuteo unicinctus,0,1,0,0,0,0,0,0,0,0,0,0,0,0,0,0,1,0
,Terathopius ecaudatus,1,1,0,0,0,0,0,0,0,0,0,0,0,0,0,1,1,
Wollkopfgeier,Trigonoceps occipitalis,1,0,0,0,0,0,0,0,0,1,0,0,0,0,0,0,0,0
,Sarcoramphus papa,1,1,0,0,0,0,0,0,0,0,0,0,0,0,0,1,1,
Andenkondor,Vultur gryphus,1,2,0,0,0,0,0,0,0,0,0,0,0,0,0,1,2,0
Kranichvögel,Gruiformes,m,w,u,m,w,u,m,w,u,m,w,u,m,w,u,m,w,u
Senegaltrappe,Eupodotis senegalensis,1,0,0,0,0,0,0,0,0,0,0,0,0,0,0,1,0,0
,Rhynochetus jubatus,1,1,0,0,0,0,0,0,0,0,0,0,0,0,0,1,1,
Seriema,Cariama cristata,1,1,0,0,0,0,0,0,0,0,0,0,0,0,0,1,1,0
,Eurypyga helias,1,1,0,0,0,0,0,0,0,0,0,0,0,0,0,1,1,
Wachtelkönig,Crex crex,1,2,0,0,0,0,1,0,0,1,1,0,0,0,0,1,1,0
