VÖGEL,AVES,2019,geboren,Zugänge,gestorben,Abgabe,2020,Unnamed: 0,Unnamed: 1,Unnamed: 2,Unnamed: 3,Unnamed: 4,Unnamed: 5,Unnamed: 6,Unnamed: 7,Unnamed: 8,Unnamed: 9,Unnamed: 10,Unnamed: 11
Sperlingsvögel,Passeriformes,m,w,u,m,w,u,m,w,u,m,w,u,m,w,u,m,w,u
Serinus canaria f. domestica,0,0,28,0,0,0,0,0,11,0,0,9,0,0,0,0,0,,
Taeniopygia guttata,0,0,140,0,0,0,0,0,50,0,0,36,0,0,12,0,0,,
Leucopsar rothschildi,0,3,0,0,1,0,0,0,0,0,1,0,0,0,0,0,3,,
Sturnus contra,1,1,0,0,0,0,0,0,0,1,0,0,0,0,0,0,1,,
Cyanopica cyanus,1,1,0,0,0,0,0,1,3,0,0,3,0,0,0,1,2,,
Urocissa erythrorhyncha,1,1,0,0,0,0,2,0,2,0,0,2,0,0,0,3,1,,
