VÖGEL,AVES,2016,geboren,Zugänge,gestorben,Abgabe,2017,Unnamed: 0,Unnamed: 1,Unnamed: 2,Unnamed: 3,Unnamed: 4,Unnamed: 5,Unnamed: 6,Unnamed: 7,Unnamed: 8,Unnamed: 9,Unnamed: 10,Unnamed: 11
Papageien,Psittaciformes,m,w,u,m,w,u,m,w,u,m,w,u,m,w,u,m,w,u
,,,,,,,,,,,,,,,,,,,
Weißhaubenkakadu,Cacatua alba,1,0,0,0,0,0,0,0,0,0,0,0,0,0,0,1,0,0
,Cacatua goffini,1,1,0,0,0,0,0,0,0,0,0,0,0,0,0,1,1,
Molukkenkakadu,Cacatua moluccensis,1,1,0,0,0,0,0,0,0,0,0,0,0,1,0,1,0,0
,Cacatua sanguinea,4,4,0,0,0,0,0,0,0,0,0,0,0,2,0,4,2,
Nasenkakadu,Cacatua tenuirostris,1,0,0,0,0,0,0,0,0,1,0,0,0,0,0,0,0,0
,Lorius chlorocercus,3,1,0,0,0,0,0,0,0,0,0,0,0,0,0,3,1,
Mitchell-Allfarblori,Trichoglossus forstenimitchellii,0,0,0,0,0,0,2,2,0,0,0,0,0,0,0,2,2,0
,Eclectus roratus vosmaeri,1,1,0,0,0,0,0,0,0,0,0,0,0,0,0,1,1,
Chinasittich,Psittacula derbiana,0,1,0,0,0,0,0,0,0,0,0,0,0,0,0,0,1,0
,Agapornis fischeri,1,1,0,0,0,0,0,0,0,0,0,0,0,0,0,1,1,
Rosenköpfchen,Agapornis roseicollis,0,0,60,0,0,17,0,0,0,0,0,16,0,0,0,0,0,61
,Amazona collaria,2,2,0,0,0,0,0,0,0,0,0,0,0,0,0,2,2,
Goldmaskenamazone,Amazona d. dufresniana,0,1,0,0,0,0,0,0,0,0,0,0,0,0,0,0,1,0
,Amazona farinosa,1,0,0,0,0,0,0,0,0,0,0,0,0,0,0,1,0,
Bodinus-Amazone,Amazona festiva bodini,1,2,0,1,1,0,0,0,0,0,0,0,0,1,0,2,2,0
,Amazona l. leucocephala,2,2,0,0,0,0,0,0,0,0,0,0,2,1,0,0,1,
Kleiner Vasapapagei,Coracopsis nigra libs,1,1,0,0,0,0,0,0,0,0,0,0,0,0,0,1,1,0
,Psittacus e. erithacus,3,2,0,0,0,0,0,0,0,1,0,0,0,0,0,2,2,
Hyazinthara,Anodorhynchushyacinthinus,4,3,0,0,0,0,0,0,0,0,0,0,1,1,0,3,2,0
,Ara ambigua,2,2,0,0,0,0,0,0,0,0,0,0,0,0,0,2,2,
Ararauna,Ara ararauna,1,3,0,0,1,2,0,0,0,0,0,0,1,4,0,1,1,0
,Ara chloroptera,1,0,0,0,0,0,0,0,0,0,0,0,0,0,0,1,0,
Gebirgsara,Ara couloni,2,2,0,0,0,0,0,0,0,0,1,0,0,0,0,2,1,0
,Ara glaucogularis,2,1,0,0,0,0,0,0,0,0,0,0,0,0,0,2,1,
Gelbflügelara,Ara macao,1,0,0,0,0,0,0,0,0,0,0,0,0,0,0,1,0,0
,Ara rubrogenys,1,1,0,0,1,0,0,0,0,0,1,0,0,0,0,1,1,
Jendayasittich,Aratinga jandaya,4,6,0,0,0,0,0,0,0,0,1,0,0,0,0,4,5,0
,Caynoliseus patagonus,2,2,0,0,0,0,6,6,0,0,1,0,0,0,0,8,7,
Nymphensittich,Nymphicus hollandicus,0,0,38,0,0,1,0,0,0,0,0,1,0,0,0,0,0,38
,Melopsittacus undulatus,0,0,88,0,0,0,0,0,0,0,0,34,0,0,2,0,0,
Kuckucksvögel,Cuculiformes,m,w,u,m,w,u,m,w,u,m,w,u,m,w,u,m,w,u
Rothaubenturako,Tauraco erythrolophus,0,1,0,0,0,0,0,0,0,0,0,0,0,1,0,0,0,0
,Tauraco leucotis,1,1,1,0,2,0,0,0,0,1,1,1,0,1,0,0,1,
Rennkuckuck,Geococcyx californianus,1,0,0,0,0,0,0,0,0,0,0,0,1,0,0,0,0,0
Eulen,Strigiformes,m,w,u,m,w,u,m,w,u,m,w,u,m,w,u,m,w,u
Maskeneule,Phodilus badius,3,3,0,2,4,0,0,0,0,0,0,0,2,3,0,3,4,0
,Athene noctua,1,1,0,0,0,0,0,0,0,0,1,0,0,0,0,1,0,
Fleckenuhu,Bubo a. africanus,1,0,0,0,0,0,0,0,0,0,0,0,0,0,0,1,0,0
