VÖGEL,AVES,2019,geboren,Zugänge,gestorben,Abgabe,2020,Unnamed: 0,Unnamed: 1,Unnamed: 2,Unnamed: 3,Unnamed: 4,Unnamed: 5,Unnamed: 6,Unnamed: 7,Unnamed: 8,Unnamed: 9,Unnamed: 10,Unnamed: 11
Pinguine,Sphenisciformes,m,w,u,m,w,u,m,w,u,m,w,u,m,w,u,m,w,u
,Aptenodytes patagonica,5,1,0,0,0,0,0,0,0,1,0,0,0,0,0,4,1,
,Eudyptes chrysocome,2,4,0,0,0,0,0,0,0,0,1,0,0,0,0,2,3,
,Spheniscus demersus,10,10,1,1,2,1,0,0,0,3,6,0,0,0,0,9,7,
,Spheniscus humboldti,8,7,0,1,0,0,0,0,0,1,0,0,0,0,0,8,7,
Flamingos,Phoenicopteriformes,m,w,u,m,w,u,m,w,u,m,w,u,m,w,u,m,w,u
,Phoeniconaias minor,19,10,0,0,0,0,0,0,0,1,1,0,0,0,0,18,9,
,Phoenicoparrus andinus,7,6,0,0,0,0,0,0,0,0,1,0,0,0,0,7,5,
,Phoenicoparrus jamesi,2,5,0,0,0,0,0,0,0,1,0,0,0,0,0,1,5,
,Phoenicopterus chilensis,11,13,0,0,0,0,0,0,0,0,1,0,0,0,0,11,12,
,Phoenicopterus ruber roseus,16,9,0,0,0,0,0,0,0,0,1,0,0,0,0,16,8,
Schreitvögel,Ciconiiformes,m,w,u,m,w,u,m,w,u,m,w,u,m,w,u,m,w,u
,Scopus umbretta,1,1,0,0,0,0,0,0,0,0,0,0,0,0,0,1,1,
,Ciconia nigra,0,1,0,0,0,0,1,0,0,1,0,0,0,0,0,0,1,
,Ciconia abdimii,5,9,0,1,2,0,0,0,0,0,0,0,1,2,0,5,9,
,Ciconia ciconia,1,1,0,0,0,0,0,0,0,0,0,0,0,0,0,1,1,
,Leptoptilos crumenifer,1,1,0,0,0,0,0,0,0,0,0,0,0,0,0,1,1,
,Theristicus caudatus,0,1,0,0,0,0,0,0,0,0,0,0,0,0,0,0,1,
,Geronticus eremita,11,9,0,2,1,0,0,0,0,0,1,0,2,1,0,11,8,
,Lophotibis cristata,2,1,1,0,0,0,0,0,0,1,1,0,0,0,0,1,0,
,Platalea leucorodia,2,0,0,0,0,0,5,5,0,3,1,0,0,0,0,4,4,
,Bubulcus ibis,6,1,0,0,0,0,0,0,0,0,0,0,0,0,0,6,1,
,Ardeola grayii,1,0,0,0,0,0,0,0,0,0,0,0,0,0,0,1,0,
,Ardeola speciosa,2,1,0,0,0,0,0,0,0,1,0,0,0,0,0,1,1,
,Ixobrychus minutus,1,1,0,0,0,1,0,0,0,0,0,0,0,0,0,1,1,
Ruderfüßer,Pelicaniformes,m,w,u,m,w,u,m,w,u,m,w,u,m,w,u,m,w,u
,Pelecanus conspicillatus,2,4,0,0,0,0,0,0,0,0,0,0,0,0,0,2,4,
,Pelecanus crispus,8,7,0,1,1,0,0,0,0,0,0,0,5,0,0,4,8,
,Pelecanus erythrorhynchos,2,2,0,0,0,0,0,0,0,0,0,0,0,0,0,2,2,
,Pelecanus rufescens,4,3,0,0,0,0,0,0,0,0,0,0,0,0,0,4,3,
Greifvögel,Falconiformes,m,w,u,m,w,u,m,w,u,m,w,u,m,w,u,m,w,u
Caracara plancus,1,1,0,0,0,0,0,0,0,0,0,0,0,0,0,1,1,,
Aquila chrysaetos,1,2,0,0,0,0,0,0,0,0,0,0,0,0,0,1,2,,
Gypaetus barbatus,1,1,0,1,0,1,0,0,0,0,0,1,0,0,0,2,1,,
Gypohierax angolensis,1,2,0,0,0,0,0,0,0,0,0,0,0,0,0,1,2,,
Gyps fulvus,3,1,0,0,0,0,0,2,0,0,0,0,0,0,0,3,3,,
Haliaetus leucocephalus,1,1,0,0,0,0,0,0,0,0,0,0,1,1,0,0,0,,
Haliaetus vocifer,0,1,0,0,0,0,0,0,0,0,0,0,0,0,0,0,1,,
Necrosyrtes monachus,3,2,0,0,0,0,0,0,0,0,0,0,0,0,0,3,2,,
Neophron percnopterus,1,1,0,0,0,0,0,0,0,0,0,0,0,0,0,1,1,,
