VÖGEL,AVES,2015,Zugänge,geboren,gestorben,Abgabe,2016,Unnamed: 0,Unnamed: 1,Unnamed: 2,Unnamed: 3,Unnamed: 4,Unnamed: 5,Unnamed: 6,Unnamed: 7,Unnamed: 8,Unnamed: 9,Unnamed: 10,Unnamed: 11
Sperlingsvögel,Passeriformes,m,w,u,m,w,u,m,w,u,m,w,u,m,w,u,m,w,u
Weißhalshäherling,Garrulax strepitans,1,0,0,0,0,0,0,0,0,0,0,0,1,0,0,0,0,0
,Liocichla omeiensis,1,1,0,1,1,0,0,0,0,0,0,0,0,0,0,2,2,
Karminflügelhäherling,Liocichla ripponi,1,1,0,0,0,0,0,0,0,0,0,0,0,0,0,1,1,0
,Leiothrix lutea,0,1,0,0,0,0,0,0,0,0,1,0,0,0,0,0,0,
Purpurpfeifdrossel,Myophonus caeruleus,1,1,0,0,0,0,0,0,0,1,0,0,0,0,0,0,1,0
,Turdus dissimilis,2,3,0,0,0,0,0,0,0,0,0,0,0,1,0,2,2,
Sibirische Drossel,Zoothera sibirica,1,1,0,0,0,0,0,0,0,0,0,0,0,0,0,1,1,0
,Entomyzon cyanotis,1,1,0,0,0,0,0,1,0,0,0,0,0,0,0,1,2,
Kleiner Kubafink,Tiaris canora,0,1,0,0,0,0,0,0,0,0,1,0,0,0,0,0,0,0
,Tiaris olivaceus,1,0,0,0,0,0,0,0,0,0,0,0,0,0,0,1,0,
Rotsteiß-Gimpelfink,Loxigilla violacea,4,0,0,0,0,0,0,0,0,1,0,0,0,0,0,3,0,0
,Coryphospingus cucullatus,1,0,0,0,0,0,0,0,0,0,0,0,0,0,0,1,0,
Türkisnaschvogel,Cyanerpes cyaneus,2,1,0,0,0,0,0,0,0,2,0,0,0,0,0,0,1,0
,Euphonia violacea,2,1,0,0,0,0,0,0,4,1,0,4,0,0,0,1,1,
Purpurtangare,Ramphocelus breselius,1,1,0,0,0,0,0,0,0,0,0,0,0,0,0,1,1,0
,Tangara chilensis,0,0,0,2,2,0,0,0,0,0,0,0,0,0,0,2,2,
Grüntangare,Tangara gyrola,1,0,0,0,0,0,0,0,0,0,0,0,0,0,0,1,0,0
,Tersina viridis,0,0,0,2,2,0,0,0,0,0,1,0,0,0,0,2,1,
Furchentangare,Thraupis bonariensis,2,1,0,0,0,0,0,0,0,1,0,0,0,0,0,1,1,0
,Psaracolius decumanus,1,3,0,0,0,0,0,0,2,0,0,0,0,0,0,1,3,
Schwarzkopf-Grünfink,Carduelis ambigua,3,2,0,0,0,0,1,0,1,1,1,1,0,0,0,3,1,0
,Carduelis carduelis caniceps,3,0,0,0,0,0,0,0,0,0,0,0,0,0,0,3,0,
Haiti-Zeisig,Carduelis dominicensis,3,1,0,0,0,0,0,0,0,1,0,0,0,0,0,2,1,0
