AKTIVA,2018,2017,Unnamed: 0
A.,ANLAGEVERMÖGEN,in €,in €
"I.Immaterielle Vermögensgegenstände, gewerblicheSchutzrechte und ähnliche Rechte und Werte","244.176,00","116.202,00",
II.Sachanlagen,,,
1.Grundstücke und Bauten,"39.195.149,00","36.442.462,00",
2.Technische Anlagen und Maschinen,"2.009.074,00","1.888.071,00",
"3.Andere Anlagen, Betriebs- und Geschäftsausstattung","1.831.222,00","1.712.442,00",
4.Geleistete Anzahlungen und Anlagen im Bau,"3.678.218,41","3.822.491,72",
Summe Sachanlagen,"46.713.663,41","43.865.466,72",
,,,
,"1.755.608,92",,
,"11.449.068,19",,
,"1.120,00",,
,"13.205.797,11",,
Summe Anlagevermögen,"60.163.636,52","45.982.268,72",
