Moorenten gemeinsam mit Ornithologen der Universität,Tierpark Cottbus ergänzt. Die in den vergangenen Jahren
Wroclaw an den Milicz-Teichen etwa 60 km nordöstlich von,verlässlich züchtenden und in der Natur stark gefährdeten
Wroclaw ausgewildert und sollen die kleine lokale Popu-,Schuppensäger (Mergus squamatus) hatten vier Nachzuchten
lation stärken und vergrößern. Bei den Madagaskarenten,"im Mai, von welchen zwei aufgezogen werden konnten."
(Anas melleri) hielt der Tierpark Berlin nur noch drei Ge-,Sehr bedauerlich ist der Verlust der letzten beiden männ-
schwistertiere. Um mit dieser stark bedrohten Entenart in,"lichen Kragenenten (Histrionicus histrionicus), sodass diese"
"Zukunft wieder züchten zu können, wurde der Erpel an",schöne Meeresente erst mal nicht mehr im Bestand des
den Parc Merveilleux in Luxemburg abgegeben. Aus dem,Tierpark Berlin ist.
"Tierpark Ströhen kam dafür ein junger Erpel nach Berlin,",
"sodass jetzt drei (1,2) geeignete Tiere im Bestand leben.",Greifvögel
Da die Marmelenten (Marmaronetta angustirostris) mit 19,Die große Geiervoliere am Alfred-Brehm-Haus war während
geschlüpften Jungtieren wieder für zahlreichen Nachwuchs,des Berichtsjahres Mittelpunkt einer Studie des benachbar-
"sorgten, konnten auch wieder viele Marmelenten, diesjäh-",ten Leibniz-Instituts für Zoo- und Wildtierforschung (IZW).
rige wie letztjährige Nachzuchten an andere Einrichtungen,Wissenschaftler des Forschungsprojektes GAIA-Initiative
"abgegeben werden, darunter der GaiaZoo Kerkrade (Nieder-","wollen eine neue Generation von Tiersendern entwickeln,"
"lande), der Münchner Tierpark Hellabrunn und der Tierpark","die durch künstliche Intelligenz in der Lage sind, auch Ver-"
Germendorf. Weitere letztjährige Nachzuchten diverser,"haltensweisen auszuwerten, die bei der Erforschung und"
Arten übernahm ebenfalls der Tierpark Germendorf: vier,dem Schutz von Geiern in ihren natürlichen Lebensräumen
"(2,2) Blaue Schneegänse (Anser c. caerulescens), der Tierpark",enorm wichtig sind. Die beiden Weißrückengeier (Gyps
"Delitzsch: einen (0,1) Schwarzhalsschwan (Cygnus melanoco-",africanus) des Tierparks Berlin wurden dazu im Frühjahr
"ryphus) sowie der Zoo Stralsund: eine (1,0) Spießente (Anas","mit Sendern versehen, die wie kleine Rucksäcke auf den"
"acuta) und drei (2,1) Peposakaenten (Netta peposaca). Für",Rücken geschnallt wurden. Die Verhaltensweisen beim
die Afrikavoliere wurde der Bestand an Rotschnabelenten,Fressen wurden mittels Kameras aufgenommen und an
"(Anas erythrorhyncha) mit vier (2,2) Nachzuchten aus dem",die Daten des Senders gekoppelt. Zeitgleich wurde auch
