SÄUGETIERE,MAMMALIA,2016,geboren,Zugänge,gestorben,Abgabe,2017,Unnamed: 0,Unnamed: 1,Unnamed: 2,Unnamed: 3,Unnamed: 4,Unnamed: 5,Unnamed: 6,Unnamed: 7,Unnamed: 8,Unnamed: 9,Unnamed: 10,Unnamed: 11
,,,,,,,,,,,,,,,,,,,
,,,,,,,,,,,,,,,,,,,
Halsbandmaki,Eulemur collaris,1,1,0,0,1,0,0,0,0,0,1,0,0,0,0,1,1,0
,Eulemur macaco macaco,1,1,0,0,0,0,0,0,0,0,0,0,0,0,0,1,1,
Mongozmaki,Eulemur mongoz,1,1,0,0,0,0,1,0,0,1,0,0,0,0,0,1,1,0
,Eulemur rubriventer,1,2,0,0,1,0,0,0,0,0,0,0,0,0,0,1,3,
Katta,Lemur catta,1,2,0,0,0,0,1,0,0,1,0,0,0,0,0,1,2,0
,Varecia variegata rubra,3,1,0,0,0,0,0,0,0,0,0,0,0,0,0,3,1,
Schwarzweißer Vari,Varecia variegata variegata,4,2,0,0,0,0,0,0,0,0,0,0,0,0,0,4,2,0
,Mico argentatus,2,2,0,1,2,1,0,0,0,1,0,1,1,0,0,1,4,
Kaiserschnurrbarttamarin,Saguinus imperatorsubgrisescens,1,2,0,0,0,0,0,0,0,0,0,0,0,0,0,1,2,0
,Saguinus midas,4,0,0,0,0,0,0,0,0,1,0,0,1,0,0,2,0,
Gelbbrustkapuziner,Cebus xanthosternos,7,2,0,0,0,0,0,0,0,0,0,0,3,0,0,4,2,0
,Pithecia pithecia,2,0,0,0,0,0,0,0,0,1,0,0,0,0,0,1,0,
Roter Brüllaffe,Alouatta seniculus,3,2,0,0,0,0,0,0,0,0,0,0,0,0,0,3,2,0
,Cercocebus torquatustorquatus,2,2,0,0,1,0,0,0,0,0,0,0,0,0,0,2,3,
Dianameerkatze,Cercopithecus diana,1,3,0,1,0,0,0,0,0,1,0,0,0,0,0,1,3,0
,Theropithecus gelada,4,10,0,1,1,0,2,0,0,0,1,0,0,0,0,7,10,
Rotgesichtsmakak,Macaca fuscata,10,6,0,0,2,0,0,0,0,1,0,0,0,0,0,9,8,0
,Macaca nemestrinanemestrina,7,0,0,0,0,0,0,0,0,0,0,0,0,0,0,7,0,
Berberaffe,Macaca sylvanus,6,8,0,0,0,0,0,0,0,0,1,0,0,0,0,6,7,0
,Hylobates lar,2,2,0,0,0,0,0,0,0,0,0,0,0,0,0,2,2,
,,,,,,,,,,,,,,,,,,,
Nagetiere,Rodentia,m,w,u,m,w,u,m,w,u,m,w,u,m,w,u,m,w,u
Schwarzschwanz-Präriehund,Cynomys ludovicianus,0,0,15,0,0,3,0,0,0,0,0,4,0,0,0,0,0,14
,Tamiops macclellandi,1,1,0,0,0,0,0,0,0,0,1,0,0,0,0,1,0,
ChinesischerZwerghamster,Cricetulus griseus,3,6,5,0,0,69,0,0,0,1,0,58,2,5,0,0,1,16
,Microtus guentheri,3,7,0,2,0,10,0,0,0,0,3,10,0,0,0,5,4,
Kreta-Stachelmaus,Acomys minous,3,6,0,0,3,0,0,0,0,0,0,1,0,0,0,0,3,8
,Arvicanthis neumanni,3,7,0,0,0,74,0,0,0,0,0,27,2,5,0,15,11,
Vielstreifen-Grasmaus,Lemniscomys barbarus,4,10,0,0,0,50,0,0,0,1,1,0,7,14,0,0,0,41
Hystrix leucura,2,3,0,0,1,0,0,0,0,0,1,0,0,0,0,2,3,,
