VÖGEL,AVES,2017,geboren,Zugänge,gestorben,Abgabe,2018,Unnamed: 0,Unnamed: 1,Unnamed: 2,Unnamed: 3,Unnamed: 4,Unnamed: 5,Unnamed: 6,Unnamed: 7,Unnamed: 8,Unnamed: 9,Unnamed: 10,Unnamed: 11
Sperlingsvögel,Passeriformes,m,w,u,m,w,u,m,w,u,m,w,u,m,w,u,m,w,u
Purpurtangare,Ramphocelus breselius,1,1,0,0,0,0,0,0,0,0,0,0,1,1,0,0,0,0
,Tangara chilensis,1,2,0,0,0,0,0,0,0,0,0,0,0,0,0,1,2,
Grüntangare,Tangara gyrola,1,0,0,0,0,0,0,0,0,0,0,0,0,0,0,1,0,0
,Tersina viridis,1,0,0,0,0,0,0,0,0,1,0,0,0,0,0,0,0,
Furchentangare,Thraupis bonariensis,1,1,0,0,0,0,0,0,0,0,0,0,0,0,0,1,1,0
,Psaracolius decumanus,1,2,0,0,0,1,0,0,0,0,0,2,0,0,0,0,0,
Schwarzkopf-Grünfink,Carduelis ambigua,3,1,0,0,0,0,0,0,0,0,1,0,0,0,0,3,0,0
,Carduelis carduelis caniceps,0,0,3,0,0,0,0,0,0,0,0,0,0,0,0,0,0,
Haiti-Zeisig,Carduelis dominicensis,2,2,0,0,0,0,0,0,0,0,0,0,2,2,0,0,0,0
,Eophona migratoria,2,3,0,1,0,0,0,0,0,0,2,0,0,0,0,3,1,
Weißflügelgimpel,Rhodopechys obsoleta,2,0,0,0,0,0,1,4,0,2,4,0,0,0,0,1,0,0
,Serinus canaria f. domestica,0,0,16,0,0,0,0,0,30,0,0,19,0,0,0,0,0,
Zebrafink,Taeniopygia guttata,0,0,104,0,0,69,0,0,0,0,0,32,0,0,0,0,0,141
,Creatophora cinerea,2,1,0,0,0,0,0,0,0,0,0,0,2,1,0,0,0,
Balistar,Leucopsar rothschildi,1,0,0,0,0,0,0,0,0,0,0,0,1,0,0,0,0,0
,Onychognathus morio,1,1,0,0,0,0,0,0,0,0,0,0,1,1,0,0,0,
Schmalschnabelstar,Scissirostrum dubium,1,0,0,0,0,0,0,0,0,1,0,0,0,0,0,0,0,0
,Spreo superbus,7,11,0,0,0,0,0,0,0,3,5,0,4,6,0,0,0,
Königsglanzstar,Cosmopsarus regius,1,0,0,0,0,0,0,0,0,0,1,0,1,0,0,0,0,0
,Sturnus roseus,1,1,0,0,0,0,0,0,0,0,1,1,0,0,0,0,0,
Blauelster,Cyanopica cyanus,1,1,0,0,0,1,0,0,0,0,0,1,0,0,0,1,1,0
Urocissa erythrorhyncha,1,1,0,0,0,0,0,0,0,0,0,0,0,0,0,1,1,,
