Veränderungen von konkreten Futtermischungen. Bis heute,Zur Früherkennung und effektiven Steuerung dieser Ri-
wird an diesem bewussten Einkauf festgehalten. Hinsicht-,siken und deren Auswirkungen wurde im Jahr 2016 ein
lich der Futterfische bezieht der Tierpark Berlin bevorzugt,"Risikomanagementsystem eingeführt, das eine bereichs-"
MSC-Meeresfische wie Heringe oder Sprotten. Weiter werden,übergreifende Risikoidentifizierung mit einheitlicher Bewer-
regionale Anbieter beim Saftfutter genutzt. Ebenfalls wird im,"tung und Einstufung in Risikoklassen, die Risikosteuerung"
Tierpark Berlin vermehrt Bio-Rindfleisch angenommen und,mit der Festlegung geeigneter Handlungsoptionen und
"zukünftig soll regionaler Bambusanbau erfolgen, wodurch",eine regelmäßige interne und externe Berichterstattung
lange Transportwege vermieden werden. Bei allen Vorgän-,"beinhaltet. Dieses ergänzt die bestehenden Systeme,"
"gen werden die Bestellmengen so kalkuliert, dass keine",die aus einem effektiven Controllingsystem und einem
unnötigen Transportwege absolviert werden müssen. Auch,laufend weiterzuentwickelnden internen Kontrollsystem
in der Gastronomie werden bevorzugt regionale Produkte,"bestehen. Eine Aktualisierung, Auswertung und Bewertung"
mit kurzen Anfahrtswegen genutzt. Neben der Nutzung,der Ergebnisse der Risikobetrachtung erfolgt mindestens
des Recup-Pfandsystems in der Gastronomie verwendet,einmal jährlich.
Marché seit Ende 2022 auch Mehrwegbehältnisse der Marke,
"„Re-bowl“ für Speisen, die an den Kiosken verkauft werden.",Die Bewertung der Risiken 2022 wurde insbesondere unter
,Würdigung der nach wie vor spürbaren Auswirkungen der
Als Arbeitgeber unterstützt der Tierpark Berlin die Nutzung,Coronapandemie sowie der jüngsten Entwicklung der
von umweltfreundlichen und ressourcenschonenden Mobi-,politischen und wirtschaftlichen Weltlage vorgenommen
"litätsangeboten. Alle Mitarbeitenden haben die Möglichkeit,",und die Risiken teilweise neu bewertet. Vor allem die
"das attraktive VBB-Firmenticket für den ÖPNV zu nutzen,",vielschichtigen Auswirkungen der Inflation und der Ener-
welches durch die Verkehrsbetriebe und den Tierpark Berlin,giekrise haben eine Rolle gespielt. Neben den vor allem
bezuschusst wird. Dieses Angebot wird ab Mai 2023 auch,im ersten Halbjahr 2022 noch bestehenden Auswirkungen
auf das bundesweite 49-Euro-Ticket ausgeweitet.,der Covid-19-Pandemie auf Umsatzentwicklung und Or-
,ganisation waren insbesondere der massive Anstieg der
RISIKOMANAGEMENT,Inflation und die Verringerung der Kaufkraft und damit
Die gesamte Geschäftspolitik der Gesellschaft ist darauf,einhergehend eine Kaufzurückhaltung zu bewerten. Des
"ausgerichtet, das Vermögen der Tierpark Berlin-Friedrichs-",Weiteren führten der erhebliche Anstieg der Energiepreise
felde GmbH zu erhalten und so langfristig und nachhaltig,"für alle Medien sowie für Material und Dienstleistungen,"
die Erfüllung der satzungsgemäßen Aufgaben zum Wohle,die erhebliche Störung der Lieferketten und die dadurch
der Allgemeinheit und zukünftiger Generationen sicher-,entstehenden Verzögerungen und Verteuerung der Bau-
zustellen.,"vorhaben, Beschaffungsschwierigkeiten u. a. für IT, die"
,Gefahr von Versorgungsengpässen bei Strom und Wärme
Neben den üblichen Risiken unternehmerischen Handelns,"sowie auch der Fachkräftemangel, die Schwierigkeiten"
bestehen für die Tierpark Berlin-Friedrichsfelde GmbH,bei der Personalbeschaffung und ein deutlich erhöhter
aufgrund ihrer Struktur und des Geschäftsmodells stärker,"Krankenstand dazu, dass vor allem die externen Beschaf-"
"als bei anderen Unternehmen Risiken, die durch die Ab-",fungsrisiken als mittleres Risiko eingestuft wurden. Auch
hängigkeit von externen und nur sehr begrenzt oder nicht,die Eintrittswahrscheinlichkeit behördlich angeordneter
beeinflussbaren Faktoren entstehen. Die Veränderungen,Schließungen musste mit Blick auf die Schließung des Zoo
dieser Faktoren können jedoch erhebliche Auswirkungen,Berlin aufgrund der Vogelgrippe neu bewertet und von
auf die wirtschaftliche Entwicklung haben. Dies sind vor,einem Restrisiko zu einem geringen Risiko hochgestuft
"allem besondere Tiergeburten, das Wetter und das Frei-",werden. Diese Risiken und die damit verbundenen Kosten
zeitverhalten der Menschen sowie die infrastrukturelle,"sind, soweit abschätzbar, in der aktuellen Prognose sowie im"
und demografische Entwicklung der den Tierpark Berlin,vorliegenden Wirtschaftsplan 2023 berücksichtigt worden.
