"hinaus sind sie dafür verantwortlich, auf der Grundlage des",•,identifizieren und beurteilen wir die Risiken wesentlicher –
Rechnungslegungsgrundsatzes der Fortführung der Unter-,,beabsichtigter oder unbeabsichtigter – falscher Darstellun-
"nehmenstätigkeit zu bilanzieren, sofern dem nicht tatsächli-",,"gen im Jahresabschluss und im Lagebericht, planen und"
che oder rechtliche Gegebenheiten entgegenstehen.,,führen Prüfungshandlungen als Reaktion auf diese Risiken
,,"durch sowie erlangen Prüfungsnachweise, die ausreichend"
Außerdem sind die gesetzlichen Vertreter verantwortlich für,,"und geeignet sind, um als Grundlage für unsere Prüfungs-"
"die Aufstellung des Lageberichts, der insgesamt ein zutref-",,"urteile zu dienen. Das Risiko, dass wesentliche falsche"
fendes Bild von der Lage der Gesellschaft vermittelt sowie,,"Darstellungen nicht aufgedeckt werden, ist bei Verstößen"
in allen wesentlichen Belangen mit dem Jahresabschluss,,"höher als bei Unrichtigkeiten, da Verstöße betrügerisches"
"in Einklang steht, den deutschen gesetzlichen Vorschriften",,"Zusammenwirken, Fälschungen, beabsichtigte Unvollstän-"
entspricht und die Chancen und Risiken der zukünftigen,,"digkeiten, irreführende Darstellungen bzw. das Außer-"
Entwicklung zutreffend darstellt. Ferner sind die gesetzlichen,,kraftsetzen interner Kontrollen beinhalten können.
Vertreter verantwortlich für die Vorkehrungen und Maßnah-,,
"men (Systeme), die sie als notwendig erachtet haben, um die",•,gewinnen wir ein Verständnis von dem für die Prüfung des
Aufstellung eines Lageberichts in Übereinstimmung mit den,,Jahresabschlusses relevanten internen Kontrollsystem und
anzuwendenden deutschen gesetzlichen Vorschriften zu,,den für die Prüfung des Lageberichts relevanten Vorkeh-
"ermöglichen, und um ausreichende geeignete Nachweise für",,"rungen und Maßnahmen, um Prüfungshandlungen zu"
