A.,NLAGEVERMÖGEN in €,2022,2021,Unnamed: 0,Unnamed: 1
"I.Immaterielle Vermögensgegenstände, entgeltlich erworbenegewerbliche Schutzrechte und ähnliche Rechte und Wertesowie Lizenzen an solchen Rechten und Werten15.368,0017.928,00",,,,,
,I.,achanlagen,,,
,,.,Grundstücke und Bauten,"24.606.045,00","18.471.554,00"
,,.,Technische Anlagen und Maschinen,"263.188,00","141.962,00"
,,3.,"Andere Anlagen, Betriebs- und Geschäftsausstattung","1.678.503,00","1.242.239,00"
,,4.,Geleistete Anzahlungen und Anlagen im Bau,"18.531.955,15","13.220.143,87"
,,"45.079.691,15","33.075.898,87",,
"III.FinanzanlagenGenossenschaftsanteile1.120,001.120,00SUMME ANLAGEVERMÖGEN45.096.179,1533.094.946,87",,,,,
,,,,,
B.,UMLAUFVERMÖGEN in €,,,,
,".Forderungen und sonstige Vermögensgegenstände1.Forderungen aus Lieferungen und Leistungen582.743,90456.535,352.Sonstige Vermögensgegenstände476.928,96876.277,891.059.672,861.332.813,24",,,,
,I.,ertpapiere,,,
,,onstige Wertpapiere,"1,00","1,00",
,"III.Kassenbestand und Guthaben bei Kreditinstituten und Schecks8.415.533,797.498.805,41SUMME UMLAUFVERMÖGEN9.475.207,658.831.619,65",,,,
,,,,,
C.,RECHNUNGSABGRENZUNGSPOSTEN,"159.122,02","26.305,22",,
,,,,,
SUMME AKTIVA,"54.730.508,82","41.952.871,74",,,
