bessere Nachweismethoden für diesen darmpathogenen,Eigentümlich verlief auch eine Erkrankung des weiblichen
Keim etabliert. In den Jahren zuvor sind nämlich kaum Cam-,Nebelparders „Yanti“ Mitte Oktober. Das Tier erbrach sein
pylobacter-Fälle im Tierpark Berlin diagnostiziert worden.,"Futter vollständig kurz nach dem Fressen, lag zusammen-"
Alle erwähnten Tierarten wurden antibiotisch behandelt,gerollt in einer Ecke des Geheges und litt offensichtlich
und bei allen Individuen war die Therapie erfolgreich.,unter starken Bauchschmerzen. Da der Verdacht auf einen
,"Fremdkörper bestand, wurde der Nebelparder immobilisiert"
Trotz intensivmedizinischer Therapie starb Mitte Mai das,und geröntgt. Im Röntgenbild fielen der stark aufgegaste
zweite Coquerel-Sifaka-Männchen. „Wenceslaus“ zeigte am,Magen und Dünndarm auf. Ein Anzeichen für einen mecha-
13. Mai 2022 am Vormittag einen schläfrigen Blick und war,nischen Ileus (Darmverschluss) durch einen Fremdkörper
nicht so aktiv wie sonst: ein Alarmzeichen für eine Erkran-,"gab es aber nicht. Sehr ungewöhnlich war auch, dass sich"
kung. Die sofort eingeleitete Therapie mit Infusionen und,"die Magenfalten im Röntgen sehr prominent darstellten,"
Antibiose überstand das Tier gut und es fraß und trank,was auf eine massive Schwellung durch eine Entzündung
direkt nach der Behandlung. Zwei Stunden später wurde es,"schließen ließ (Gastritis). Das Tier wurde mittels Infusionen,"
allerdings apathisch am Boden des Geheges vorgefunden.,Spasmolytika und Antibiose stabilisiert. Zusätzlich wurde
"Über Nacht wurde versucht, den Sifaka in der Tierklinik","per Schlundsonde der Wirkstoff Simeticon verbreicht, der"
mittels Infusionen und Sauerstoffgabe zu stabilisieren.,das Gas auflösen sollte. Die Therapie schlug gut an und
Leider starb „Wenceslaus“ am Folgetag gegen Mittag.,das Tier war nach wenigen Tagen beschwerdefrei. Der
Die Sektion ergab eine nekrotisierende Colitis in einem,Auslöser dieser akuten Erkrankung konnte jedoch nicht
Abschnitt des Dickdarms. Relevante Erreger konnten nicht,festgestellt werden.
"nachgewiesen werden, ebenso wenig eine Darmdrehung.",
Nach Diskussion des Falles mit den Kolleg*innen aus dem,Ein männliches Bergkänguru entwickelte einen Abszess
"Duke Lemur Center in den USA, aus dem die Tiere stammen,","am linken Unterkiefer, der nach außen aufbrach. Bei einer"
wurde das Absterben des Darmteiles vermutlich durch einen,CT-Untersuchung im IZW wurde der Verdacht einer Nek-
"Thrombus verursacht, der sich in einer den Darm versor-",robazillose bestätigt. Dem Känguru konnten sogar zwei
"genden Arterie festgesetzt hatte. Die Hoffnung war groß,",Backenzähne einfach durch Druck mit dem Finger „gezogen“
dass „Wenceslaus“ vielleicht noch das Weibchen „Isabella“,werden. Obwohl viele Kängurus letztendlich an dieser
erfolgreich gedeckt hat. Deshalb wurde mit „Isabella“ ein,"Erkrankung sterben, wurde ein Behandlungsversuch mit"
Ultraschalltraining an einer extra installierten Trainings-,einer mehrwöchigen Antibiotikatherapie unternommen.
klappe in der rückwärtigen Haltung durchgeführt. Leider,Zusätzlich bekam das Tier Schmerzmittel verabreicht und
konnte aber eine Trächtigkeit weder palpatorisch noch,die offene Stelle am Unterkiefer wurde mit Braunol® ge-
