SÄUGETIERE,MAMMALIA,2015,Zugänge,geboren,gestorben,Abgabe,2016,Unnamed: 0,Unnamed: 1,Unnamed: 2,Unnamed: 3,Unnamed: 4,Unnamed: 5,Unnamed: 6,Unnamed: 7,Unnamed: 8,Unnamed: 9,Unnamed: 10,Unnamed: 11
Nagetiere,Rodentia,m,w,u,m,w,u,m,w,u,m,w,u,m,w,u,m,w,u
Baumstachler,Erethizon dorsatum,0,0,0,1,1,0,0,0,0,0,0,0,0,0,0,1,1,0
,Cavia aperea,0,0,18,0,0,0,0,0,15,0,1,17,1,4,6,0,0,
Hellbraunes Wieselmeer-schweinchen,Galea monasteriensis,0,0,1,1,2,0,0,0,6,0,0,4,0,0,0,2,4,0
,Dolichotis salinicola,1,2,0,0,0,0,0,1,0,0,0,0,0,0,0,2,2,
Großer Mara,Dolichotis patagonum,0,0,0,6,0,0,0,0,0,1,0,0,0,0,0,5,0,0
,Dasyprocta azarae,0,2,0,0,0,0,1,1,0,0,0,0,0,0,0,1,3,
Tiefland-Paka,Cuniculus paca,1,1,0,0,0,0,0,0,0,0,0,0,0,0,0,1,1,0
,Octodon degus,0,0,45,0,0,0,0,0,49,0,0,29,0,0,0,0,0,
Nacktmull,Heterocephalus glaber,0,0,65,0,0,0,0,0,105,0,0,93,0,0,25,0,0,52
Hasenartige,Lagomorpha,m,w,u,m,w,u,m,w,u,m,w,u,m,w,u,m,w,u
Holländer Kaninchen,,0,1,0,0,0,0,0,0,0,0,0,0,0,0,0,0,1,0
,,1,0,0,0,0,0,0,0,0,0,0,0,0,0,0,1,0,
Löwenkopfkaninchen,,0,1,0,0,0,0,0,0,0,0,0,0,0,0,0,0,1,0
,,0,1,0,0,0,0,0,0,0,0,0,0,0,0,0,0,1,
Hauskaninchen(Mischlinge),,1,6,0,1,0,0,0,0,0,1,1,0,0,0,0,1,5,0
Raubtiere,Carnivora,m,w,u,m,w,u,m,w,u,m,w,u,m,w,u,m,w,u
,Crocuta crocuta,2,1,0,0,0,0,0,0,0,0,0,0,0,0,0,2,1,
Streifenhyäne,Hyaena hyaena,1,0,0,0,0,0,0,0,0,1,0,0,0,0,0,0,0,0
,Proteles cristataseptentrionalis,1,1,0,0,0,0,0,0,0,0,0,0,0,0,0,1,1,
Eurasischer Wolf,Canis lupus lupus,1,1,0,0,0,0,0,0,0,0,0,0,1,0,0,0,1,0
,,1,1,0,0,0,0,0,0,0,0,0,0,0,0,0,1,1,
Kiangsi-Rothund,Cuon alpinus lepturus,5,3,0,0,0,0,2,5,1,0,0,1,1,0,0,6,8,0
,Otocyon megalotis megalotis,2,0,0,0,0,0,0,0,0,0,0,0,0,0,0,2,0,
Waldhund,Speothos venaticus,2,3,0,0,0,0,0,0,0,0,0,0,0,0,0,2,3,0
,Chrysocyon brachyurus,2,0,0,0,0,0,0,0,0,0,0,0,0,0,0,2,0,
Malaienbär,Helarctos malayanusmalayanus,1,1,0,0,0,0,0,0,0,0,0,0,0,0,0,1,1,0
,Tremarctos ornatus,1,4,0,0,0,0,0,0,0,0,0,0,0,1,0,1,3,
Baribal,Ursus americanus,1,1,0,0,0,0,0,0,0,0,0,0,0,0,0,1,1,0
,Ursus maritimus,1,2,0,0,0,0,1,0,1,0,1,1,0,0,0,2,1,
Westlicher Kleiner Panda,Ailurus fulgens fulgens,1,1,0,0,0,0,0,0,0,0,0,0,0,0,0,1,1,0
,Procyon lotor,2,2,0,0,0,0,0,0,0,0,1,0,0,0,0,2,1,
Amur-Buntmarder,Martes flavigula aterrima,1,1,0,0,0,0,1,1,0,0,0,0,0,1,0,2,1,0
,Mephitis mephitis,2,1,0,0,0,0,0,0,0,0,0,0,1,0,0,1,1,
Ostafrikanischer Honig-dachs,Mellivora capensis cottoni,1,1,0,0,0,0,0,0,0,0,0,0,0,0,0,1,1,0
,Mungos mungo,3,5,0,0,0,0,0,0,3,0,0,3,0,0,0,3,5,
Binturong,Arctictis binturong binturong,1,2,0,0,0,0,1,0,2,1,0,2,0,0,0,1,2,0
