PASSIVA,2020,2019,Unnamed: 0
A.,EIGENKAPITAL,in €,in €
,I.Gezeichnetes Kapital,"409.100,00","409.100,00"
,II.Andere Gewinnrücklagen,"5.019.794,94","3.686.156,67"
,III.Jahresüberschuss,"1.144.279,17","1.333.638,27"
,me Eigenkapital,"6.573.174,11","5.428.894,94"
,,,
B.,SONDERPOSTEN FÜR INVESTITIONSZUSCHÜSSE ZUM ANLAGEVERMÖGEN,"17.723.792,87","11.065.431,73"
,,,
C.,RÜCKSTELLUNGEN,,
1.Rückstellungen für Pensionen und ähnliche Verpfl ichtungen,"676.017,00","674.206,00",
2.Steuerrückstellung,"77.365,57","1.003,94",
3.Sonstige Rückstellungen,"998.221,52","1.924.389,10",
me Rückstellungen,"1.751.604,09","2.599.599,04",
