VÖGEL,AVES,2020,geboren,Zugänge,gestorben,Abgabe,2021,Unnamed: 0,Unnamed: 1,Unnamed: 2,Unnamed: 3,Unnamed: 4,Unnamed: 5,Unnamed: 6,Unnamed: 7,Unnamed: 8,Unnamed: 9,Unnamed: 10,Unnamed: 11
Hühnervögel,Galliformes,m,w,u,m,w,u,m,w,u,m,w,u,m,w,u,m,w,u
Rebhuhn,Perdix perdix,0,0,0,0,0,0,3,3,0,0,0,0,0,0,0,3,3,0
,Gallus gallus,3,9,0,5,8,0,0,0,0,6,10,0,0,0,0,2,7,
Federfüßiges Zwerghuhn,Gallus gallus f. domestica,3,10,0,4,5,0,0,0,0,5,9,0,0,0,0,2,6,0
,Gallus gallus f. domestica,2,7,0,5,6,0,0,0,0,5,8,0,0,0,0,2,5,
Zwerg-Lakenfelder,Gallus gallus f. domestica,3,10,0,5,8,0,0,0,0,6,11,0,0,0,0,2,7,0
,Gallus gallus f. domestica,3,7,0,0,0,0,0,0,0,1,1,0,0,0,0,2,6,
Zwergseidenhuhn,Gallus gallus f. domestica,3,10,0,5,6,0,0,0,0,5,3,0,1,3,0,2,10,0
,Gallus gallus f. domestica,2,10,0,5,8,0,0,0,0,5,11,0,0,0,0,2,7,
Sonnerathuhn,Gallus sonneratii,1,2,0,0,0,0,0,0,0,0,1,0,0,0,0,1,1,0
,Lophura edwardsi,1,0,0,0,0,0,0,2,0,0,0,0,0,1,0,1,1,
Wallichfasan,Catreus wallichii,1,1,0,0,0,0,0,0,0,0,0,0,0,0,0,1,1,0
,Syrmaticus ellioti,1,0,0,0,0,0,0,0,0,0,0,0,0,0,0,1,0,
Amherstfasan,Chrysolophus amerstiae,1,0,0,0,0,0,0,0,0,0,0,0,0,0,0,1,0,0
,Tragopan caboti,0,1,0,0,0,0,0,0,0,0,0,0,0,0,0,0,1,
Brauner Pfaufasan,Polyplectron germaini,1,1,0,0,0,1,0,0,0,0,0,0,0,0,0,1,1,1
,Polyplectron bicalcaratum,1,0,0,0,0,0,0,0,0,0,0,0,0,0,0,1,0,
Palawan-Pfaufasan,Polyplectron napoleonis,1,2,2,0,0,2,0,0,0,0,0,1,0,0,0,2,2,2
,Argusianus argus,1,1,0,0,0,0,0,0,0,0,0,0,0,0,0,1,1,
Gelbkehlfrankolin,Pternistis leucoscepus,1,1,0,0,0,0,0,0,0,0,0,0,0,0,0,1,1,0
Gänsevögel,Anseriformes,m,w,u,m,w,u,m,w,u,m,w,u,m,w,u,m,w,u
Halsband-Tschaja,Chauna torquata,1,1,0,1,1,0,0,0,0,0,0,0,0,1,0,2,1,0
,Dendrocygna bicolor,10,4,0,0,0,0,0,0,0,0,0,0,0,0,0,10,4,
Witwenpfeifgans,Dendrocygna viduata,32,26,1,0,0,0,0,0,0,3,6,1,14,14,0,15,17,0
,Anser cygnoid,3,4,0,1,0,0,0,0,0,0,0,0,0,0,0,4,4,
Zwergblässgans,Anser orthropus,3,6,0,0,0,0,0,0,0,0,0,0,0,0,0,3,6,0
,Anser indicus,1,0,0,0,0,0,0,0,0,0,0,0,0,0,0,1,0,
Weißwangengans,Branta leucopsis,0,1,0,0,0,0,0,0,0,0,0,0,0,0,0,0,1,0
,Branta ruficollis,5,6,0,0,0,0,0,0,0,0,1,0,1,1,0,4,4,
Hawaiigans,Branta sandvicensis,2,3,0,0,0,0,0,0,0,0,0,0,0,0,0,2,3,0
,Cyanochen cyanoptera,2,1,0,0,0,0,0,0,0,0,0,0,0,0,0,2,1,
Coskorobaschwan,Coscoroba coscoroba,2,0,0,0,0,0,0,1,0,0,1,0,0,0,0,2,0,0
,Cygnus cygnus,1,1,0,0,0,0,0,0,0,0,0,0,0,0,0,1,1,
Brautente,Aix sponsa,2,0,0,0,0,0,0,0,0,0,0,0,0,0,0,2,0,0
,Alopochen aegyptiacus,0,1,0,0,0,0,0,0,0,0,1,0,0,0,0,0,0,
Spießente,Anas acuta,9,5,0,0,0,0,0,0,0,0,1,0,0,0,0,9,4,0
,Anas bernieri,1,1,0,0,0,0,0,0,0,0,0,0,0,0,0,1,1,
Europäische Krickente,Anas crecca,1,0,0,0,0,0,0,0,0,0,0,0,0,0,0,1,0,0
Anas luzonica,2,3,0,0,0,0,0,0,0,0,1,0,0,0,0,2,2,,
