SÄUGETIERE,MAMMALIA,2019,geboren,Zugänge,gestorben,Abgabe,2020,Unnamed: 0,Unnamed: 1,Unnamed: 2,Unnamed: 3,Unnamed: 4,Unnamed: 5,Unnamed: 6,Unnamed: 7,Unnamed: 8,Unnamed: 9,Unnamed: 10,Unnamed: 11
Nagetiere,Rodentia,m,w,u,m,w,u,m,w,u,m,w,u,m,w,u,m,w,u
,Callosciurus prevostii ra   esii,1,0,0,0,0,0,0,0,0,0,0,0,0,0,0,1,0,
,Callosciurus prevostiibangkanus,1,0,0,0,0,0,0,0,0,0,0,0,0,0,0,1,0,
,Marmota marmota,2,2,0,0,0,0,0,0,0,1,0,0,0,0,0,1,2,
,Castorber,1,1,0,0,0,0,0,0,0,0,0,0,0,0,0,1,1,
,Phodopus roborovskii,2,2,0,3,4,0,0,0,0,2,3,0,0,0,0,3,3,
,Mus minutoides,4,8,0,7,6,0,0,0,0,7,6,0,0,0,0,4,8,
,Gerbillus perpallidus,4,10,0,4,6,0,0,0,0,4,6,0,0,0,0,4,10,
,(Hypogeomys antimena),0,0,0,0,0,0,0,1,0,0,0,0,0,0,0,0,1,
,Pedetes capensis,5,1,0,0,1,0,0,0,0,1,0,0,2,0,0,2,2,
,Cryptomys spec. (anselli),9,2,7,0,0,4,0,0,0,1,0,0,0,0,0,8,3,
,Atherurus africanus,2,1,0,0,0,0,0,0,0,0,0,0,0,0,0,2,1,
,Hystrix africaeaustralis,1,2,0,0,0,0,0,0,0,0,0,0,0,0,0,1,2,
,Cavia aperea f. percellus,0,0,15,0,0,0,0,0,0,0,0,0,0,0,0,0,0,
,Dolichotis patagonum,5,0,0,0,0,0,0,0,0,2,0,0,0,0,0,3,0,
,Hydrochaeris hydrochaeris,1,1,0,0,0,3,0,0,0,0,0,3,0,0,0,1,1,
,Dasyprocta leporina,0,1,0,0,0,0,0,0,0,0,1,0,0,0,0,0,0,
,Spalacopus cyaneus,2,3,1,0,0,0,0,0,0,0,0,0,0,0,0,2,3,
Hasenartige,Lagomorpha,m,w,u,m,w,u,m,w,u,m,w,u,m,w,u,m,w,u
,Oryctolagus cuniculus f.domestica,1,2,0,0,3,0,0,0,0,0,0,0,0,0,0,1,5,
Fledertiere,Chiroptera,m,w,u,m,w,u,m,w,u,m,w,u,m,w,u,m,w,u
Desmodus rotundus,1,3,0,0,0,0,0,0,0,1,3,0,0,0,0,0,0,,
Glossophaga soricina,22,19,0,0,5,0,0,0,0,3,3,0,0,0,0,19,21,,
Carollia perspicillata,50,45,0,10,0,0,0,0,0,2,3,0,0,0,0,58,42,,
