SÄUGETIERE,MAMMALIA,2017,geboren,Zugänge,gestorben,Abgabe,2018,Unnamed: 0,Unnamed: 1,Unnamed: 2,Unnamed: 3,Unnamed: 4,Unnamed: 5,Unnamed: 6,Unnamed: 7,Unnamed: 8,Unnamed: 9,Unnamed: 10,Unnamed: 11
Paarhufer,Artiodactyla,m,w,u,m,w,u,m,w,u,m,w,u,m,w,u,m,w,u
Weißbartpekari,Tayassu pecari,18,24,0,3,8,0,0,0,0,6,4,0,2,7,0,13,21,0
,Cheoropsis liberiensis,0,1,0,0,0,0,1,0,0,0,0,0,0,0,0,1,1,
Flusspferd,Hippopotamus amphibius,1,3,0,0,0,0,0,0,0,0,0,0,0,0,0,1,3,0
,Camelus dromedarius,0,2,0,0,0,0,0,0,0,0,0,0,0,0,0,0,2,
Guanako,Lama guanicoe,2,4,0,0,0,0,0,0,0,0,0,0,2,0,0,0,4,0
,Lama pacos,3,5,0,2,0,0,0,0,0,2,0,0,0,1,0,3,4,
Vikunja,Vicugna vicugna,1,2,0,0,0,0,0,0,0,0,0,0,0,0,0,1,2,0
,Tragulus javanicus,2,2,0,0,0,0,0,0,0,0,1,0,0,0,0,2,1,
Weißwedelhirsch,Odocoileus virginianus,0,0,0,0,0,0,0,2,0,0,0,0,0,0,0,0,2,0
,Pudu pudu,1,3,0,1,0,0,0,1,0,1,0,0,0,2,0,1,2,
Europäisches Waldrentier,Rangifer tarandus fennicus,1,5,0,0,0,0,1,0,0,0,0,0,1,0,0,1,5,0
,Cervus nippon nippon,0,2,0,0,0,0,0,0,0,0,0,0,0,0,0,0,2,
MesopotamischerDamhirsch,Dama dama mesopotamica,3,0,0,0,0,0,1,0,0,0,0,0,1,0,0,3,0,0
,Muntiacus reevesi,5,0,0,0,0,0,0,0,0,1,0,0,0,0,0,4,0,
Barasinghahirsch,Rucervus duvauceli,1,2,0,0,0,0,0,0,0,0,0,0,0,0,0,1,2,0
,Cervus alfredi,2,1,0,1,0,0,0,0,0,0,0,0,1,0,0,2,1,
Chinesisches Wasserreh,Hydropotes inermis,1,2,0,0,1,0,0,0,0,0,0,0,0,1,0,1,3,0
,Giraffa camelopardalisreticulata,1,0,0,0,0,0,0,0,0,0,0,0,0,0,0,1,0,
Rothschildgiraffe,Giraffa camelopardalisrothschildi,1,0,0,0,0,0,0,0,0,0,0,0,0,0,0,1,0,0
,Okapi johnstoni,1,1,0,0,0,0,0,0,0,0,0,0,0,0,0,1,1,
Blessbock,Damaliscus pygargus,2,1,0,0,1,0,0,0,0,0,0,0,1,0,0,1,2,0
,Antidorcas marsupialis,2,0,0,0,0,0,0,0,0,0,0,0,0,0,0,2,0,
Hirschziegenantilope,Antilope cervicapra,1,8,0,0,0,0,0,0,0,0,1,0,0,0,0,1,7,0
,Litocranius walleri,1,0,0,0,0,0,0,0,0,0,0,0,0,0,0,1,0,
Kirkdikdik,Madoqua kirkii,3,2,0,2,1,0,0,0,0,0,0,0,2,0,0,3,3,0
,Bison bison,2,2,0,1,1,0,0,0,0,0,0,0,1,0,0,2,3,
Wisent,Bison bonasus,2,1,0,1,0,0,0,0,0,0,0,0,1,0,0,2,1,0
,Bos javanicus javanicus,1,5,0,1,1,0,1,0,0,0,1,0,1,0,0,1,5,
Hinterwälder Rind,Bos taurus,1,3,0,1,1,0,0,0,0,0,0,0,0,1,0,2,3,0
,Bos taurus taurus watusi,1,2,0,0,2,0,0,0,0,0,0,0,0,0,0,1,4,
Vorderindischer Gaur,Bos gaurus gaurus,1,3,0,0,1,0,0,0,0,0,0,0,0,0,0,1,4,0
,Bubalus bubalis,2,3,0,1,1,0,0,0,0,0,0,0,0,0,0,3,4,
Tieflandanoa,Bubalus (Anoa)  depressicornis,1,2,0,0,0,0,0,0,0,0,0,0,0,0,0,1,2,0
,Syncerus caffer nanus,0,3,0,0,0,0,0,0,0,0,0,0,0,0,0,0,3,
Elenantilope,Tragelaphus oryx,1,3,0,0,0,0,0,0,0,0,0,0,0,0,0,1,3,0
,Tragelaphus angasii,1,4,0,1,0,0,0,0,0,1,1,0,0,0,0,1,3,
Östlicher Bongo,Tragelaphus euryceros,1,1,0,0,0,0,0,1,0,0,0,0,0,0,0,1,2,0
