SÄUGETIERE,MAMMALIA,2017,geboren,Zugänge,gestorben,Abgabe,2018,Unnamed: 0,Unnamed: 1,Unnamed: 2,Unnamed: 3,Unnamed: 4,Unnamed: 5,Unnamed: 6,Unnamed: 7,Unnamed: 8,Unnamed: 9,Unnamed: 10,Unnamed: 11
Paarhufer,Artiodactyla,m,w,u,m,w,u,m,w,u,m,w,u,m,w,u,m,w,u
Blauschaf,Pseudois nayaur,1,5,0,3,3,0,1,1,0,2,0,0,0,0,0,3,9,0
,Oreamnos americanus,2,4,0,1,0,0,1,0,0,1,0,0,1,1,0,2,3,
Alpengemse,Rupicapra rupicaprarupicapra,0,4,0,0,0,0,0,0,0,0,0,0,0,0,0,0,4,0
,Capra falconeri heptneri,7,9,0,4,6,1,2,0,0,2,1,1,0,0,0,11,14,
Alpensteinbock,Capra ibex ibex,7,4,0,0,2,0,0,0,0,1,2,0,1,0,0,5,4,0
,,3,5,0,1,1,0,0,0,0,2,1,0,0,0,0,2,5,
Damaraziege,,1,3,0,0,0,0,0,0,0,0,0,0,1,3,0,0,0,0
,,6,7,0,5,3,1,0,0,0,1,1,1,7,4,0,3,5,
Thüringer Wald Ziege,,1,2,0,2,1,0,0,0,0,2,1,0,0,1,0,1,1,0
,,0,9,0,0,0,0,0,0,0,0,0,0,0,0,0,0,9,
Walliser Ziege,,1,1,0,0,0,0,0,0,0,0,0,0,0,0,0,1,1,0
,Ovis ammon cycloceros,5,7,0,2,5,0,0,0,0,3,4,0,0,0,0,4,8,
Marco-Polo-Schaf,Ovis ammon polii,4,1,0,0,1,0,0,0,0,0,0,0,0,0,0,4,2,0
,Ovis ammon musimon,2,3,0,0,0,0,0,0,0,0,0,0,0,0,0,2,3,
Zackelschaf,,1,6,0,2,5,0,0,0,0,1,2,0,1,4,0,1,5,0
,,1,4,0,1,2,0,0,0,0,1,1,0,0,1,0,1,4,
Hissar-Fettsteißschaf,,0,4,0,2,1,0,1,1,0,2,0,0,0,0,0,1,6,0
,,1,4,0,2,1,0,0,0,0,0,0,0,0,0,0,3,5,
Rotkopfschaf,,6,3,0,1,3,0,0,0,0,1,0,0,3,0,0,3,6,0
,,1,3,0,3,3,0,0,0,0,1,1,0,0,0,0,3,5,
Geschecktes Bergschaf,,2,7,0,7,4,0,0,0,0,4,1,0,3,3,0,2,7,0
