SÄUGETIERE,MAMMALIA,2020,geboren,Zugänge,gestorben,Abgabe,2021,Unnamed: 0,Unnamed: 1,Unnamed: 2,Unnamed: 3,Unnamed: 4,Unnamed: 5,Unnamed: 6,Unnamed: 7,Unnamed: 8,Unnamed: 9,Unnamed: 10,Unnamed: 11
Raubtiere,Carnivora,m,w,u,m,w,u,m,w,u,m,w,u,m,w,u,m,w,u
Amur-Buntmarder,Martes flavigula aterrima,1,2,0,0,0,0,0,0,0,1,1,0,0,0,0,0,1,0
,Mellivora capensis cottoni,1,1,0,0,0,0,0,0,0,0,0,0,0,0,0,1,1,
Zebramanguste,Mungos mungo,4,7,0,0,0,0,0,0,0,0,0,0,0,0,0,4,7,0
,Arctictis binturong binturong,3,1,0,0,0,0,0,0,0,1,1,0,0,0,0,2,0,
Sumatra-Larvenroller,Paguma larvata leucomystax,1,1,0,0,0,0,0,0,0,0,0,0,0,0,0,1,1,0
,Otocolobus manul manul,1,1,0,0,0,0,0,0,0,0,0,0,0,0,0,1,1,
Palawan-Bengalkatze,Prionailurus bengalensisheaneyi,1,0,0,0,0,0,0,0,0,1,0,0,0,0,0,0,0,0
,Leopardus wiedii nicaraguae,0,1,0,0,0,0,0,0,0,0,0,0,0,0,0,0,1,
Nebelparder,Neofelis nebulosa,2,0,0,0,0,0,1,1,0,0,0,0,2,0,0,1,1,0
,Panthera onca,0,1,0,0,0,0,0,0,0,0,0,0,0,1,0,0,0,
Java-Leopard,Panthera pardus melas,1,1,0,0,0,0,0,0,0,0,0,0,0,0,0,1,1,0
,Panthera tigris corbetti,1,1,0,0,0,0,0,0,0,0,0,0,0,0,0,1,1,
Sumatratiger,Panthera tigris sumatrae,2,3,0,0,0,0,0,0,0,0,0,0,0,0,0,2,3,0
,Uncia uncia,2,1,0,0,0,0,0,1,0,0,0,0,1,1,0,1,1,
Sudan-Gepard,Acinonyx jubatussoemmeringii,3,0,0,0,0,0,0,0,0,0,0,0,0,0,0,3,0,0
Schliefer,Hyracoidea,m,w,u,m,w,u,m,w,u,m,w,u,m,w,u,m,w,u
Buschschliefer,Heterohyrax brucei,1,7,0,1,0,2,0,0,0,0,2,2,0,0,0,2,5,0
