WIRBELLOSE,INVERTEBRATA,2017,Zugänge,geboren,gestorben,Abgabe,2018,Unnamed: 0,Unnamed: 1,Unnamed: 2,Unnamed: 3,Unnamed: 4,Unnamed: 5,Unnamed: 6,Unnamed: 7,Unnamed: 8,Unnamed: 9,Unnamed: 10,Unnamed: 11
,,m,w,u,m,w,u,m,w,u,m,w,u,m,w,u,m,w,u
Stachelhäuter (9 Arten),Echinodermata,0,0,25,0,0,8,0,0,0,0,0,2,0,0,0,0,0,31
,Mollusca,0,0,33,0,0,130,0,0,0,0,0,0,0,0,0,0,0,
Gliederfüßer (13 Arten),Arthropoda,0,0,76,0,0,59,0,0,0,0,0,37,0,0,0,0,0,98
,Annelida,0,0,102,0,0,0,0,0,0,0,0,0,0,0,0,0,0,
Plattwürmer (1 Art),Plathelminthes,0,0,50,0,0,0,0,0,0,0,0,0,0,0,0,0,0,1
Cnidaria,0,0,240,0,0,19,0,0,27,0,0,40,0,0,0,0,0,,
