VÖGEL,AVES,2020,geboren,Zugänge,gestorben,Abgabe,2021,Unnamed: 0,Unnamed: 1,Unnamed: 2,Unnamed: 3,Unnamed: 4,Unnamed: 5,Unnamed: 6,Unnamed: 7,Unnamed: 8,Unnamed: 9,Unnamed: 10,Unnamed: 11
Greifvögel,Falconiformes,m,w,u,m,w,u,m,w,u,m,w,u,m,w,u,m,w,u
Gaukler,Terathopius ecaudatus,1,1,0,0,0,0,0,0,0,0,1,0,0,0,0,1,0,0
,Trigonoceps occipitalis,1,1,0,0,0,0,0,0,0,0,0,0,0,0,0,1,1,
Königsgeier,Sarcoramphus papa,1,1,0,0,0,1,0,0,0,0,0,1,0,0,0,1,1,0
,Vultur gryphus,1,1,0,0,0,0,0,0,0,0,0,0,0,0,0,1,1,
Kranichvögel,Gruiformes,m,w,u,m,w,u,m,w,u,m,w,u,m,w,u,m,w,u
Kagu,Rhynochetus jubatus,1,1,0,0,0,0,0,0,0,0,0,0,0,0,0,1,1,0
,Cariama cristata,1,3,0,0,1,0,0,0,0,0,0,0,0,0,0,1,4,
Sonnenralle,Eurypyga helias,0,1,0,0,0,0,1,0,0,0,1,0,0,0,0,1,0,0
,Balearica regulorumregulorum,1,1,0,0,0,0,0,0,0,0,0,0,0,0,0,1,1,
Mandschurenkranich,Grus japonensis,1,1,0,0,0,0,0,0,0,0,0,0,0,0,0,1,1,0
,Grus leucogeranus,1,0,0,0,0,0,0,0,0,0,0,0,0,0,0,1,0,
Europäischer Kranich,Grus g. grus,0,0,0,0,0,0,1,0,0,0,0,0,0,0,0,1,0,0
Wat- und Möwenvögel,Charadriformes,m,w,u,m,w,u,m,w,u,m,w,u,m,w,u,m,w,u
Kap-Triel,Burhinus capensis,1,1,0,0,0,0,0,0,0,0,0,0,0,0,0,1,1,0
,Haematopus ostralegus,2,0,0,0,0,0,0,0,0,0,0,0,0,0,0,2,0,
Schwarznacken-Stelzenläufer,Himantopus mexicanus,1,1,1,0,0,1,0,0,0,0,0,0,0,0,0,1,1,2
,Recurvirostra avosetta,1,0,30,0,0,0,0,0,0,0,0,6,0,0,0,1,0,
Sandregenpfeifer,Charadrius hiaticula,1,1,0,0,0,0,0,0,0,1,0,0,0,0,0,0,1,0
,Vanellus tectus,1,1,0,0,0,0,0,0,0,0,0,0,0,0,0,1,1,
Großer Brachvogel,Numenius arquata,0,1,0,0,0,0,0,0,0,0,0,0,0,0,0,0,1,0
,Tringa totanus,0,0,1,0,0,0,0,0,0,0,0,1,0,0,0,0,0,
Steinwälzer,Arenaria interpres,1,0,0,0,0,0,0,0,0,0,0,0,0,0,0,1,0,0
,Philomachus pugnax,0,0,2,0,0,0,0,0,0,0,0,0,0,0,0,1,1,
Inka-Seeschwalbe,Larosterna inca,5,6,1,0,0,2,0,0,0,0,2,1,0,0,0,5,4,3
Flughühner,Pteroclidiformes,m,w,u,m,w,u,m,w,u,m,w,u,m,w,u,m,w,u
Sandflughuhn,Pterocles orientales,2,0,0,0,0,0,0,0,0,1,0,0,0,0,0,1,0,0
Taubenvögel,Columbiformes,m,w,u,m,w,u,m,w,u,m,w,u,m,w,u,m,w,u
Mähnentaube,Caloenas nicobarica,1,2,0,0,0,0,0,0,0,0,0,0,0,1,0,1,1,0
,Nesoenas picturata,1,0,0,0,0,0,0,0,0,0,0,0,0,0,0,1,0,
Senegaltaube,Spilopelia senegalensis,0,0,1,0,0,0,0,0,0,0,0,1,0,0,0,0,0,0
,Streptopelia turtur,2,4,0,0,0,0,0,0,0,0,1,0,0,0,0,2,3,
Socorrotaube,Zenaida graysoni,1,0,0,0,0,0,0,0,0,0,0,0,0,0,0,1,0,0
,Columbia livia,0,0,15,0,0,15,0,0,0,0,0,22,0,0,0,0,0,
Berliner langlatschigeTümmler,Columbia livia f. domestica,0,0,16,0,0,4,0,0,0,0,0,12,0,0,0,0,0,8
,Columbia livia f. domestica,2,2,11,0,0,6,0,0,0,0,0,9,0,0,0,2,2,
Berliner Lange,Columbia livia f. domestica,0,0,9,0,0,4,0,0,0,1,0,2,0,0,0,0,0,10
