VÖGEL,AVES,2020,geboren,Zugänge,gestorben,Abgabe,2021,Unnamed: 0,Unnamed: 1,Unnamed: 2,Unnamed: 3,Unnamed: 4,Unnamed: 5,Unnamed: 6,Unnamed: 7,Unnamed: 8,Unnamed: 9,Unnamed: 10,Unnamed: 11
Straußenvögel,Struthioniformes,m,w,u,m,w,u,m,w,u,m,w,u,m,w,u,m,w,u
SüdafrikanischerBlauhalsstrauß,Struthio camelus australis,1,2,0,0,0,0,0,0,0,0,0,0,0,0,0,1,2,0
,Pterocnemia pennatapennata,1,1,0,0,0,0,0,0,0,0,0,0,0,0,0,1,1,
Helmkasuar,Casuarius casuarius,1,1,0,0,0,0,0,0,0,1,0,0,0,0,0,0,1,0
,Dromaius novaehollandiae,1,1,0,0,0,0,0,0,0,0,0,0,0,0,0,1,1,
Nördlicher Streifenkiwi,Apteryx australis mantelli,4,3,0,0,0,0,0,0,0,0,0,0,0,0,0,4,3,0
,,,,,,,,,,,,,,,,,,,
Hühnervögel,Galliformes,m,w,u,m,w,u,m,w,u,m,w,u,m,w,u,m,w,u
Venezuela-Blaukehlguan,Pipile cumanensis,1,1,0,0,0,1,0,0,0,0,0,1,0,0,0,1,1,0
,Crax rubra,1,0,0,0,0,0,0,0,0,0,0,0,0,0,0,1,0,
Auerhuhn,Tetrao urogallus,1,1,0,0,0,0,0,0,0,0,1,0,0,0,0,1,0,0
,Numida meleagris f. dom.,1,1,2,0,0,8,0,0,0,0,0,4,0,0,0,2,2,
Fukien-Buschwachtel,Arborophila gingica,2,1,0,0,0,0,0,0,0,0,0,0,1,0,0,1,1,0
,Coturnix delegorgnei,3,1,0,0,0,0,0,0,0,1,1,0,0,0,0,2,0,
Zwergwachtel,Coturnix chinensis,2,2,0,0,0,0,0,0,0,2,1,0,0,0,0,0,1,0
,Rollulus roulroul,4,2,0,0,0,0,0,0,0,1,0,0,0,0,0,3,2,
Alpensteinhuhn,Alectoris graeca saxatillis,1,1,0,0,0,0,0,0,0,0,0,0,0,0,0,1,1,0
