VÖGEL,AVES,2020,geboren,Zugänge,gestorben,Abgabe,2021,Unnamed: 0,Unnamed: 1,Unnamed: 2,Unnamed: 3,Unnamed: 4,Unnamed: 5,Unnamed: 6,Unnamed: 7,Unnamed: 8,Unnamed: 9,Unnamed: 10,Unnamed: 11
Pinguine,Sphenisciformes,m,w,u,m,w,u,m,w,u,m,w,u,m,w,u,m,w,u
Königspinguin,Aptenodytes patagonicus,4,1,0,0,0,0,0,0,0,0,0,0,0,0,0,4,1,0
,Eudyptes chrysocome,2,3,0,0,0,0,0,0,0,0,0,0,0,0,0,2,3,
Brillenpinguin,Spheniscus demersus,9,7,1,2,3,0,0,0,0,0,0,0,0,0,0,13,9,0
,Spheniscus humboldti,8,7,0,0,0,1,0,0,0,0,1,1,0,0,0,8,6,
Flamingos,Phoenicopteriformes,m,w,u,m,w,u,m,w,u,m,w,u,m,w,u,m,w,u
Zwergflamingo,Phoeniconaias minor,18,9,0,0,0,0,0,0,0,0,0,0,0,0,0,18,9,0
,Phoenicoparrus andinus,7,5,0,0,0,0,0,0,0,0,0,0,0,0,0,7,5,
Jamesflamingo,Phoenicoparrus jamesi,1,5,0,0,0,0,0,0,0,0,0,0,0,0,0,1,5,0
,Phoenicopterus chilensis,11,12,0,0,0,0,0,0,0,0,4,0,0,0,0,11,8,
Rosaflamingo,Phoenicopterus ruber roseus,16,8,0,0,0,0,9,11,0,4,2,0,0,0,0,21,17,0
Schreitvögel,Ciconiiformes,m,w,u,m,w,u,m,w,u,m,w,u,m,w,u,m,w,u
Hammerkopf,Scopus umbretta,1,1,0,0,0,0,0,0,0,0,0,0,0,0,0,1,1,0
,Ciconia nigra,0,1,0,0,0,0,0,0,0,0,0,0,0,0,0,0,1,
Abdimstorch,Ciconia abdimii,5,9,0,0,2,0,0,0,0,0,0,0,0,0,0,5,11,0
,Ciconia ciconia,1,1,0,0,0,0,0,0,0,1,0,0,0,0,0,0,1,
Marabu,Leptoptilos crumenifer,1,1,0,0,0,0,2,2,0,0,0,0,1,1,0,2,2,0
,Theristicus caudatus,0,1,0,0,0,0,0,0,0,0,0,0,0,1,0,0,0,
Waldrapp,Geronticus eremita,11,8,0,0,1,0,0,0,0,3,1,0,0,0,0,8,8,0
,Lophotibis cristata,1,0,1,0,0,0,0,0,0,0,0,0,0,0,0,1,0,
Löffler,Platalea leucorodia,4,4,0,0,0,0,1,2,0,0,1,0,0,0,0,5,5,0
,Bubulcus ibis,6,1,0,0,0,0,0,0,0,2,1,0,0,0,0,4,0,
Paddyreiher,Ardeola grayii,1,0,0,0,0,0,0,0,0,0,0,0,1,0,0,0,0,0
,Ardeola speciosa,1,1,0,0,0,0,0,0,0,0,0,0,0,0,0,1,1,
Zwergdommel,Ixobrychus minutus,1,1,1,0,0,0,0,0,0,0,0,0,0,0,0,1,1,1
Ruderfüßer,Pelicaniformes,m,w,u,m,w,u,m,w,u,m,w,u,m,w,u,m,w,u
Brillenpelikan,Pelecanus conspicillatus,2,4,0,0,0,0,0,0,0,0,0,0,0,0,0,2,4,0
,Pelecanus crispus,4,8,0,1,1,0,0,0,0,0,0,0,0,0,0,5,9,
Nashornpelikan,Pelecanus erythrorhynchos,2,2,0,0,0,2,0,0,0,1,0,2,0,0,0,1,2,0
,Pelecanus rufescens,4,3,0,0,0,0,0,0,0,2,0,0,0,0,0,2,3,
Greifvögel,Falconiformes,m,w,u,m,w,u,m,w,u,m,w,u,m,w,u,m,w,u
Schopf-Karakara,Caracara plancus,1,1,0,0,0,0,0,0,0,0,0,0,0,0,0,1,1,0
,Aquila chrysaetos,1,2,0,1,1,0,0,0,0,0,0,0,0,1,0,2,2,
Bartgeier,Gypaetus barbatus,2,1,0,1,0,0,0,0,0,0,0,0,2,0,0,1,1,0
,Gypohierax angolensis,1,2,0,0,0,0,0,0,0,0,0,0,0,0,0,1,2,
Gänsegeier,Gyps fulvus,3,3,0,1,0,0,0,0,0,0,0,0,0,0,0,4,3,0
,Haliaetus vocifer,0,1,0,0,0,0,0,0,0,0,0,0,0,0,0,0,1,
Kappengeier,Necrosyrtes monachus,3,2,0,0,0,0,0,0,0,0,0,0,0,0,0,3,2,0
,Neophron percnopterus,1,1,0,0,0,0,0,0,0,0,0,0,0,0,0,1,1,
Wüstenbussard,Parabuteo unicinctus,0,1,0,0,0,0,0,0,0,0,0,0,0,0,0,0,1,0
