VÖGEL,AVES,2016,geboren,Zugänge,gestorben,Abgabe,2017,Unnamed: 0,Unnamed: 1,Unnamed: 2,Unnamed: 3,Unnamed: 4,Unnamed: 5,Unnamed: 6,Unnamed: 7,Unnamed: 8,Unnamed: 9,Unnamed: 10,Unnamed: 11
Sperlingsvögel,Passeriformes,m,w,u,m,w,u,m,w,u,m,w,u,m,w,u,m,w,u
Chinesischer Sonnenvogel,Leiothrix lutea,1,3,0,0,0,0,1,1,0,0,0,0,0,0,0,2,4,0
,Panurus biarmicus,1,0,0,0,0,0,0,0,0,0,0,0,0,0,0,1,0,
Kupfernektarvogel,Nectarinia cuprea,1,0,0,0,0,0,0,0,0,1,0,0,0,0,0,0,0,0
,Dinemellia dinemelli,4,3,0,0,0,0,0,0,0,0,0,0,0,0,0,4,3,
Marmorweber,Pseudonigrita arnaudi,0,1,0,0,0,0,0,0,0,0,0,0,0,0,0,0,1,0
,Sporopipes frontalis,0,0,1,0,0,0,0,0,0,0,0,1,0,0,0,0,0,
Feuerweber,Euplectes orix franciscanus,0,0,1,0,0,0,0,0,0,0,0,1,0,0,0,0,0,0
,Euplectes orix,0,0,3,0,0,0,0,0,0,0,0,1,0,0,0,0,0,
Genickbandweber,Ploceus castaneiceps,6,1,0,0,0,0,0,0,0,0,0,0,0,0,0,6,1,0
,Ploceus cucullatus,1,0,0,0,0,0,2,3,0,1,0,0,0,0,0,2,3,
Weißwangenastrild,Nesocharis capistrata,1,1,0,3,1,0,0,0,0,0,0,0,0,0,0,4,2,0
,Estrilda astrild,1,1,2,0,0,0,0,0,0,0,0,0,0,0,0,1,1,
Rotbrust-Samenknacker,Spermophaga haematina,2,2,0,0,0,0,0,0,0,0,1,0,0,0,0,2,1,0
,Uraeginthus bengalus,3,2,0,0,0,2,5,5,0,7,6,0,0,0,0,2,2,
Blaukopfschmettlingsfink,Uraeginthus cyanocephala,2,2,0,0,0,0,0,0,0,1,0,0,0,0,0,1,2,0
,Euschistospiza dybowskii,2,2,0,0,0,0,0,0,0,0,2,0,0,0,0,2,0,
Grüner Tropfenastrid,Hypargos nitidula,0,0,0,0,0,0,2,2,0,0,0,0,0,0,0,2,2,0
,Hypargos niveaoguttatus,3,0,0,0,0,0,0,0,0,2,0,0,0,0,0,1,0,
Auroraastrild,Pytilia phoenicoptera,3,3,0,0,0,0,0,0,0,0,1,0,0,0,0,3,2,0
,Lagonosticta senegalaruberrima,1,1,0,0,0,0,0,0,0,0,0,0,0,0,0,1,1,
Schwarzkehlamarant,Lagonosticta larvata,5,5,0,0,0,0,0,0,0,0,1,0,0,0,0,5,4,0
Amadina fasciata,2,1,0,0,0,0,0,0,0,1,0,0,0,0,0,1,1,,
