die zu Führungen einladen.,schen Ausstellung im Pinguin-Kiez im vierten Quartal 2022
,abgeschlossen. Im Gebäude wurden Wissensstationen in
Zum Saisonstart konnte der neu gestaltete Himalaya-,"Betrieb genommen, der Außenbereich wurde mit einem"
Bereich inklusive Tierbeschilderung und Didaktik eröffnet,Lehrpfad ausgestattet und die Tieranlagen im und um das
werden. Hier wurden neben selbst entworfenen Infostelen,Pinguinhaus haben ein neues Tierbeschilderungssystem
im tibetanischen Stil viele didaktische Elemente elegant,erhalten.
integriert. Neben vielschichtigen Informationen zu den,
Tieren im Himalaya nimmt das Thema Artenschutz inner-,Im Projekt „Neubau der Nashornanlage“ wurden im vierten
halb der Didaktik einen sehr wichtigen Platz ein.,Quartal 2022 die Ausschreibungen für die Maßnahmen
,"hinsichtlich didaktischer Elemente, der Tierbeschilderung,"
Der kontinuierliche Ausbau des didaktischen Lehrpfads,des Artenschutzes und gestalterischer Elemente erstellt und
in der Tierparkschule wurde planmäßig fortgesetzt. Im,beauftragt. Die Fertigstellung der Maßnahmen „Neubau
"Dezember konnten alle Exponate, die für Phase 2 geplant",der Nashornanlage“ ist für 2023 geplant.
"wurden, montiert werden. Im Folgejahr wird Phase 3 und",
damit der gesamte Lehrpfad fertiggestellt.,Das Aquarium wird eine komplette Erneuerung der Besu-
,"cherbereiche erfahren, bei der eine neue Tierbeschilderung,"
Parallel zur Baumaßnahme schritten die Arbeiten am Evo-,"digitale und analoge Aktivstationen, eine Personenfüh-"
"lutionspfad an der Otteranlage voran, die sich gestalterisch",rung via Smartphone (BYOD) und moderne Infografiken
an einer spannenden Detektiv-Ermittlungsgeschichte,integriert werden.
orientiert und über zehn interaktive Infostelen führt. Die,
Ausarbeitung der Inhalte und Grafiken befindet sich in den,Im vierten Quartal 2022 erfolgte die Konzepterstellung
"letzten Zügen, sodass im ersten Quartal des Folgejahres",und Planung zur Neugestaltung der Anlage „Bären und
