VÖGEL,AVES,2019,geboren,Zugänge,gestorben,Abgabe,2020,Unnamed: 0,Unnamed: 1,Unnamed: 2,Unnamed: 3,Unnamed: 4,Unnamed: 5,Unnamed: 6,Unnamed: 7,Unnamed: 8,Unnamed: 9,Unnamed: 10,Unnamed: 11
Greifvögel,Falconiformes,m,w,u,m,w,u,m,w,u,m,w,u,m,w,u,m,w,u
Parabuteo  unicinctus,0,3,0,0,0,0,0,0,0,0,0,0,0,0,0,0,3,,
Geranoaetus melanoleucus,2,1,0,0,0,0,0,0,0,1,1,0,0,0,0,1,0,,
Haliaeetus a. albicilla,1,1,0,0,0,0,0,0,0,0,1,0,0,0,0,1,0,,
Haliaeetus leucocephalus,2,1,0,0,0,0,0,0,0,0,0,0,0,0,0,2,1,,
Haliaeetus pelagicus,1,2,0,0,0,0,0,0,0,0,0,0,0,1,0,1,1,,
Harpia harpyia,1,0,0,0,0,0,0,0,0,0,0,0,0,0,0,1,0,,
Polemaetus bellicosus,1,1,0,0,0,0,0,0,0,0,0,0,0,0,0,1,1,,
Gypaetus barbatus,2,2,0,0,0,0,1,1,2,0,0,2,1,1,0,2,2,,
Gyps africanus,1,1,0,0,0,0,0,0,1,0,0,1,0,0,0,1,1,,
Gyps fulvus,3,4,0,0,0,0,0,0,0,1,0,0,0,2,0,2,2,,
Gyps himalayensis,1,2,0,0,0,0,0,0,0,0,0,0,0,0,0,1,2,,
Gyps ruepelli,2,2,0,0,0,0,0,0,0,0,0,0,0,0,0,2,2,,
Necrosyrtes monachus,2,2,0,0,0,0,0,0,1,0,0,1,0,0,0,2,2,,
Neophron percnopterusginginianus,1,1,0,0,0,0,0,0,0,0,1,0,0,0,0,1,0,,
Theratopius ecaudatus,1,0,0,0,0,0,0,0,0,0,0,0,0,0,0,1,0,,
Trigonoceps occipitalis,1,1,0,0,0,0,0,0,0,0,0,0,0,0,0,1,1,,
Phalcoboenus australis,2,1,0,0,0,0,0,2,0,0,0,0,0,0,0,2,3,,
Phalcoboenus megalopterus,1,1,0,0,0,0,0,0,0,0,0,0,0,0,0,1,1,,
Falco tinnunculus,0,1,0,0,0,0,0,0,0,0,0,0,0,0,0,0,1,,
Falco biarmicus,1,1,0,0,0,0,0,0,0,0,0,0,0,0,0,1,1,,
Falco cherrug,1,0,0,0,0,0,0,0,0,0,0,0,0,0,0,1,0,,
Falco peregrinus,2,0,0,0,0,0,0,0,0,0,0,0,0,0,0,2,0,,
