VÖGEL,AVES,2018,geboren,Zugänge,gestorben,Abgabe,2019,Unnamed: 0,Unnamed: 1,Unnamed: 2,Unnamed: 3,Unnamed: 4,Unnamed: 5,Unnamed: 6,Unnamed: 7,Unnamed: 8,Unnamed: 9,Unnamed: 10,Unnamed: 11
Sperlingsvögel,Passeriformes,m,w,u,m,w,u,m,w,u,m,w,u,m,w,u,m,w,u
Goldscheitelwürger,Laniarius barbarus,1,1,0,0,0,0,0,0,0,0,0,0,0,0,0,1,1,0
,Lanius cabanisi,2,1,0,0,0,0,0,0,0,1,0,0,0,0,0,1,1,
Geierrabe,Corvus albicollis,1,1,0,0,0,0,0,0,0,0,0,0,0,0,0,1,1,0
,Corvus albus,1,0,0,0,0,0,0,0,0,0,0,0,1,0,0,0,0,
Trompeterparadieskrähe,Phonygammus keraudrenii,1,0,0,0,0,0,0,0,0,0,0,0,0,0,0,1,0,0
,Pycnonotus jocosus,2,2,2,0,0,0,0,0,0,0,0,0,0,0,0,2,2,
Gelbsteissbülbül,Pycnonotus xanthorrous,1,1,0,0,0,0,0,0,0,0,0,0,1,1,0,0,0,0
,Pycnonotus barbatus,1,0,0,0,0,0,0,0,0,0,0,0,0,0,0,1,0,
Weißohrbülbül,Pycnonotus leucogenys,1,0,0,0,0,0,0,0,0,1,0,0,0,0,0,0,0,0
,Zosterops kikuyuensis,0,0,2,0,0,0,0,0,0,0,0,0,0,0,0,0,0,
Senegal-Brillenvogel,Zosterops senegalensis,0,0,0,0,0,0,2,2,0,0,0,0,0,0,0,2,2,0
,Chloropsis hardwickii,2,1,0,0,0,0,0,0,0,1,0,0,1,0,0,0,1,
Elfenblauvogel,Irena puella,1,1,0,0,0,0,0,0,0,1,0,0,0,0,0,0,1,0
,Garrulax bicolor,0,0,0,0,0,0,1,1,0,0,0,0,0,0,0,1,1,
Blaukappenhäherling,Garrulax courtoisi,0,0,0,0,0,0,2,1,0,0,0,0,1,0,0,1,1,0
,Acridotheres melanopterus,0,1,0,0,0,0,0,0,0,0,0,0,0,0,0,0,1,
Hirtenmania,Acridotheres tristis,0,1,0,0,0,0,0,0,0,0,1,0,0,0,0,0,0,0
,Aplonis panayensis,2,6,10,0,0,0,0,0,0,0,0,0,0,0,0,2,6,
Amethystglanzstar,Cinnyricinclus leucogaster,3,4,0,0,0,0,0,0,0,0,1,0,1,1,0,2,2,0
,Cosmopsarus regius,7,4,0,1,1,0,0,0,0,3,3,0,2,0,0,3,2,
Lappenstar,Creatophora cinerea,3,3,0,0,0,0,0,0,0,0,1,0,0,0,0,3,3,0
,Gracula religiosa intermedia,1,0,0,0,0,0,1,0,0,0,0,0,2,0,0,0,0,
Grünschwanzglanzstar,Lamprotomis chalybaeus,0,0,1,0,0,0,0,0,0,0,0,0,0,0,0,0,0,1
