führung berufen. Der ehemaligen Geschäftsführung wurde,tungsregelungen er folgen durch den Aufsichtsrat der
aufgrund noch nicht vollständig geklärter Vorfälle im,Zoologischer Garten Berlin AG.
Geschäftsjahr 2013 für die Jahre 2013 und 2014 noch keine,
Entlastung erteilt. Die Geschäftsführung hat ausschließlich,II.11 und 12
im Interesse des Unternehmens und dessen nachhaltiger,„Directors & Officers“-Versicherungen sind für den Auf-
Wertsteigerung gearbeitet; das Unternehmen benach-,sichtsrat und mit gesetzlichem Selbstbehalt für die Ge-
teiligende Tätigkeiten wurden nicht ausgeübt. Für die,schäftsführung abgeschlossen worden.
Einhaltung der gesetzlichen Bestimmungen wurde von der,
Geschäftsführung Sorge getragen. Die Geschäftsführung,III. AUFSICHTSRAT
verfügt über Instrumente zum Risikomanagement und,III.1 und 2
"Risikocontrolling, die ständig weiterentwickelt werden. So",Der Aufsichtsrat hat seine Aufgaben nach dem Gesellschafts-
"erfolgt ein regelmäßiges Reporting an den Aufsichtsrat,",vertrag und der Geschäftsordnung für den Aufsichtsrat
welches die wichtigsten Kennzahlen sowie einen Soll-Ist-,wahrgenommen. Er wurde in Entscheidungen von grund-
Vergleich und einen Vergleich mit dem Vorjahr enthält.,legender Bedeutung für das Unternehmen einbezogen
Weiterhin werden mithilfe von Planungsrechnungen und,und sah keinen ergänzenden Regelungsbedarf. Er hat über
Szenarien die Risiken geschätzt und bewertet sowie die,die im Gesellschaftsvertrag und in der Geschäftsordnung
"möglichen Einflüsse auf Umsatz, Aufwand und Ergebnis",festgelegten Geschäfte hinaus keine weiteren an seine
dargestellt. Die Tagesumsätze und Besucherzahlen wer-,Zustimmung gebunden. Sitzungsfrequenzen und Zeitbud-
den der Geschäftsführung täglich zur Verfügung gestellt.,gets entsprechen den Erfordernissen des Unternehmens.
