SÄUGETIERE,MAMMALIA,2018,geboren,Zugänge,gestorben,Abgabe,2019,Unnamed: 0,Unnamed: 1,Unnamed: 2,Unnamed: 3,Unnamed: 4,Unnamed: 5,Unnamed: 6,Unnamed: 7,Unnamed: 8,Unnamed: 9,Unnamed: 10,Unnamed: 11
Rüsseltiere,Proboscidea,m,w,u,m,w,u,m,w,u,m,w,u,m,w,u,m,w,u
Asiatischer Elefant,Elephas maximus,1,6,0,0,0,0,0,0,0,0,0,0,0,0,0,1,6,0
,Loxodonta africana,0,3,0,0,0,0,0,0,0,0,0,0,0,0,0,0,3,
Unpaarhufer,Perissodactyla,m,w,u,m,w,u,m,w,u,m,w,u,m,w,u,m,w,u
Przewalskipferd,Equus przewalskii,3,6,0,0,1,0,0,2,0,0,0,0,2,1,0,1,8,0
,,0,2,0,0,0,0,0,0,0,0,0,0,0,0,0,0,2,
Shetlandpony,,1,3,0,0,0,0,0,0,0,0,0,0,0,0,0,1,3,0
,Equus hemionus kulan,1,6,0,0,0,0,0,0,0,0,1,0,0,0,0,1,5,
Östlicher Kiang,Equus kiang holdereri,2,8,0,0,0,0,0,0,0,0,0,0,0,0,0,2,8,0
,,1,2,0,0,0,0,0,1,0,0,0,0,0,1,0,1,2,
Zwergesel,,1,6,0,0,0,0,0,0,0,0,0,0,0,2,0,1,4,0
,Equus africanus somaliensis,1,8,0,0,0,0,0,0,0,0,1,0,0,2,0,1,5,
Chapman-Zebra,Equus burchellii chapmanni,1,4,0,0,0,0,0,0,0,0,0,0,0,0,0,1,4,0
,Equus grevyi,1,3,0,1,0,0,0,0,0,0,0,0,1,1,0,1,2,
Hartmann-Bergzebra,Equus zebra hartmannae,1,5,0,1,0,1,0,0,0,0,0,1,1,1,0,1,4,0
,Rhinoceros unicornis,2,1,0,0,0,0,0,0,0,0,0,0,2,1,0,0,0,
Paarhufer,Artiodactyla,m,w,u,m,w,u,m,w,u,m,w,u,m,w,u,m,w,u
Chaco-Pekari,Catagonus wagneri,8,7,0,5,4,0,0,0,0,2,1,0,0,0,0,11,10,0
,Potamochoerus porcus,3,0,0,0,0,0,0,0,0,0,0,0,0,0,0,3,0,
Sulawesi-Hirscheber,Babyrousa celebensis,0,0,0,0,0,0,0,2,0,0,0,0,0,0,0,0,2,0
,,2,3,18,0,0,0,0,0,0,0,0,0,2,3,18,0,0,
Mangalizaschwein,,1,2,0,0,0,0,0,0,0,0,0,0,1,2,0,0,0,0
,,2,7,0,0,0,0,0,0,0,0,0,0,1,0,0,1,7,
Dromedar,,1,6,0,2,1,0,0,0,0,1,0,0,0,0,0,2,7,0
,Lama guanicoe,5,6,0,0,1,0,0,0,0,0,1,0,3,0,0,2,6,
Vikunja,Vicugna vicugna,1,5,0,1,1,0,0,0,0,0,0,0,0,0,0,2,6,0
,,1,8,0,0,0,0,0,0,0,0,0,0,0,0,0,1,8,
Alpaka,,1,4,0,0,1,0,0,0,0,0,0,0,0,0,0,1,5,0
,Alces alces alces,2,0,0,0,0,0,0,0,0,0,0,0,0,0,0,2,0,
Rentier,Rangifer tarandus,0,4,0,0,0,0,3,1,0,0,1,0,1,0,0,2,4,0
,Axis kuhlii,1,3,0,0,2,1,0,0,0,0,1,1,0,0,0,1,4,
Schweinshirsch,Axis porcinus,2,2,0,1,0,0,0,0,0,0,0,0,1,0,0,2,2,0
,Cervus elaphus barbarus,1,4,0,0,0,0,0,0,0,0,0,0,0,0,0,1,4,
Wapiti,Cervus elaphus manitobensis,2,4,0,2,1,0,0,0,0,2,0,0,0,0,0,2,5,0
,Cervus elaphus sibiricus,2,5,0,1,1,0,0,0,0,0,0,0,1,0,0,2,6,
Zwergwapiti,Cervus elaphus nannodes,2,3,0,1,0,0,0,0,0,0,0,0,3,3,0,0,0,0
,Cervus elaphus bactrianus,2,6,0,1,1,0,0,0,0,0,1,0,0,0,0,3,6,
Vietnam-Sika,Cervus nippon pseudaxis,2,7,0,3,2,0,0,0,0,1,1,0,1,1,0,3,7,0
Dama dama mesopotamica,2,5,0,2,2,0,0,1,0,2,0,0,0,0,0,2,8,,
