Die Gesellschaft verfügt zum Bilanzstichtag über ein Ei-,während in den Abteilungen Zoologie/Tierpflege sowie
"genkapital in Höhe von rd. 8,859 Mio. € (Vj.: 7,599 Mio. €),",Technik und Park die Belegschaft mehrheitlich männlich
das sich durch den Jahresüberschuss 2021 entsprechend,ist. Bei den Auszubildenden konnte auch in diesem Jahr
erhöht hat. Die bilanzielle Eigenkapitalquote (ohne Son-,ein ausgeglichenes Verhältnis erreicht werden. Insgesamt
derposten) beträgt 16 % und ist aufgrund der Erhöhung,bildet nach wie vor die Altersgruppe zwischen 50 und 59
der Bilanzsumme – insbesondere durch den erhöhten,Jahren mit gut rd. 32 % den größten Anteil. Ebenfalls un-
Sonderposten für Investitionszuschüsse – gegenüber dem,verändert sind rd. 45 % der Belegschaft über 50 Jahre alt.
Vorjahr leicht gesunken (Vj.: 18 %).,
,NACHHALTIGKEIT UND UMWELTSCHUTZ
Der ab 2018 gebildete Sonderposten für öffentliche In-,"Zoo und Tierpark Berlin sind große, grüne Oasen in der"
vestitionszuschüsse zum Anlagevermögen beträgt zum,Großstadt. Sie haben allein aufgrund ihres Gesellschafts-
"Bilanzstichtag 30,683 Mio. € und bildet rd. 56 % des Ge-",zweckes ein großes ökologisches Interesse und möch-
samtvermögens.,ten ihre Besucher für diese Themen sensibilisieren. Die
,insgesamt knapp 200 Hektar große parkähnliche Fläche
"Das Fremdkapital (einschl. Rechnungsabgrenzungsposten,",mit ihrem zum Teil jahrhundertealten Baumbestand von
ohne Sonderposten) hat sich im Vergleich zum Vorjahr,rund 15.000 Bäumen spielt eine wichtige Rolle für das
"deutlich erhöht (+62 %, +5,787 Mio. €) und beträgt zum",lokale Stadtklima. Als gemeinnützige Einrichtung mit ei-
"Bilanzstichtag rd. 15,188 Mio. € (Vj.: 9,401 Mio. €). Die Erhö-",ner langjährigen Tradition ist der Tierpark Berlin nicht auf
hung der Verbindlichkeiten resultiert zum überwiegenden,"kurzfristige Gewinne, sondern auf das langfristige Bestehen"
"Teil aus noch nicht verwendeten investiven Fördermitteln,",der Einrichtung sowie ihrer Umwelt ausgerichtet. Denn der
die zum Bilanzstichtag noch nicht verwendet worden sind.,größte Bedrohungsfaktor für die Biodiversität und damit
In den Verbindlichkeiten sind darüber hinaus zweckgebun-,vieler Tierarten ist der Verlust ihrer Lebensräume. Diese
"dene Spenden, die im Berichtsjahr noch nicht verwendet",fallen dem zunehmenden Ressourcenbedarf einer stetig
wurden und die Verbindlichkeiten aus dem Gesellschafter-,wachsenden Weltbevölkerung und ihres Konsumverhaltens
darlehen enthalten. Der Anteil des Fremdkapitals (einschl.,"zum Opfer. Ressourcen schonen, Lebensraum schützen,"
Rechnungsabgrenzungsposten) am Gesamtvermögen,Arten retten – diese Gedanken vermitteln die drei Einrich-
beträgt rd. 28 % (Vj.: 22%).,"tungen nicht nur an ihre Gäste, sondern streben auch bei"
,"der eigenen Arbeitsweise einen ökologisch, ökonomisch"
PERSONAL,und sozial nachhaltigen Weg an.
Am 31.12.2022 waren 211 Mitarbeitende und 14 Auszubil-,
dende bei der Tierpark Berlin-Friedrichsfelde GmbH be-,Der Verbrauch von Energie und Nachhaltigkeit beim Bauen
schäftigt. Im Jahresdurchschnitt waren insgesamt 226 (Vj.:,"sind Themen, die im operativen Tagesgeschäft der Tech-"
220) Beschäftigte für die Gesellschaft tätig und damit drei,nik eine besondere Bedeutung haben. Mit der Ziel- und
mehr als im Vorjahr. Hier wurden vor allem altersbedingt,Entwicklungsplanung für den Tierpark Berlin wurde ein
"frei gewordene Stellen wieder besetzt, wobei aufgrund",umfassendes und langfristig angelegtes Entwicklungs-
der Arbeitsmarktlage nicht alle freien Stellen wie geplant,"konzept erarbeitet, dessen Ergebnis die Neuausrichtung"
wieder vergeben werden konnten. Darüber hinaus wurde,auf einen zeitgemäßen und attraktiven Zoobetrieb ist. Das
die Belegschaft im Jahresdurchschnitt von 16 Saisonmit-,Erfolgskonzept beinhaltete jedoch nicht nur artgerechte
arbeiter*innen unterstützt. Auch diese Zahl hat sich nach,und zukunftsweisende Tierhaltung in weitläufigen und ein-
der Pandemie planmäßig wieder erhöht.,zigartigen Lebensräumen und ein modernes Bildungs- und
,"Artenschutzkonzept, sondern auch ökologisch optimierte"
In der Tierpark Berlin-Friedrichsfelde GmbH sind rd. 41 %,"Betriebssysteme, die eine wirtschaftliche und nachhaltige"
(Vj.: 39 %) der Belegschaft weiblich und rd. 59 % (Vj.: 61 %),Betriebsführung gewährleisten. Im Rahmen der baulichen
männlich. Die Verteilung ist dabei insgesamt weiterhin,Weiterentwicklung sollen unnötige Betriebsausgaben für
relativ ausgeglichen. Mehrheitlich weiblich besetzt sind,Gebäude vermieden und das vorhandene Potenzial besser
vor allem die Abteilungen Kommunikation und Marke-,genutzt werden. Sanierungsmaßnahmen werden daher
"ting und Verwaltung einschließlich Kassen und Kontrolle,",– soweit notwendig und sinnvoll – mit einer Modernisierung
