Die Gesellschaft wies zum Abschlussstichtag die,Das Anlagevermögen wurde zu Anschaffungs-
Größenmerkmale einer großen Kapitalgesellschaft,"bzw. Herstellungskosten, vermindert um planmä-"
gemäß § 267 Abs. 3 HGB auf und bilanziert gemäß,"ßige, der Nutzungsdauer entsprechende lineare"
den Vorschriften für große Kapitalgesellschaften.,"Abschreibungen, angesetzt. Die Immateriellen"
,Vermögensgegenstände werden zwischen drei
Die Gewinn- und Verlustrechnung wurde nach,und fünf Jahren abgeschrieben. Die Gebäude
dem Gesamtkostenverfahren aufgestellt. Die,und Anlagen werden grundsätzlich zwischen drei
Spenden- und Nachlasserträge sowie die Mit-,"und 50 Jahren abgeschrieben. Andere Anlagen,"
telverwendung wurden entsprechend in der,Betriebs- und Geschäf tsausstattung werden
