VÖGEL,AVES,2016,geboren,Zugänge,gestorben,Abgabe,2017,Unnamed: 0,Unnamed: 1,Unnamed: 2,Unnamed: 3,Unnamed: 4,Unnamed: 5,Unnamed: 6,Unnamed: 7,Unnamed: 8,Unnamed: 9,Unnamed: 10,Unnamed: 11
Kuckucksvögel,Cuculiformes,m,w,u,m,w,u,m,w,u,m,w,u,m,w,u,m,w,u
Schildturako,Musophaga violacea,1,0,0,0,0,0,0,0,0,0,0,0,0,0,0,1,0,0
,Corythalxoides personatus,2,0,0,0,0,0,0,0,0,0,0,0,0,0,0,2,0,
Weißbauch-Lärmvogel,Criniferoides leucogaster,1,0,0,0,0,0,0,0,0,0,0,0,0,0,0,1,0,0
,Scythrops novaehollandiae,1,1,0,0,0,0,0,0,0,0,0,0,0,0,0,1,1,
Guira-Kuckuck,Guira guira,0,0,3,1,4,0,2,3,0,0,0,0,1,2,0,2,5,3
,Geococcyx californianus,2,2,0,0,0,1,0,0,0,0,0,0,0,0,0,2,2,
Weißbrauenkuckuck,Centropus superciliosus,1,0,0,0,0,0,0,0,0,1,0,0,0,0,0,0,0,0
Eulen,Strigiformes,m,w,u,m,w,u,m,w,u,m,w,u,m,w,u,m,w,u
Europäischer Uhu,Bubo bubo bubo,0,2,0,0,0,0,0,0,0,0,0,0,0,0,0,0,2,0
,Bubo scandiacus,0,0,0,4,0,0,0,0,0,0,0,0,0,0,0,4,0,
BrasilianischerSperlingskauz,Glaucidium brasilianum,1,1,0,0,0,0,0,0,0,1,1,0,0,0,0,0,0,0
,Otus scops,1,0,0,0,0,0,0,0,0,0,0,0,0,0,0,1,0,
Weißgesichts-Ohreule,Ptilopsis (Otus) leucotis,0,1,0,0,0,0,0,0,0,0,1,0,0,0,0,0,0,0
,Pulsatrix perspicillata,1,3,0,0,0,0,0,0,0,0,0,0,0,0,0,1,3,
Bartkauz,Strix nebulosa,1,2,0,0,0,0,0,0,0,1,0,0,0,0,0,0,2,0
Schwalmvögel,Caprimulgiformes,m,w,u,m,w,u,m,w,u,m,w,u,m,w,u,m,w,u
Eulenschwalm,Podargus strigoides,0,1,0,0,0,0,0,0,0,0,1,0,0,0,0,1,0,0
,,,,,,,,,,,,,,,,,,,
,,,,,,,,,,,,,,,,,,,
Braunflügel-Mausvogel,Colius striatus kikujuensis,1,1,1,0,0,0,0,0,0,0,0,0,0,0,0,1,1,1
,Urocolius macrourus,1,0,0,0,0,0,0,0,0,0,0,0,0,0,0,1,0,
Rackenvögel,Coraciiformes,m,w,u,m,w,u,m,w,u,m,w,u,m,w,u,m,w,u
Strichelracke,Coracias naevia,2,2,0,0,0,0,0,0,0,1,1,0,0,0,0,1,1,0
,Coracias cyanogaster,3,2,0,1,0,0,0,0,0,0,0,0,0,0,0,4,2,
Blauflügel-Jägerliest,Dacelo leachii,1,1,0,3,0,0,0,0,0,0,0,0,0,0,0,4,1,0
,Dacelo novaeguineae,1,1,0,0,0,0,0,0,0,0,0,0,0,0,0,1,1,
Braunkopfliest,Halcyon albiventris,1,1,0,0,0,0,0,0,0,0,1,0,0,0,0,1,0,0
,Merops bullockoides,1,2,0,0,0,0,0,0,0,1,1,0,0,0,0,0,1,
Scharlachspint,Merops nubicus,0,1,0,0,0,0,0,0,0,0,0,0,0,0,0,0,1,0
,Upupa epops,3,0,0,0,0,0,0,0,0,1,0,0,0,0,0,2,0,
Von der Deckens Toko,Tockus deckeni,2,0,0,0,0,0,0,0,0,0,0,0,1,0,0,1,0,0
,Anthracoceros albiirostris,1,1,0,0,0,0,0,0,0,1,0,0,0,0,0,0,1,
Silberwangen-Hornvogel,Bycanistes brevis,1,1,0,0,0,0,0,0,0,0,0,0,0,0,0,1,1,0
,Bucorvus abyssinicus,1,0,0,0,0,0,0,0,0,0,0,0,0,0,0,1,0,
Südl. Hornrabe,Bucorvus leadbeateri,1,2,0,0,0,0,0,0,0,0,0,0,0,1,0,1,1,0
Spechtvögel,Piciformes,m,w,u,m,w,u,m,w,u,m,w,u,m,w,u,m,w,u
Senegal-Furchen-schnabel-Bartvogel,Pogonornis dubius,3,2,0,2,2,0,0,0,0,0,0,0,2,1,0,3,3,0
Trachyphonus darnaudii,1,0,0,0,0,0,0,0,0,1,0,0,0,0,0,0,0,,
