SÄUGETIERE MAMMALIA,Unnamed: 0,2019,Unnamed: 1,geboren,Zugänge,gestorben,Abgabe,Unnamed: 2,Unnamed: 3,2020,Unnamed: 4
Kloakentiere Monotremata,m,w,u,m w u,m w u,m w u,m w,u,m,w,u
Neuguinea- Tachyglossus aculeatus,,,,,,,,,,,
0Kurzschnabeligel lawesii,2,1,0,0 0 0,0 0 0,0 0 0,0 0,0,2,1,
Beuteltiere Marsupialia,m,w,u,m w u,m w u,m w u,m w,u,m,w,u
Goodfellow-,,,,,,,,,,,
0BaumkänguruDendrolagus goodfellowi,0,0,0,0 0 0,0 1 0,0 0 0,0 0,0,0,1,
Westliches Graues Macropus fuliginosus,,,,,,,,,,,
0Riesenkänguru melanops,4,2,0,0 0 0,0 0 0,0 0 0,2 0,0,2,1,
Östliches Bergkänguru Macropus robustus robustus,6,4,0,3 0 0,0 0 0,0 0 0,1 1,0,8,3,0
Ringelschwanz- Petrogale xanthopus,,,,,,,,,,,
0Felsenkänguru xanthopus,1,8,0,1 1 0,0 0 0,0 0 0,0 0,0,2,9,
Südlicher Neuguinea-,,,,,,,,,,,
0FilanderThylogale brunii,0,0,0,1 0 0,1 1 0,0 0 0,0 0,0,2,1,
Rüsselspringer Macroscelidea,m,w,u,m w u,m w u,m w u,m w,u,m,w,u
Kurzohr-Rüsselspringer Macroscelides proboscideus,1,1,0,0 0 5,0 0 0,0 0 5,1 1,0,0,0,0
Insektenfresser Eulipotyphla,m,w,u,m w u,m w u,m w u,m w,u,m,w,u
Etrusker-Spitzmaus Suncus etruscus,0,1,0,6 1 6,3 3 0,9 5 6,0 0,0,0,0,0
Fledertiere Chiroptera,m,w,u,m w u,m w u,m w u,m w,u,m,w,u
Indischer Riesen  ughund Pteropus giganteus,5,9,9,2 1 3,0 0 0,4 3 4,0 0,0,8,10,0
