SÄUGETIERE,MAMMALIA,2015,Zugänge,geboren,gestorben,Abgabe,2016,Unnamed: 0,Unnamed: 1,Unnamed: 2,Unnamed: 3,Unnamed: 4,Unnamed: 5,Unnamed: 6,Unnamed: 7,Unnamed: 8,Unnamed: 9,Unnamed: 10,Unnamed: 11
Paarhufer,Artiodactyla,m,w,u,m,w,u,m,w,u,m,w,u,m,w,u,m,w,u
Alpengemse,Rupicapra rupicaprarupicapra,2,4,0,0,0,0,1,1,0,2,0,0,1,1,0,0,4,0
,Capra falconeri heptneri,6,8,0,0,0,0,3,4,0,2,2,0,2,2,0,5,8,
Alpensteinbock,Capra ibex ibex,9,4,0,0,0,0,1,1,0,1,1,0,0,0,0,9,4,0
,,3,7,0,0,0,0,0,0,0,0,0,0,0,1,0,3,6,
Damaraziege,,1,3,0,0,0,0,0,0,0,0,0,0,0,0,0,1,3,0
,,6,9,0,0,0,0,6,3,0,4,0,0,5,6,0,3,6,
Kamerun-Zwergziege,,0,9,0,0,0,0,0,0,0,0,0,0,0,0,0,0,9,0
,,1,3,0,0,0,0,0,0,0,0,0,0,0,0,0,1,3,
Kreishornschaf,Ovis ammon cycloceros,2,7,0,0,0,0,3,3,0,0,3,0,0,0,0,5,7,0
,Ovis ammon polii,2,1,0,0,0,0,1,0,0,0,0,0,0,0,0,3,1,
Mufflon,Ovis ammon musimon,3,4,0,0,0,0,0,0,0,0,0,0,0,0,0,3,4,0
,,0,2,0,0,0,0,0,0,0,0,0,0,0,0,0,0,2,
Zackelschaf,,1,6,0,0,0,0,1,7,0,0,1,0,1,6,0,1,6,0
,,1,4,0,0,0,0,1,2,0,0,0,0,0,0,0,2,6,
Hissar-Fettsteißschaf,,1,5,0,0,1,0,3,2,0,1,1,0,2,3,0,1,4,0
,,1,6,0,0,0,0,4,2,0,0,1,0,4,3,0,1,4,
Rotkopfschaf,,1,3,0,0,0,0,4,2,0,1,0,0,0,0,0,4,5,0
,,1,4,0,0,0,0,5,2,0,1,0,0,4,3,0,1,3,
Geschecktes Bergschaf,,1,5,0,0,0,0,3,4,0,1,0,0,0,2,0,2,7,0
