VÖGEL,AVES,2017,geboren,Zugänge,gestorben,Abgabe,2018,Unnamed: 0,Unnamed: 1,Unnamed: 2,Unnamed: 3,Unnamed: 4,Unnamed: 5,Unnamed: 6,Unnamed: 7,Unnamed: 8,Unnamed: 9,Unnamed: 10,Unnamed: 11
Straußenvögel,Struthioniformes,m,w,u,m,w,u,m,w,u,m,w,u,m,w,u,m,w,u
SüdafrikanischerBlauhalsstrauß,Strutio camelus australis,1,3,0,0,0,0,0,0,0,0,0,0,0,0,0,1,3,0
,Rhea americana,0,2,0,0,0,0,0,0,0,0,0,0,0,0,0,0,2,
Helmkasuar,Casuarius casuarius,1,1,0,0,0,0,0,0,0,0,0,0,0,0,0,1,1,0
,Dromaius novaehollandiae,1,1,0,0,0,0,0,0,0,0,0,0,0,0,0,1,1,
Nördlicher Streifenkiwi,Apteryx australis mantelli,5,4,0,0,0,0,0,0,0,0,0,0,0,0,0,5,4,0
Hühnervögel,Galliformes,m,w,u,m,w,u,m,w,u,m,w,u,m,w,u,m,w,u
Australisches Buschhuhn,Alectura lathami lathami,1,0,0,0,0,0,0,1,0,0,0,0,0,0,0,1,1,0
,Pipile cumanensis,0,1,0,0,0,0,1,0,0,0,0,0,0,0,0,1,1,
Tuberkel-Hokko,Crax rubra,1,1,0,0,0,0,0,0,0,0,0,0,0,0,0,1,1,0
,Crax fasciolata,1,0,0,0,0,0,0,0,0,0,0,0,0,0,0,1,0,
Helmperlhuhn,Numida meleagris f. dom.,1,1,9,0,0,8,0,0,0,0,0,1,0,0,8,1,1,8
,Arborophila gingica,0,0,0,0,0,0,2,2,0,0,0,0,0,0,0,2,2,
Harlekinwachtel,Coturnix delegorgnei,2,0,0,5,2,2,0,1,0,0,0,0,0,0,2,7,3,0
,Coturnix chinensis,7,4,0,1,2,3,0,0,0,2,0,1,3,3,0,3,3,
Strausswachtel,Rollulus roulroul,3,3,2,9,5,7,0,0,0,0,2,2,5,3,0,9,3,5
,Gallus gallus,2,3,0,4,5,0,1,1,0,1,0,0,0,0,0,6,9,
Federfüßiges Zwerghuhn,Gallus gallus f. domestica,1,10,0,2,4,0,1,1,0,1,5,0,0,0,0,3,10,0
,Gallus gallus f. domestica,3,11,0,2,7,0,0,0,0,2,8,0,0,0,0,3,10,
Zwerg Lakenfelder,Gallus gallus f. domestica,3,6,0,2,10,0,0,0,0,2,6,0,0,0,0,3,10,0
,Gallus gallus f. domestica,2,9,0,1,0,0,0,0,0,0,1,0,0,0,0,3,8,
Zwergseidenhuhn,Gallus gallus f. domestica,2,10,0,2,9,0,1,0,0,2,6,0,1,4,0,3,13,0
,Gallus gallus f. domestica,4,8,0,2,5,0,0,0,0,3,3,0,0,0,0,3,10,
Sonnerathuhn,Gallus sonneratii,1,2,0,0,0,0,0,0,0,0,0,0,0,0,0,1,2,0
,Lophura edwardsi,1,1,0,0,0,0,0,0,0,0,0,0,0,0,0,1,1,
Feuerrückenfasan,Lophura ignita,1,0,0,0,0,0,0,0,0,0,0,0,0,0,0,1,0,0
,Lophura diardi,0,1,0,0,0,0,0,0,0,0,0,0,0,1,0,0,0,
Elliotfasan,Syrmaticus ellioti,1,1,0,0,1,2,0,0,0,0,0,2,0,1,0,1,1,0
,Chrysolophus amerstiae,1,1,0,0,0,0,0,0,0,0,0,0,0,0,0,1,1,
Brauner Pfaufasan,Polyplectron germaini,1,1,0,0,0,0,0,0,0,0,0,0,0,0,0,1,1,0
,Polyplectron bicalcaratum,4,0,0,0,0,0,0,0,0,1,0,0,0,0,0,3,0,
Palawan-Pfaufasan,Polyplectron napoleonis,1,1,0,2,0,0,0,0,0,0,0,0,0,0,0,3,1,0
,Argusianus argus,1,2,0,0,0,0,1,0,0,1,0,0,0,0,0,1,2,
Gelbkehlfrankolin,Pternistis leucoscepus,1,1,0,0,0,0,0,0,0,0,,0,0,0,0,1,1,0
Gänsevögel,Anseriformes,m,w,u,m,w,u,m,w,u,m,w,u,m,w,u,m,w,u
Halsband-Tschaja,Chauna torquata,1,1,0,0,0,0,0,0,0,0,0,0,0,0,0,1,1,0
,Dendrocygna arborea,0,1,0,0,0,0,0,0,0,0,0,0,0,1,0,0,0,
"Gelbbrustpfeifgans,Fahlpfeifgans",Dendrocygna bicolor,8,1,0,7,4,0,0,0,0,1,0,0,0,0,0,14,5,0
