Unnamed: 0,der Berlinwasser Holding GmbH
,(Vorsitzender)
Horst-Achim Kern . . . . . . . . . . . . . . . . . . . . . . . . . . . . . . . . . . . . . . . . . . . . . . . . . . . . . . . . . . . . . . . . .,Geschäftsführer PROHACON GmbH
,(1. stellv. Vorsitzender)
Prof. Dr. rer. hort. Klaus Neumann . . . . . . . . . . . . . . . . . . . . . . . . . . . . . . . . . . . . . . . . . . .,"Landschaftsarchitekt, Professor an"
,der Beuth-Hochschule für Technik Berlin
,(2. stellv. Vorsitzender)
Thomas Albrecht . . . . . . . . . . . . . . . . . . . . . . . . . . . . . . . . . . . . . . . . . . . . . . . . . . . . . . . . . . . . . . . . . .,Beirat der August Storck KG
Prof. Dr. med. vet. Leo Brunnberg . . . . . . . . . . . . . . . . . . . . . . . . . . . . . . . . . . . . . . . . . . .,Direktor der Klinik und Poliklinik für kleine Haustiere Berlin i. R.
Dr. Johannes Evers . . . . . . . . . . . . . . . . . . . . . . . . . . . . . . . . . . . . . . . . . . . . . . . . . . . . . . . . . . . . . . . .,Vorsitzender des Vorstands der Berliner Sparkasse
Prof. Swantje Kühn . . . . . . . . . . . . . . . . . . . . . . . . . . . . . . . . . . . . . . . . . . . . . . . . . . . . . . . . . . . . . . . .,"Architektin, Partnerin GKK Architekten BDA,"
,Professorin an der Hochschule Ostwestfalen-Lippe
Prof. Dr. Joachim Schindler . . . . . . . . . . . . . . . . . . . . . . . . . . . . . . . . . . . . . . . . . . . . . . . . . . . .,Wirtschaftsprüfer und Steuerberater
Maria Gleichmann-Pieroth . . . . . . . . . . . . . . . . . . . . . . . . . . . . . . . . . . . . . . . . . . . . . . . . . . . .,Beirätin Pieroth Wein AG und Beirätin Kohl GmbH & Co. KG
Christian Toll . . . . . . . . . . . . . . . . . . . . . . . . . . . . . . . . . . . . . . . . . . . . . . . . . . . . . . . . . . . . . . . . . . . . . . . .,"Tierpfleger, Zoo Berlin AG"
Dr. Petra Warnecke . . . . . . . . . . . . . . . . . . . . . . . . . . . . . . . . . . . . . . . . . . . . . . . . . . . . . . . . . . . . . . .,Bereichsleiterin Auftraggeber und Geschäftsentwicklung
