Tagestickets,Eintrittskarten 2022,Eintrittskarten 2021,± Vorjahr,± Vorjahr in %
Erwachsene,334.286,295.911,38.375,13 %
Ermäßigte,52.945,32.252,20.693,64 %
Kinder,133.516,109.185,24.331,22 %
Familien,0,0,0.0,--
Andere Eintrittsgelder,604,407,197.0,48 %
SUMME TAGESTICKETS,521.351,437.755,83.596,19 %
Jahreskarten Tierpark Berlin,,,,
Erwachsene,15.284,12.470,2.814,23 %
Ermäßigte,2.546,2.302,244.0,11 %
Kinder,399,310,89.0,29 %
Familien,23.601,17.593,6.008,34 %
1-2-3-Card,14.423,9.491,4.932,52 %
SUMME JAHRESKARTEN TIERPARK BERLIN,56.253,42.166,14.087,33 %
SONSTIGE TICKETS TIERPARK BERLIN*,161.361,158.921,2.44,2 %
EINTRITTSKARTEN GESAMT,738.965,638.842,100.123,16 %
ERMITTELTE BESUCHER*INNEN GESAMT**,1.606.220,1.265.569,340.651,27 %
