VÖGEL,AVES,2015,Zugänge,geboren,gestorben,Abgabe,2016,Unnamed: 0,Unnamed: 1,Unnamed: 2,Unnamed: 3,Unnamed: 4,Unnamed: 5,Unnamed: 6,Unnamed: 7,Unnamed: 8,Unnamed: 9,Unnamed: 10,Unnamed: 11
Gänsevögel,Anseriformes,m,w,u,m,w,u,m,w,u,m,w,u,m,w,u,m,w,u
Brautente,Aix sponsa,1,0,0,0,0,0,0,0,0,0,0,0,0,0,0,1,0,0
,Amazonetta b. brasiliensis,4,2,0,0,0,0,0,0,0,2,1,0,0,0,0,2,1,
Hartlaubente,Cairina hartlaubi,1,0,0,0,0,0,0,0,0,0,0,0,1,0,0,0,0,0
,Callonetta leucophrys,4,4,0,0,0,0,0,0,0,1,1,0,0,0,0,3,3,
Mähnengans,Chenonetta jubata,1,1,0,0,0,0,0,0,0,0,0,0,0,0,0,1,1,0
,Sarkidiornis melanotussylvicola,0,1,0,0,0,0,0,0,0,0,1,0,0,0,0,0,0,
Büffelkopfente,Bucephala albeola,2,3,0,0,0,0,0,0,3,0,0,3,0,0,0,2,3,0
,Bucephala c. clangula,1,2,0,0,0,0,0,0,0,0,0,0,0,0,0,1,2,
Spatelente,Bucephala islandica,2,0,0,0,0,0,0,0,0,1,0,0,0,0,0,1,0,0
,Mergus albellus,2,3,0,0,0,0,0,1,0,0,0,0,0,0,0,2,4,
Kappensäger,Mergus cucullatus,3,3,0,0,0,0,0,0,0,2,2,0,0,0,0,1,1,0
,Mergus m. merganser,1,0,0,0,0,0,0,0,0,0,0,0,0,0,0,1,0,
Schuppensäger,Mergus squamatus,1,2,0,0,0,0,0,0,0,0,0,0,0,0,0,1,2,0
,Oxyura jamaicensis,0,6,0,0,0,0,0,0,0,0,1,0,0,2,0,0,3,
Afrikanische Ruderente,Oxyura maccoa,0,1,0,0,0,0,0,0,0,0,0,0,0,0,0,0,1,0
,Oxyura vittata,1,1,0,0,0,0,0,0,0,0,0,0,0,0,0,1,1,
Höckergans,Anser anser f. domestica,2,1,0,0,0,0,0,0,0,1,0,0,0,0,0,1,1,0
,Anser anser f. domestica,0,2,0,0,0,0,0,0,0,0,1,0,0,0,0,0,1,
Indische Laufente,Anas platyrhynchos f.domestica,11,6,0,0,0,0,0,0,0,2,0,0,0,0,0,9,6,0
Greifvögel,Falconiformes,m,w,u,m,w,u,m,w,u,m,w,u,m,w,u,m,w,u
Truthahngeier,Cathartes aura,3,4,0,0,0,0,0,0,0,1,1,0,0,0,0,2,3,0
,Cathartes burrovianus,2,2,0,0,0,0,2,0,0,0,0,0,2,0,0,2,2,
Rabengeier,Coragyps atratus,1,0,0,0,0,0,0,0,0,0,0,0,1,0,0,0,0,0
,Sarcorhamphus papa,1,1,0,0,0,0,1,0,0,0,0,0,0,0,0,2,1,
Sekretär,Sagittarius serpentarius,1,1,0,0,0,0,0,0,0,0,0,0,0,0,0,1,1,0
,Aquila heliaca,1,1,0,0,0,0,0,0,0,0,0,0,0,0,0,1,1,
Steppenadler,Aquila nipalensis,1,2,0,0,0,0,0,0,0,0,0,0,0,0,0,1,2,0
,Buteo regalis,2,1,0,0,0,0,0,0,0,0,0,0,0,0,0,2,1,
Wüstenbussard,Parabuteo  unicinctus,0,3,0,0,0,0,0,0,0,0,0,0,0,0,0,0,3,0
,Geranoaetus melanoleucus,1,1,0,0,0,0,0,0,0,0,0,0,0,0,0,1,1,
Europäischer Seeadler,Haliaeetus a. albicilla,1,1,0,0,0,0,0,0,0,0,0,0,0,0,0,1,1,0
,Haliaeetus leucocephalus,2,1,0,0,0,0,2,0,0,0,0,0,1,0,0,3,1,
Riesenseeadler,Haliaeetus pelagicus,1,1,0,0,0,0,1,0,0,0,0,0,0,0,0,2,1,0
,Harpia harpyia,1,0,0,0,0,0,0,0,0,0,0,0,0,0,0,1,0,
Kampfadler,Polemaetus bellicosus,1,1,0,0,0,0,0,0,0,0,0,0,0,0,0,1,1,0
,Aegypius monachus,2,1,0,0,0,0,0,0,0,0,0,0,0,0,0,2,1,
Bartgeier,Gypaetus barbatus,2,2,0,0,0,0,1,1,0,0,0,0,1,1,0,2,2,0
Gyps africanus,2,1,0,0,0,0,0,0,0,1,0,0,0,0,0,1,1,,
