VÖGEL,AVES,2016,geboren,Zugänge,gestorben,Abgabe,2017,Unnamed: 0,Unnamed: 1,Unnamed: 2,Unnamed: 3,Unnamed: 4,Unnamed: 5,Unnamed: 6,Unnamed: 7,Unnamed: 8,Unnamed: 9,Unnamed: 10,Unnamed: 11
Straußenvögel,Struthioniformes,m,w,u,m,w,u,m,w,u,m,w,u,m,w,u,m,w,u
SüdafrikanischerBlauhalsstrauß,Strutio camelus australis,3,3,0,0,0,0,0,0,0,0,0,0,2,0,0,1,3,0
,Rhea americana,0,2,0,0,0,0,0,0,0,0,0,0,0,0,0,0,2,
Helmkasuar,Casuarius casuarius,1,1,0,0,0,0,0,0,0,0,0,0,0,0,0,1,1,0
,Dromaius novaehollandiae,1,1,0,0,0,0,0,0,0,0,0,0,0,0,0,1,1,
Nördlicher Streifenkiwi,Apteryx australis mantelli,6,3,0,0,0,0,0,1,0,0,0,0,1,0,0,5,4,0
,,,,,,,,,,,,,,,,,,,
Hühnervögel,Galliformes,m,w,u,m,w,u,m,w,u,m,w,u,m,w,u,m,w,u
Australisches Buschhuhn,Alectura lathami lathami,0,0,0,0,0,0,1,0,0,0,0,0,0,0,0,1,0,0
,Pipile cumanensis,1,1,1,0,0,0,0,0,0,1,0,0,0,1,0,0,1,
Tuberkel-Hokko,Crax rubra,1,1,0,0,0,0,0,0,0,0,0,0,0,0,0,1,1,0
,Crax fasciolata,1,0,0,0,0,0,0,0,0,0,0,0,0,0,0,1,0,
Helmperlhuhn,Numida meleagris f. dom.,1,1,0,0,0,12,0,0,0,0,0,3,0,0,0,1,1,9
,Francolinus frankolinus,1,0,0,0,0,0,0,0,0,1,0,0,0,0,0,0,0,
Harlekinwachtel,Coturnix delegorgnei,2,2,0,0,0,0,0,0,0,0,2,0,0,0,0,2,0,0
,Coturnix chinensis,8,1,0,3,4,0,0,0,0,4,1,0,0,0,0,7,4,
Strausswachtel,Rollulus roulroul,2,1,0,0,0,2,2,3,0,1,1,0,0,0,0,3,3,2
,Gallus gallus,1,5,0,0,0,0,0,0,0,1,2,0,0,0,0,2,3,
Federfüßiges Zwerghuhn,Gallus gallus f. domestica,2,10,0,1,0,0,0,0,0,2,0,0,0,0,0,1,10,0
,Gallus gallus f. domestica,0,12,0,2,1,0,1,0,0,0,2,0,0,0,0,3,11,
"Zwergchabos, schwarz mitweißen Tupfen",Gallus gallus f. domestica,4,13,0,0,0,0,0,0,0,1,0,0,3,13,0,0,0,0
,Gallus gallus f. domestica,3,4,0,1,3,0,0,0,0,1,1,0,0,0,0,3,6,
Zwergsebright-Huhn,Gallus gallus f. domestica,1,6,0,1,6,0,0,0,0,0,3,0,0,0,0,2,9,0
,Gallus gallus f. domestica,3,10,0,0,3,0,0,0,0,1,3,0,0,0,0,2,10,
Zwerg Vorwerkhühner,Gallus gallus f. domestica,2,4,0,2,4,0,0,0,0,0,0,0,0,0,0,4,8,0
,Gallus sonneratii,1,2,0,0,0,0,0,0,0,0,0,0,0,0,0,1,2,
Edwardsfasan,Lophura edwardsi,0,0,0,0,0,0,1,1,0,0,0,0,0,0,0,1,1,0
,Lophura ignita,1,0,0,0,0,0,0,0,0,0,0,0,0,0,0,1,0,
Prälatfasan,Lophura diardi,0,1,0,0,0,0,0,0,0,0,0,0,0,0,0,0,1,0
,Syrmaticus ellioti,1,1,0,0,0,0,0,0,0,0,0,0,0,0,0,1,1,
Amherstfasan,Chrysolophus amerstiae,1,0,0,0,0,0,0,1,0,0,0,0,0,0,0,1,1,0
,Polyplectron germaini,1,0,0,0,0,0,0,1,0,0,0,0,0,0,0,1,1,
Grauer Pfaufasan,Polyplectron bicalcaratum,4,0,0,0,0,0,0,0,0,0,0,0,0,0,0,4,0,0
,Polyplectron napoleonis,1,1,0,0,0,0,0,1,0,0,1,0,0,0,0,1,1,
Argusfasan,Argusianus argus,1,2,0,0,0,0,0,0,0,0,0,0,0,0,0,1,2,0
Pternistis leucoscepus,1,1,0,0,0,0,0,0,0,0,0,0,0,0,0,1,1,,
