VÖGEL,AVES,2017,geboren,Zugänge,gestorben,Abgabe,2018,Unnamed: 0,Unnamed: 1,Unnamed: 2,Unnamed: 3,Unnamed: 4,Unnamed: 5,Unnamed: 6,Unnamed: 7,Unnamed: 8,Unnamed: 9,Unnamed: 10,Unnamed: 11
Eulen,Strigiformes,m,w,u,m,w,u,m,w,u,m,w,u,m,w,u,m,w,u
Schnee-Eule,Nyctea scandiaca,1,1,0,1,1,0,0,0,0,1,1,0,0,0,0,1,1,0
,Otus megalotis,1,1,0,0,0,0,0,0,0,0,0,0,0,0,0,1,1,
Westkreischeule,Otus kennicotti,1,1,0,2,1,0,0,0,0,0,0,0,2,1,0,1,1,0
,Ptilopsis granti,1,1,0,0,0,0,0,0,0,0,1,0,0,0,0,1,1,
Kuckuckskauz,Ninox boobook,1,1,0,0,0,0,0,0,0,0,0,0,0,0,0,1,1,0
,Strix chacoensis,1,1,0,0,0,0,0,0,0,0,0,0,0,0,0,1,1,
Brasilkauz,Strix hylophila,3,2,0,0,0,0,0,0,0,0,0,0,0,0,0,3,2,0
,Strix uralensis,1,1,0,0,0,0,0,0,0,0,0,0,0,0,0,1,1,
Rackenvögel,Coraciiformes,m,w,u,m,w,u,m,w,u,m,w,u,m,w,u,m,w,u
Haubenliest,Dacelo leachii,1,2,0,0,0,0,0,0,0,0,0,0,0,0,0,1,2,0
Sperlingsvögel,Passeriformes,m,w,u,m,w,u,m,w,u,m,w,u,m,w,u,m,w,u
Anden-Felsenhahn,Rupicola peruvianus,0,1,0,0,0,0,0,0,0,0,0,0,0,1,0,0,0,0
,Cotinga cayana,1,1,0,0,0,1,0,0,0,0,0,1,0,0,0,1,1,
Gelbkopf-Pipra,Pipra erythrocephala,3,1,0,0,0,0,0,0,0,2,0,0,0,0,0,1,1,0
,Hypsipetes leucocephalus,1,1,0,0,0,0,0,0,0,0,0,0,0,0,0,1,1,
Rußbülbül,Pycnonotus cafer,1,1,0,0,0,0,0,0,0,0,0,0,0,1,1,0,0,0
,Pycnonotus jocosus,14,19,0,31,46,46,0,0,0,14,19,0,27,39,46,4,7,
Elfenblauvogel,Irena puella,1,1,0,0,0,0,0,0,0,0,0,0,0,0,0,1,1,0
,Babax lanceolatus,1,1,0,0,0,0,0,0,0,0,0,0,0,0,0,1,1,
Blaukronenhäherling,Dryonastes courtoisi,1,1,0,0,0,1,0,0,0,0,0,1,0,0,0,1,1,0
,Garrulax canorus,2,2,0,0,0,0,0,0,0,0,0,0,0,0,0,2,2,
Weißohrhäherling,Dryonastes chinensis,1,2,0,0,0,0,0,0,0,0,1,0,0,0,0,1,1,0
,Garrulax leucolophus diardi,2,2,0,1,1,7,0,0,0,0,0,7,0,1,1,2,2,
Rotschwanzhäherling,Trochalopteron milnei,1,2,0,0,0,0,0,0,0,0,0,0,0,0,0,1,2,0
,Garrulax monileger,1,0,0,0,0,0,0,0,0,0,0,0,0,0,0,1,0,
China-Graubauch-häherling,Dryonastes berthemyi,1,1,0,0,0,0,0,0,0,0,0,0,0,0,0,1,1,0
,Garrulax pectoralis,0,1,0,0,0,0,0,0,0,0,0,0,0,0,0,0,1,
Weißwangenhäherling,Pterorhinus sannio,1,1,0,0,1,4,0,0,0,0,0,4,0,0,0,1,2,0
,Liocichla omeiensis,2,2,0,0,0,1,0,1,0,2,1,1,0,0,0,0,2,
Karminflügelhäherling,Liocichla ripponi,1,1,0,0,0,0,0,0,0,0,0,0,0,0,0,1,1,0
,Myophonus caeruleus,0,1,0,0,0,0,0,0,0,0,1,0,0,0,0,0,0,
Schwarzbrustdrossel,Turdus dissimilis,2,2,0,0,0,0,0,0,0,1,1,0,0,0,0,1,1,0
,Zoothera sibirica,1,0,0,0,0,0,0,0,0,0,0,0,0,0,0,1,0,
Großer Kubafink,Tiaris olivaceus,1,0,0,0,0,0,0,0,0,1,0,0,0,0,0,0,0,0
,Loxigilla violacea,1,0,0,0,0,0,0,0,0,0,0,0,0,0,0,1,0,
Roter Kronfink,Coryphospingus cucullatus,1,0,0,0,0,0,0,0,0,0,0,0,0,0,0,1,0,0
,Cyanerpes cyaneus,0,1,0,0,0,0,0,0,0,0,0,0,0,0,0,0,1,
Veilchenorganist,Euphonia violacea,1,1,0,0,0,0,0,0,0,0,1,1,0,0,0,0,0,0
