VÖGEL,AVES,2016,geboren,Zugänge,gestorben,Abgabe,2017,Unnamed: 0,Unnamed: 1,Unnamed: 2,Unnamed: 3,Unnamed: 4,Unnamed: 5,Unnamed: 6,Unnamed: 7,Unnamed: 8,Unnamed: 9,Unnamed: 10,Unnamed: 11
,,,,,,,,,,,,,,,,,,,
,,,,,,,,,,,,,,,,,,,
Gaukler,Theratopius ecaudatus,1,1,0,0,0,0,0,0,0,0,0,0,0,0,0,1,1,0
,Trigonoceps occipitalis,1,1,0,0,0,0,0,0,0,0,0,0,0,0,0,1,1,
Falkland-Karakara,Phalcoboenus australis,2,1,0,2,0,0,0,0,0,1,0,0,1,0,0,2,1,0
,Phalcoboenus megalopterus,1,1,0,0,0,0,0,0,0,0,0,0,0,0,0,1,1,
Turmfalke,Falco tinnunculus,0,0,0,0,0,0,0,2,0,0,0,0,0,0,0,0,2,0
,Falco biarmicus,1,0,0,0,0,0,0,0,0,0,0,0,0,0,0,1,0,
Sakerfalke,Falco cherrug,1,0,0,0,0,0,0,0,0,0,0,0,0,0,0,1,0,0
,Falco peregrinus,2,0,0,0,0,0,0,0,0,0,0,0,0,0,0,2,0,
Hühnervögel,Galliformes,m,w,u,m,w,u,m,w,u,m,w,u,m,w,u,m,w,u
Östliches Wildtruthuhn,Meleagris gallopavo silvestris,0,0,0,0,0,0,1,2,0,0,1,0,0,0,0,1,1,0
,Alectoris melanocephala,1,1,0,0,0,7,0,0,0,0,0,2,0,0,5,1,1,
Indisches Bambushuhn,Bambusicola f. fytchii,1,1,0,0,0,7,0,0,0,0,0,3,0,0,4,1,1,0
,Tetraogallus himalayensis,1,0,0,0,0,0,0,0,0,1,0,0,0,0,0,0,0,
Cabottragopan,Tragopan caboti,2,1,0,0,0,0,0,0,0,0,0,0,0,0,0,2,1,0
,Tragopan satyra,1,1,0,0,1,1,0,0,0,0,1,0,0,0,1,1,1,
Temmincktragopan,Tragopan temminckii,1,1,0,0,0,7,0,0,0,0,0,1,0,0,6,1,1,0
,Pavo christatus,6,2,9,0,0,0,0,0,0,1,0,7,0,0,0,5,4,
Ährenträgerpfau,Pavo m. muticus,1,1,0,0,0,2,0,0,0,0,0,0,0,0,2,1,1,0
,Numida meleagris coronata,1,0,0,0,0,0,0,0,0,0,0,0,0,0,0,1,0,
Wallichfasan,Catreus wallichi,1,1,0,0,0,0,1,0,0,1,0,0,0,0,0,1,1,0
,Chrysolophus amherstiae,1,1,0,0,0,6,0,0,0,0,0,2,0,0,4,1,1,
Goldfasan,Chrysolophus pictus,1,1,0,0,0,6,0,0,0,0,0,0,0,0,6,1,1,0
,Crossoptilon auritum,1,1,0,0,0,13,0,0,0,0,0,2,0,0,11,1,1,
Weißer Ohrfasan,Crossoptilon crossoptilon,1,1,0,0,0,7,0,0,0,0,0,0,0,0,7,1,1,0
,Crossoptilon mantchuricum,1,1,0,0,0,11,0,0,0,0,0,5,0,0,6,1,1,
Himalayaglanzfasan,Lophophorus impejanus,1,1,0,0,0,0,0,0,0,0,0,0,0,0,0,1,1,0
,Lophura hatinhensis,1,1,0,0,0,0,0,0,0,0,0,0,0,0,0,1,1,
Berlioz Silberfasan,Lophura nycthemera berliozi,1,1,0,0,0,0,0,0,0,0,0,0,0,0,0,1,1,0
,Pucrasia macrolopha,1,1,0,0,0,0,0,0,0,0,0,0,0,0,0,1,1,
Elliotfasan,Syrmaticus ellioti,1,2,0,0,0,0,0,0,0,0,1,0,0,0,0,1,1,0
,Syrmaticus mikado,1,1,0,0,0,5,0,0,0,0,0,3,0,0,2,1,1,
Königsfasan,Syrmaticus reevesii,0,1,0,0,0,0,1,0,0,0,0,0,0,0,0,1,1,0
,Syrmaticus soemmeringiscintillans,1,1,0,0,0,0,0,0,0,0,0,0,0,0,0,1,1,
Chiwa-Edelfasan,Phasaianus colchicuschrysomelas,0,0,0,0,0,0,1,1,0,0,0,0,0,0,0,1,1,0
,Phasaianus colchicuszerafschanicus,0,0,0,0,0,0,1,1,0,0,0,0,0,0,0,1,1,
Brahma-Huhn,Gallus gallus f. domestica,2,1,0,0,0,0,2,5,0,0,1,0,0,0,0,4,5,0
Gallus gallus f. domestica,2,6,0,0,0,0,0,0,0,0,1,0,0,2,0,2,3,,
