VÖGEL,AVES,2018,geboren,Zugänge,gestorben,Abgabe,2019,Unnamed: 0,Unnamed: 1,Unnamed: 2,Unnamed: 3,Unnamed: 4,Unnamed: 5,Unnamed: 6,Unnamed: 7,Unnamed: 8,Unnamed: 9,Unnamed: 10,Unnamed: 11
Laufvögel,Struthioniformes,m,w,u,m,w,u,m,w,u,m,w,u,m,w,u,m,w,u
SüdafrikanischerBlauhalsstrauß,Struthio camelus australis,1,1,0,0,0,0,0,0,0,0,1,0,1,0,0,0,0,0
,Rhea pennata,1,2,0,0,0,3,0,0,0,0,0,3,0,0,0,1,2,
Pinguine,Sphenisciformes,m,w,u,m,w,u,m,w,u,m,w,u,m,w,u,m,w,u
Brillenpinguin,Spheniscus demersus,22,15,0,0,0,0,0,0,0,0,1,0,0,0,0,22,14,0
,Spheniscus humboldti,4,0,0,0,0,0,0,0,0,0,0,0,4,0,0,0,0,
Ruderfüßer,Pelecaniformes,m,w,u,m,w,u,m,w,u,m,w,u,m,w,u,m,w,u
Brillenpelikan,Pelecanus conspicillatus,5,5,0,0,0,0,0,0,0,0,1,0,0,0,0,5,4,0
,Pelecanus crispus,4,5,0,0,0,0,0,0,0,0,1,0,0,0,0,4,4,
Nashornpelikan,Pelecanus erythrorhynchos,4,5,0,0,2,0,0,0,0,0,0,0,0,0,0,4,7,0
,Pelecanus onocrotalus,5,4,0,0,0,0,0,0,0,0,0,0,0,0,0,5,4,
Fleckschnabelpelikan,Pelecanus philippensis,2,2,0,0,0,0,0,0,0,0,0,0,0,0,0,2,2,0
,Pelecanus rufescens,5,4,0,0,0,1,0,0,0,0,0,0,0,0,0,5,4,
Florida-Meerespelikan,Pelecanus occidentaliscarolinensis,2,2,0,0,1,2,1,0,0,0,0,1,0,0,0,3,3,1
,Phalacrocorax melanoleucos,2,4,0,0,1,0,1,0,0,1,0,0,0,0,0,2,5,
Schreitvögel,Ciconiiformes,m,w,u,m,w,u,m,w,u,m,w,u,m,w,u,m,w,u
Goliathreiher,Ardea goliath,1,0,0,0,0,0,0,0,0,0,0,0,0,0,0,1,0,0
,Ardeola grayii,2,0,0,0,0,0,0,0,0,0,0,0,0,0,0,2,0,
Prachtreiher,Ardeola speciosa,2,2,0,0,0,0,0,0,0,1,1,0,0,0,0,1,1,0
,Bubulcus ibis ibis,2,5,12,0,1,0,0,0,0,0,0,1,1,2,0,1,4,
Weißwangenreiher,Egretta novaehollandiae,3,2,0,0,0,0,0,0,0,0,0,0,0,0,0,3,2,0
,Nycticorax caledonicusmanillensis,4,2,0,0,2,0,0,0,0,0,0,0,2,1,0,2,3,
Hammerkopf / Schatten-vogel,Scopus umbretta,1,1,0,0,0,0,0,0,0,0,0,0,0,0,0,1,1,0
,Ciconia abdimii,4,3,0,0,0,0,0,0,0,0,0,0,1,1,0,3,2,
Schwarzschnabelstorch,Ciconia boyciana,2,2,0,0,0,0,1,0,0,1,0,0,0,0,0,2,2,0
,Ciconia c. ciconia,2,2,0,0,0,0,0,0,0,0,0,0,0,0,0,2,2,
Sattelstorch,Ephippiorhynchus senega-lensis,1,1,0,0,0,0,0,0,0,0,0,0,0,0,0,1,1,0
,Leptoptilos crumeniferus,1,1,0,0,0,0,0,0,0,0,0,0,0,0,0,1,1,
Afrikanischer Nimmersatt,Mycteria ibis,1,1,0,0,0,3,0,0,0,0,0,0,0,0,3,1,1,0
,Anastomus lamelligerus,2,3,0,3,2,0,1,0,0,1,2,0,2,0,0,3,3,
Waldrapp,Geronticus eremita,4,6,0,4,1,0,0,0,0,0,0,0,2,1,0,6,6,0
,Plegadis f. falcinellus,0,0,1,0,0,0,0,0,0,0,0,0,0,0,0,0,0,
Strohhalsibis,Carphibis spinicollis,10,5,0,0,1,0,0,0,0,1,1,0,0,0,0,9,5,0
,Threskiornis aethiopicus,3,3,0,0,0,0,0,0,0,0,0,0,0,0,0,3,3,
Hagedash,Hagedashia hagedash,2,1,0,0,0,0,0,0,0,0,0,0,0,0,0,2,1,0
Flamingos,Phoenicopteriformes,m,w,u,m,w,u,m,w,u,m,w,u,m,w,u,m,w,u
Chileflamingo,Phoenicopterus chilensis,2,0,30,0,0,3,0,0,0,0,0,2,0,0,1,2,0,30
Phoenicopterus ruber ruber,3,4,59,2,2,1,0,0,0,0,0,6,0,0,0,5,6,,
