SÄUGETIERE MAMMALIA,Unnamed: 0,2015,Unnamed: 1,geboren,Zugänge,gestorben,Abgabe,Unnamed: 2,Unnamed: 3,2016,Unnamed: 4
Biber,m,w,u,m w u,m w u,m w u,m w u,,m,w,u
Europäischer Biber Castor fiber,1,3,0,2 0 1,0 0 0,0 0 1,0 0 0,,3,3,0
Taschenspringer,m,w,u,m w u,m w u,m w u,m w u,,m,w,u
Merriams Kängururatte Dipodomys merriami,2,1,0,0 0 0,0 0 0,0 0 0,0 0 0,,2,1,0
Hamster,m,w,u,m w u,m w u,m w u,m w u,,m,w,u
Roborowski-Zwerghamster Phodopus roborovskii,0,0,0,0 0 0,2 2 0,0 0 0,0 0 0,,2,2,0
Rennmäuse,m,w,u,m w u,m w u,m w u,m w u,,m,w,u
Blasse Wüstenspringmaus Gerbillus perpallidus,8,16,0,0 0 0,0 0 0,3 0 0,0 4 0,,5,12,0
Springhasen,m,w,u,m w u,m w u,m w u,m w u,,m,w,u
Springhase Pedetes capensis,2,6,0,4 1 1,0 0 0,3 1 1,0 2 0,,3,4,0
Sandgräber,m,w,u,m w u,m w u,m w u,m w u,,m,w,u
Graumull Cryptomys spec. (anselli),8,5,0,1 0 0,0 0 0,3 3 0,0 0 0,,6,2,0
Stachelschweine,m,w,u,m w u,m w u,m w u,m w u,,m,w,u
Westafrikanischer,,,,,,,,,,,
0QuastenstachlerAtherurus africanus,2,2,0,0 0 0,0 0 0,0 1 0,0 0 0,,2,1,
Südafrikanisches,,,,,,,,,,,
0StachelschweinHystrix africaeaustralis,1,2,0,0 0 0,0 0 0,0 0 0,0 0 0,,1,2,
Meerschweinchen,m,w,u,m w u,m w u,m w u,m w u,,m,w,u
Hausmeerschweinchen Cavia aperea f. percellus,0,0,15,0 0 0,0 0 0,0 0 0,0 0 0,,0,0,15
Große Mara Dolichotis patagonum,2,0,0,0 0 0,0 0 0,0 0 0,0 0 0,,2,0,0
Capybara Hydrochaeris hydrochaeris,1,1,0,0 0 0,0 0 0,1 0 0,0 0 0,,0,1,0
Moko Kerodon rupestris,1,5,0,1 1 2,0 0 0,0 1 2,0 0 0,,2,5,0
Agutis,m,w,u,m w u,m w u,m w u,m w u,,m,w,u
Zwergaguti Myoprocta acouchy,1,1,0,0 0 0,0 0 0,0 0 0,1 1 0,,0,0,0
Trugratten,m,w,u,m w u,m w u,m w u,m w u,,m,w,u
"Blaue Degu-Maus, Cururo Spalacopus cyaneus",3,1,0,0 0 0,0 1 0,1 1 0,0 0 0,,2,1,0
Biberratten,m,w,u,m w u,m w u,m w u,m w u,,m,w,u
Nutria Myocastor coypus,1,4,0,0 0 0,0 0 0,1 3 0,0 0 0,,0,1,0
Hasenartige: Hasen,m,w,u,m w u,m w u,m w u,m w u,,m,w,u
Oryctolagus cuniculus f. Grauer Wiener 0domestica,0,0,0,0 0 0,0 1 0,0 0 0,0 0 0,,0,1,
Oryctolagus cuniculus f. Helle Großsilber 0domestica,0,0,0,0 0 0,0 2 0,0 0 0,0 0 0,,0,2,
Oryctolagus cuniculus f. Rheinische Schecken 0domestica,0,0,0,0 0 0,1 2 0,0 0 0,0 0 0,,1,2,
Oryctolagus cuniculus f. Roter Neuseeländer 0domestica,0,0,0,0 0 0,0 1 0,0 0 0,0 0 0,,0,1,
Oryctolagus cuniculus f. Zwergkaninchen Mix 0domestica,0,0,0,2 2 0,0 0 0,1 2 0,1 0 0,,0,0,
Fledertiere: Langnasenflughunde,m,w,u,m w u,m w u,m w u,m w u,,m,w,u
Nilflughund Rousettus aegyptiacus,19,15,0,0 0 0,0 0 0,2 5 0,17 10 0,,0,0,0
