VÖGEL,AVES,2019,geboren,Zugänge,gestorben,Abgabe,2020,Unnamed: 0,Unnamed: 1,Unnamed: 2,Unnamed: 3,Unnamed: 4,Unnamed: 5,Unnamed: 6,Unnamed: 7,Unnamed: 8,Unnamed: 9,Unnamed: 10,Unnamed: 11
Kranichvögel,Gruiformes,m,w,u,m,w,u,m,w,u,m,w,u,m,w,u,m,w,u
,Eurypyga helias,1,0,0,1,0,0,0,0,0,0,0,0,0,0,0,2,0,
,Psophia crepitans,1,1,0,0,0,0,0,0,0,0,0,0,0,0,0,1,1,
,Anthropoides virgo,1,1,0,0,0,0,0,0,0,0,0,0,0,0,0,1,1,
,Bugeranus carunculatus,1,1,0,0,0,0,0,0,0,0,0,0,0,0,0,1,1,
,Grus antigone,1,1,0,0,0,0,0,0,0,0,1,0,0,0,0,1,0,
,Grus g. grus,1,0,0,0,0,0,0,0,0,0,0,0,0,0,0,1,0,
,Grus japonensis,1,1,0,0,0,0,0,0,0,0,0,0,0,0,0,1,1,
,Grus leucogeranus,2,2,0,0,0,0,0,0,0,0,0,0,0,0,0,2,2,
,Grus nigricollis,1,1,0,0,1,0,0,0,0,0,0,0,0,0,0,1,2,
,Grus vipio,1,1,0,0,0,0,0,0,0,0,0,0,0,0,0,1,1,
,Belearica p. pavonina,1,1,0,0,0,0,0,0,0,0,0,0,0,0,0,1,1,
,Belearica regulorumgibbericeps,1,1,0,0,0,0,0,0,0,0,0,0,0,0,0,1,1,
,Otis tarda,3,0,0,0,0,0,0,0,0,0,0,0,0,0,0,3,0,
Wat- und Möwenvögel,Charadriiformes,m,w,u,m,w,u,m,w,u,m,w,u,m,w,u,m,w,u
,Haematopus ostralegus,2,4,0,0,0,0,2,2,0,0,0,0,0,0,0,4,6,
,Larus atricilla,5,6,0,0,0,0,3,0,1,1,0,0,0,0,0,7,6,
,Larus cirrocephalus,6,5,0,0,0,0,0,0,0,0,0,0,0,0,0,6,5,
,Larus crassirostris,1,7,1,0,0,0,1,2,0,0,2,0,0,0,0,2,7,
,Larus modestus,12,10,0,0,0,0,5,4,0,3,2,0,1,1,0,13,11,
Taubenvögel,Columbiformes,m,w,u,m,w,u,m,w,u,m,w,u,m,w,u,m,w,u
,Caloenas nicobarica,2,2,0,2,2,0,0,0,0,0,0,0,0,0,0,4,4,
,Pterocles orientalis,2,2,0,0,0,0,0,1,2,0,2,2,0,0,0,2,1,
,Gallicolumba crinigera,1,0,0,0,0,0,0,0,0,0,0,0,0,0,0,1,0,
,Geopelia cuneata,3,3,4,0,0,0,0,0,0,0,0,0,0,0,0,3,3,
,Streptopelia ch. chinensis,4,3,0,0,0,0,0,0,0,0,0,0,0,0,0,4,3,
,Streptopelia orientalis,3,2,0,0,0,0,0,0,0,0,0,0,0,0,0,3,2,
,Goura sclaterii,0,1,0,0,0,0,0,0,0,0,0,0,0,0,0,0,1,
,Goura cristata,0,2,0,0,0,0,0,0,0,0,0,0,0,0,0,0,2,
Papageien,Psittaciformes,m,w,u,m,w,u,m,w,u,m,w,u,m,w,u,m,w,u
Cacatua go   ni,1,1,0,0,0,0,0,0,0,0,0,0,0,0,0,1,1,,
Cacatua moluccensis,1,0,0,0,0,0,0,0,0,0,0,0,0,0,0,1,0,,
Cacatua sanguinea,3,2,0,0,0,0,2,0,0,0,0,0,0,0,0,5,2,,
Eolophus roseicapilla,4,1,0,0,0,0,0,0,0,0,0,0,0,0,0,4,1,,
Lorius chlorocercus,2,1,0,0,0,0,0,0,0,0,0,0,0,0,0,2,1,,
Trichoglossus forstenimitchellii,3,2,0,0,0,0,0,0,0,1,0,0,0,0,0,2,2,,
