VÖGEL,AVES,2019,geboren,Zugänge,gestorben,Abgabe,2020,Unnamed: 0,Unnamed: 1,Unnamed: 2,Unnamed: 3,Unnamed: 4,Unnamed: 5,Unnamed: 6,Unnamed: 7,Unnamed: 8,Unnamed: 9,Unnamed: 10,Unnamed: 11
Gänsevögel,Anseriformes,m,w,u,m,w,u,m,w,u,m,w,u,m,w,u,m,w,u
,Chauna torquata,0,1,0,1,0,0,0,0,0,0,0,0,0,0,0,1,1,
,Dendrocygna eytoni,1,1,0,0,0,0,0,0,0,0,0,0,0,0,0,1,1,
,Anseranas semipalmata,1,1,0,0,0,0,0,0,0,0,0,0,0,0,0,1,1,
,Cygnus melanocoryphus,1,1,0,0,0,0,3,3,0,0,0,0,2,0,0,2,4,
,Anser a. anser,8,4,0,0,0,0,0,0,0,0,0,0,0,0,0,8,4,
,Anser c. caerulescens,1,1,0,0,0,0,0,0,0,0,0,0,0,0,0,1,1,
,Anser cygnoides,1,1,0,0,0,0,0,0,0,0,0,0,0,0,0,1,1,
,Cyanochen cyanopterus,1,1,0,0,0,0,0,3,0,0,0,0,1,4,0,0,0,
,Plectropterus gambensis,1,1,0,0,0,0,0,0,0,0,0,0,0,0,0,1,1,
,Anas acuta,1,1,0,0,0,0,0,0,0,0,0,0,0,0,0,1,1,
,Anas bernieri,1,2,0,0,0,0,0,0,0,0,0,0,0,1,0,1,1,
,Anas erythrorhynchos,1,1,0,0,0,0,0,0,0,0,1,0,0,0,0,1,0,
,Anas formosa,2,3,0,0,0,0,0,0,0,1,1,0,0,0,0,1,2,
,Anas melleri,2,2,0,0,0,0,0,0,0,0,0,0,0,0,0,2,2,
,Anas undulata,1,1,0,0,0,0,0,0,0,1,1,0,0,0,0,0,0,
,Marmaronetta angustirostris,4,4,0,0,0,0,7,5,2,0,0,2,7,5,0,4,4,
,Somateriascheri,1,1,0,0,0,0,0,0,0,0,0,0,0,0,0,1,1,
,Histrionica histrionica,2,3,0,0,0,0,0,0,0,0,0,0,0,0,0,2,3,
,Aythya nyroca,5,4,0,0,0,0,0,0,0,0,0,0,0,0,0,5,4,
,Netta erythrophthalmabrunnea,1,1,0,0,0,0,0,0,0,0,0,0,0,0,0,1,1,
,Netta peposaca,1,2,0,0,0,0,1,2,5,0,1,1,0,0,4,2,3,
,Netta ru  na,3,2,0,0,0,0,0,0,0,2,1,0,0,0,0,1,1,
,Chenonetta jubata,1,1,0,0,0,0,0,0,0,0,0,0,0,0,0,1,1,
,Bucephala albeola,2,3,0,0,0,0,0,1,0,0,2,0,0,0,0,2,2,
,Mergus albellus,3,2,0,0,0,0,0,0,0,2,0,0,0,0,0,1,2,
,Mergus squamatus,1,2,0,0,0,0,0,0,1,0,0,1,0,0,0,1,2,
,Anser anser f. domestica,0,1,0,0,0,0,0,0,0,0,0,0,0,0,0,0,1,
,Anser anser f. domestica,2,2,0,0,0,0,2,2,2,0,0,1,0,0,0,4,4,
,Anser anser f. domestica,2,2,0,0,0,0,0,0,0,0,0,0,0,0,0,2,2,
,Anas platyrhynchos f.domestica,9,4,0,0,0,0,0,0,0,2,3,0,0,0,0,7,1,
Greifvögel,Falconiformes,m,w,u,m,w,u,m,w,u,m,w,u,m,w,u,m,w,u
Cathartes aura,1,3,0,0,0,0,0,0,0,0,0,0,0,0,0,1,3,,
Cathartes burrovianus,3,2,0,0,0,0,1,0,0,0,0,0,0,0,0,4,2,,
Sarcorhamphus papa,2,2,0,0,0,0,0,1,0,0,0,0,0,0,0,2,3,,
Sagittarius serpentarius,1,1,0,1,0,0,0,0,0,1,0,0,0,0,0,1,1,,
Aquila heliaca,1,1,0,0,0,0,0,0,0,0,0,0,0,0,0,1,1,,
Aquila nipalensis,1,2,0,0,0,0,0,0,0,0,0,0,1,1,0,0,1,,
Buteo regalis,2,1,0,0,0,0,0,0,0,0,0,0,1,0,0,1,1,,
