(Petrogale xanthopus xanthopus) wurden im September drei,Anfang März 2022 wurde ein Südliches Kugelgürteltier (Toly-
"(1,2) Nachzuchttiere aus dem Jahr 2020 im Rahmen des","peutes matacus) geboren, welches noch im Berichtsjahr an"
EEP an den Zoo Kopenhagen abgegeben. Darüber hinaus,das Aquarium Wilhelmshaven abgegeben werden konnte.
wurde die Zucht im Rahmen des EEP durch Trennung der,
Geschlechter im Jahr 2022 pausiert. Nach dem Tod des,Primaten
letzten Männchens der kleinen Gruppe Westlicher Grauer,Ein weiblicher Halsbandmaki (Eulemur collaris) wurde Anfang
Riesenkängurus (Macropus fuliginosus melanops) wurde deren,"April geboren, starb aber wenige Tage nach der Geburt"
Haltung eingestellt und die verbliebenen zwei Weibchen,an einer Schädelverletzung. Nachdem das Rotbauchmaki-
wurden im Oktober an den Zoo Budapest abgegeben. Als,Weibchen (Eulemur rubriventer) „Ryta“ zum dritten Mal wegen
Nachfolger trafen im Oktober im Rahmen des europäischen,"eines Befalls mit Bandwurmfinnen operiert werden musste,"
Zuchtbuches sechs Tasmanische Graue Riesenkängurus,erholte es sich diesmal nicht und musste eingeschläfert
(Macropus giganteus tasmaniensis) im Tierpark Berlin ein.,werden. Die Bandwurmfinnen hatten sich bereits bis in die
"Bei den Neuankömmlingen handelt sich um vier (3,1) Tiere",Lungen ausgebreitet. „Ryta“ erreichte ein Alter von 22 Jah-
"aus der Nachzucht des Zoo Kopenhagen und zwei (0,2) aus",ren. Im Juni wurden zwei Jungtiere bei den Rotbauchmakis
dem Zoo Aalborg. Diese Unterart des Östlichen Grauen,geboren. Bereits im Januar 2022 erhielt der Tierpark Berlin
Riesenkängurus kommt nur auf Tasmanien vor und ist gut,einen männlichen Gürtelvari (Varecia variegata subcincta)
an Schnee und kalte Temperaturen angepasst. Im Winter,aus dem Zoo Belfast. Das Tier konnte problemlos in die
bilden sie ein dichtes Winterfell aus. Die Art ist zum ersten,Männergruppe des Vari-Waldes integriert werden. Ein
Mal im Tierbestand des Tierpark Berlin vertreten und aktuell,Schwarzweißer Vari (Varecia variegata variegata) starb im
sind es die einzigen in Deutschland. Erneut konnten auch,"Alter von 17 Jahren an einer Lebererkrankung, deren Ursache"
die in der Natur als gefährdet eingestuften Neuguinea-,leider nicht festgestellt werden konnte. Das Schwarzweiße
"Filander (Thylogale brunii) vermehrt werden, zwei männliche",Vari-Weibchen „Araia“ wurde im September im Rahmen
Jungtiere wurden erfolgreich aufgezogen. Leider wurde bei,des EEP an den Straußberger Affenwald abgegeben. Im
dem erst im vergangenen Jahr eingetroffenen männlichen,gleichen Monat erhielt der Tierpark Berlin zur Erhaltungs-
Goodfellow-Baumkänguru (Dendrolagus goodfellowi) „Tamilo“,zucht ein junges Schwarzweißes Vari-Weibchen aus dem
eine Bakterieninfektion diagnostiziert. Trotz anfänglicher,Zoo Zagreb. Leider verstarb am 14. Mai 2022 das zweite
Besserung konnte die Infektion über Monate nicht thera-,Coquerel-Sifaka-Männchen (Propithecus coquereli) (siehe
"piert werden und das Tier musste eingeschläfert werden,",Bericht Tiergesundheit). Da nur zwei weitere Männchen
um sein Leiden zu beenden. Ungeachtet ihres hohen Alters,"dieser Lemurenart in Europa leben, welche in den Zoos"
von 15 Jahren erfreut sich das Weibchen „Nunsi“ nach wie,"von Köln und Chester verpaart sind, und kein weiteres"
vor bester Gesundheit.,"männliches Tier aus den USA derzeit verfügbar ist, kann eine"
,"erfolgreiche Zucht im Tierpark Berlin nur stattfinden, wenn"
Rüsselspringer,ein Männchen von den genannten europäischen Haltern
"Bereits in Vorbereitung auf das zukünftige, neu gestaltete","ausgeliehen wird. Aufgrund von Hormonanalysen, welche"
Elefantenhaus trafen im Mai ein Paar Rotschulter-Rüssel-,im Leibniz-Institut für Zoo und Wildtierforschung (IZW)
hündchen (Rhynchocyon petersi) aus dem Zoo Leipzig und,"von Frau Jella Wauters durchgeführt wurden, steht fest,"
dem Zoo Mulhouse (Frankreich) im Tierpark Berlin ein. Hier,dass die beiden Weibchen im Tierpark Berlin einen Zyklus
werden sie bis zur Elefantenhauseröffnung in einer großen,haben und diesen erstaunlicherweise bereits synchronisiert
