gearbeitet. Bereits im Herbst 2022 wurden mit Blick auf,gen der Inflation deutlich zu spüren. Die Aufwendungen
die Saison 2023 die Weichen für die Dino-Erlebniswelt,"sind gegenüber dem Vorjahr um rd. 13 % (+2,360 Mio. €)"
"gestellt, die ab April 2023 als neues Highlight im Tierpark",gestiegen. Das operative Ergebnis belief sich 2022 auf rd.
zu sehen sein wird.,"-255,0 T€ (Vj.: -134,9 T€). Unter Einbeziehung der Erträge"
,aus Spenden und Nachlässen sowie unter Berücksichtigung
Auch 2022 hat wieder die Veranstaltung „Weihnachten,der Aufwendungen für Mittelverwendung schließt das Jahr
im Tierpark“ stattgefunden. Rund 57.500 Gäste haben die,"mit einem Jahresüberschuss in Höhe von rd. 1,260 Mio. €."
"Möglichkeit genutzt, den Tierpark Berlin in weihnachtli-",
chem Lichterglanz zu bewundern.,"ERLÄUTERUNGEN ZUR ERTRAGS-,"
,"VERMÖGENS- UND FINANZLAGE,"
Neben dem eigenen täglichen Geschäft war und ist die,UMSATZ- UND ERTRAGSENTWICKLUNG
Unterstützung der Ukraine und insbesondere der dortigen,Im Berichtsjahr 2022 betrugen die Umsatzerlöse insge-
zoologischen Einrichtungen ein wichtiges Anliegen. Seit,"samt rd. 12,463 Mio. € (Vj.: 9,679 Mio. €). Sie sind damit"
dem Ausbruch des Ukraine-Krieges arbeiten die dortigen,gegenüber dem Vorjahr wieder deutlich um rd. 29 %
Zoos sowie auch Tierschutzinitiativen und Artenschutz-,gestiegen. Sowohl bei den Tageskarten als auch bei den
programme unter schwierigsten Bedingungen. Zoo und,Jahreskarten ist ein Anstieg gegenüber dem Vorjahr um
Tierpark Berlin konnten dank der immensen Unterstützung,rd. 24 % bzw. 21 % zu verzeichnen. Gleichwohl konnte das
über 400 T€ Spenden sammeln und in Zusammenarbeit mit,Vor-Corona-Niveau 2019 noch nicht wieder erreicht wer-
"anderen Zoos, Umwelt- und Tierschutzinitiativen diverse",den. Während die Jahreskartennachfrage auch während
"Hilfslieferungen, u. a. mit Futtermitteln und vor allem auch",der Pandemie auf einem gleichbleibend hohen Niveau
"Generatoren, in die Ukraine liefern.","blieb und im Berichtsjahr noch mal deutlich gestiegen ist,"
,wirken sich bei den Tageskartenverkäufen nicht nur die
Trotz des verhaltenen Jahresstartes und der herausfordern-,saisonalen und wetterbedingten Schwankungen aus. Hier
den Rahmenbedingungen konnte der Tierpark Berlin im,war auch im 2. Halbjahr 2022 sehr deutlich die eintretende
Berichtsjahr 1.606.220 Gäste begrüßen. Das sind rd. 27 %,Kaufzurückhaltung aufgrund der gesamtwirtschaftlichen
mehr als im Vorjahr. Auch wenn das Vor-Corona-Niveau des,Unsicherheiten zu spüren. Die Eintrittserlöse liegen mit
sehr besucherstarken Jahres 2019 noch nicht wieder erreicht,"rd. 8,809 Mio. € um rd. 23 % über dem Vorjahr. Die be-"
"werden konnte, war diese Entwicklung dennoch besser, als",sucherabhängigen Umsätze haben sich gegenüber dem
im ersten Halbjahr 2022 zu erwarten gewesen wäre. Die,Vorjahr wieder signifikant erhöht. Durch den Wegfall der
Umsatzerlöse sind entsprechend gegenüber dem Vorjahr,Coronaregeln im Frühjahr 2022 sind vor allem die Erträge
um rd. 29 % gestiegen. Neben den Eintrittserlösen haben,"aus Umsatzpachten der Gastronomie (+59 %, +305,4 T€)"
dazu auch die unmittelbar mit der Besucherentwicklung,"und der Shops (+26 %, +66,2 T€), aus Futterautomaten"
"verbundenen Erlöse aus Führungen (+126 %), Futterauto-",und Parkplatzerlösen wieder gestiegen. Auch konnte der
maten (+37 %) sowie vor allem aus Umsatzpachten der,Tierpark seinen Gästen wieder Bollerwagen zur Nutzung
Shops und der Gastronomie (+47 %) beigetragen. Auch,"anbieten. Auch die Erlöse aus Führungen, die während der"
die Parkplatzerlöse (+3 %) sind gegenüber dem Vorjahr,Pandemie nicht bzw. nur sehr eingeschränkt angeboten
leicht gestiegen und die Vermietung der Bollerwagen,"werden konnten, haben sich um 126 % (+92,6 T€) gegen-"
konnte nach dem Ende der Infektionsschutzmaßnahmen,über dem Vorjahr erhöht. Der Anteil der Eintrittserlöse an
