VERBINDLICHKEITEN,RESTLAUFZEITEN,Unnamed: 0,Unnamed: 1,Unnamed: 2,Unnamed: 3,Unnamed: 4,Unnamed: 5
,bis zu einem Jahr,zwischen einemund fünf Jahren,mehr als fünf Jahre,Gesamt,,,
,2021,2020,2021,2020,2021,2020,2021
,in €,in T€,in €,in T€,in €,in T€,in €
1.Erhaltene Anzahlungen,"132.114,61","176,87","0,00","0,00","0,00","0,00","132.114,61"
,"3.033.949,93","2.519,55","85.055,09","46,76","0,00","0,00",
3.Verbindlichkeiten gegenüberverbundenen Unternehmen,"455.050,43","445,44","576.449,02","714,58","1.179.159,90","1.041,03","2.210.659,35"
,"1.293.520,81","958,57","0,00","418,64","0,00","0,00",
,"4.914.635,78","4.100,43","661.504,11","1.179,98","1.179.159,90","1.041,03","6.755.299,79"
