ZooCard Zoo,Eintrittskarten 2016,Eintrittskarten 2015,+/- Vorjahr in %
Erwachsene,9.945,7.210,38 %
,3.145,3.194,
Kinder,424,591,-28 %
,14.473,8.758,
BabyCard (bis 31.01.2016),438,8.460,-95 %
,3.151,1.389,
Summe ZooCard Zoo,31.576,29.602,7 %
,,,
ZooCard Zoo-Aquarium,Eintrittskarten 2016,Eintrittskarten 2015,+/- Vorjahr in %
Erwachsene,2.537,1.562,62 %
,963,1.058,
Kinder,200,235,-15 %
,5.531,2.499,
BabyCard (bis 31.01.2016),197,2.591,-92 %
,3.151,1.389,
Summe ZooCard Zoo-Aquarium,12.579,9.334,35 %
SUMME ZOOCARDS TOTAL,44.155,38.936,13 %
Sonstige Tickets Zoo*,129.070,138.388,-7 %
,57.233,55.446,
Summe Tickets Zoo,1.315.544,1.452.154,-9 %
,685.503,671.042,
EINTRITTSKARTEN GESAMT,2.001.047,2.123.196,-6 %
Ermittelte Gesamt-Besucher**,3.227.594,3.329.841,-3 %
