SÄUGETIERE MAMMALIA,Unnamed: 0,2019,Unnamed: 1,geboren,Zugänge,gestorben,Abgabe,Unnamed: 2,Unnamed: 3,2020,Unnamed: 4
Beuteltiere Marsupialia,m,w,u,m w u,m w u,m w u,m w u,,m,w,u
Kurzschwanzopossum Monodelphis domestica,6,8,0,0 0 0,0 0 0,1 0 0,2 3 0,,3,5,0
Parma-Känguru Macropus parma,4,5,1,2 0 1,0 0 0,2 2 0,2 0 0,,2,4,1
Rotes Riesenkänguru Macropus rufus,2,2,0,0 0 1,0 0 0,1 0 1,0 0 0,,1,2,0
Kurzkopf-Gleitbeutler Petaurus breviceps,0,0,0,0 0 0,0 2 0,0 1 0,0 0 0,,0,1,0
Tanrekartige Tenrecoidea,m,w,u,m w u,m w u,m w u,m w u,,m,w,u
Kleiner Igeltanrek Echinops telfairi,1,0,2,0 0 0,0 1 1,1 0 1,0 0 0,,0,1,2
Röhrchenzähner Tubulidendata,m,w,u,m w u,m w u,m w u,m w u,,m,w,u
Erdferkel Orycteropus afer,1,1,0,0 0 0,0 0 0,0 0 0,0 0 0,,1,1,0
Rüsseltiere Proboscidae,m,w,u,m w u,m w u,m w u,m w u,,m,w,u
Asiatischer Elefant Elephas maximus,1,4,0,0 0 0,0 0 0,0 0 0,0 0 0,,1,4,0
Zahnarme Pilosa,m,w,u,m w u,m w u,m w u,m w u,,m,w,u
Weißborstengürteltier Euphractus sexcinctus,2,3,0,1 0 1,0 0 0,0 0 1,1 0 0,,2,3,0
Südliches,,,,,,,,,,,
0KugelgürteltierTolypiotes matacus,2,1,0,0 0 0,0 0 0,0 0 0,0 0 0,,2,1,
Zwei  ngerfaultier Choloepus didactylus,1,1,0,0 0 0,0 0 0,0 0 0,0 0 0,,1,1,0
Myrmecophaga Großer Ameisenbär 0tridactyla,1,1,0,0 0 0,0 0 0,0 0 0,0 0 0,,1,1,
