SÄUGETIERE,MAMMALIA,2018,geboren,Zugänge,gestorben,Abgabe,2019,Unnamed: 0,Unnamed: 1,Unnamed: 2,Unnamed: 3,Unnamed: 4,Unnamed: 5,Unnamed: 6,Unnamed: 7,Unnamed: 8,Unnamed: 9,Unnamed: 10,Unnamed: 11
Raubtiere,Carnivora,m,w,u,m,w,u,m,w,u,m,w,u,m,w,u,m,w,u
"Afrikanischer Wildhund,Hyänenhund",Lycaon pictus,5,2,0,0,0,0,0,0,0,0,0,0,0,0,0,5,2,0
,Vulpes zerda,0,1,0,0,0,0,1,0,0,0,0,0,0,1,0,1,0,
Großer Panda,Ailuropoda melanoleuca,1,1,0,2,0,0,0,0,0,0,0,0,0,0,0,3,1,0
,Melursus ursinus,2,2,0,0,0,0,0,0,0,0,0,0,0,0,0,2,2,
Eisbär,Ursus maritimus,1,1,0,0,0,0,0,0,0,0,0,0,1,0,0,0,1,0
,Ursus thibetanus,1,0,0,0,0,0,0,0,0,0,0,0,0,0,0,1,0,
Südafrikanischer Seebär,Arctocephalus pusillus,0,1,0,0,0,0,0,0,0,0,0,0,0,0,0,0,1,0
,Zalophus californianus,2,6,0,1,1,0,0,0,0,0,0,0,0,0,0,3,7,
Seehund,Phoca vitulina,3,4,0,2,0,0,0,0,0,1,0,0,0,0,0,4,4,0
,Aonyx cinereus,1,1,0,0,0,0,0,0,0,0,0,0,0,0,0,1,1,
Tayra,Eira barbata,1,1,0,0,0,0,0,0,0,0,0,0,0,0,0,1,1,0
,Potos flavus,2,2,0,0,0,1,0,0,0,0,0,0,0,0,0,3,2,
Roter Nasenbär,Nasua nasua,0,2,0,0,0,0,0,0,0,0,1,0,0,1,0,0,0,0
,Nasua narica,0,0,0,0,0,0,1,1,0,0,0,0,0,0,0,1,1,
Unpaarhufer,Perissodactyla,m,w,u,m,w,u,m,w,u,m,w,u,m,w,u,m,w,u
Zwergesel,Equus asinus f. asinus,1,3,0,0,0,0,0,0,0,0,0,0,0,0,0,1,3,0
,Equus quagga boehmi,1,6,0,0,1,0,0,0,0,0,0,0,0,2,0,1,5,
Grévy-Zebra,Equus grevyi,1,3,0,0,0,0,0,0,0,0,0,0,1,0,0,0,3,0
,Equus przewalskii,0,1,0,0,0,0,0,0,0,0,0,0,0,0,0,0,1,
Shetland-Pony,Equus przewalskii f. caballus,3,1,0,0,0,0,0,0,0,0,0,0,0,0,0,3,1,0
,Tapirus bairdii,1,0,0,0,0,0,0,0,0,0,0,0,0,0,0,1,0,
Flachlandtapir,Tapirus terrestris,1,1,0,0,0,0,0,0,0,0,0,0,0,0,0,1,1,0
,Diceros bicornis,0,3,0,0,0,0,0,0,0,0,0,0,0,0,0,0,3,
Panzernashorn,Rhinocerus unicornis,0,2,0,0,0,0,1,1,0,0,0,0,0,2,0,1,1,0
Paarhufer,Artiodactyla,m,w,u,m,w,u,m,w,u,m,w,u,m,w,u,m,w,u
Hirscheber,Babyrousa babyrussa,1,2,0,0,0,0,0,0,0,0,0,0,0,0,0,1,2,0
,Sus b. barbatus,1,0,0,0,0,0,0,0,0,0,0,0,0,0,0,1,0,
Visaya-Pustelschwein,Sus cebifrons medinus,1,1,0,0,0,0,0,0,0,0,0,0,0,0,0,1,1,0
,Sus scrofa f. domestica,0,1,0,0,0,0,0,0,0,0,0,0,0,0,0,0,1,
Weißbartpekari,Tayassu pecari,14,20,0,5,4,0,0,0,0,4,4,0,2,4,0,13,16,0
,Cheoropsis liberiensis,1,1,0,0,0,0,0,0,0,0,0,0,0,0,0,1,1,
Flusspferd,Hippopotamus amphibius,1,3,0,0,0,0,0,0,0,0,0,0,0,0,0,1,3,0
,Camelus dromedarius,0,2,0,0,0,0,0,0,0,0,0,0,0,2,0,0,0,
Guanako,Lama guanicoe,0,4,0,0,0,0,0,0,0,0,0,0,0,4,0,0,0,0
,Lama pacos,3,4,0,2,0,0,0,0,0,1,0,0,1,0,0,3,4,
Vikugna,Vicugna vicugna,1,2,0,0,0,0,0,0,0,0,0,0,0,0,0,1,2,0
Tragulus javanicus,2,1,0,0,0,0,1,1,0,1,0,0,0,0,0,2,2,,
