SÄUGETIERE,MAMMALIA,2020,geboren,Zugänge,gestorben,Abgabe,2021,Unnamed: 0,Unnamed: 1,Unnamed: 2,Unnamed: 3,Unnamed: 4,Unnamed: 5,Unnamed: 6,Unnamed: 7,Unnamed: 8,Unnamed: 9,Unnamed: 10,Unnamed: 11
Paarhufer,Artiodactyla,m,w,u,m,w,u,m,w,u,m,w,u,m,w,u,m,w,u
Blauschaf,Pseudois nayaur,2,9,0,0,0,0,0,0,0,0,0,0,0,0,0,2,9,0
,Oreamnos americanus,4,5,0,1,1,0,0,0,0,0,1,0,2,1,0,3,4,
TurkmenischeSchraubenziege,Capra falconeri heptneri,7,7,0,0,0,0,0,0,0,0,2,0,0,0,0,7,5,0
,Capra sibirica,0,0,0,0,0,0,6,0,0,0,0,0,0,0,0,6,0,
Girgentana-Ziege,,4,6,0,4,1,0,0,0,0,2,1,0,1,1,0,5,5,0
,,1,2,0,2,1,0,0,2,0,1,0,0,1,2,0,1,3,
Kamerun-Zwergziege,,0,9,0,0,0,0,0,0,0,0,0,0,0,0,0,0,9,0
,,1,1,0,0,0,0,0,2,0,0,0,0,0,0,0,1,3,
Kreishornschaf,Ovis ammon cycloceros,3,9,0,2,4,0,0,0,0,1,6,0,0,0,0,4,7,0
,Ovis ammon polii,5,2,0,0,2,0,0,0,0,0,0,0,0,0,0,5,4,
Zackelschaf,,0,4,0,0,0,0,0,1,0,0,0,0,0,0,0,0,5,0
,,2,4,0,2,1,0,0,0,0,2,0,0,1,0,0,1,5,
Hissar-Fettsteißschaf,,1,3,0,1,1,0,0,0,0,0,1,0,0,0,0,2,3,0
,,1,4,0,2,2,0,0,0,0,0,0,0,2,0,0,1,6,
Rotkopfschaf,,1,4,0,1,0,0,0,0,0,0,1,0,1,0,0,1,3,0
,,1,4,0,2,3,0,1,0,0,0,1,0,1,0,0,3,6,
Geschecktes Bergschaf,,1,5,0,4,6,0,0,0,0,1,2,0,2,2,0,2,7,0
Laufvögel,Struthioniformes,m,w,u,m,w,u,m,w,u,m,w,u,m,w,u,m,w,u
Darwin-Nandu,Rhea pennata,1,2,0,1,2,0,0,0,0,1,0,0,0,0,0,1,4,0
