SÄUGETIERE MAMMALIA,Unnamed: 0,2018,Unnamed: 1,geboren,Zugänge,gestorben,Abgabe,Unnamed: 2,Unnamed: 3,2019,Unnamed: 4
Kloakentiere Monotremata,m,w,u,m w u,m w u,m w u,m w,u,m,w,u
Neuguinea- Tachyglossus aculeatus,,,,,,,,,,,
0Kurzschnabeligel lawesii,2,1,0,0 0 0,0 1 0,0 0 0,0 1,0,2,1,
Beuteltiere Marsupialia,m,w,u,m w u,m w u,m w u,m w,u,m,w,u
Westliches Graues  Macropus fuliginosus,,,,,,,,,,,
0Riesenkänguru melanops,3,2,0,1 1 0,0 0 0,0 1 0,0 0,0,4,2,
Östliches Bergkänguru Macropus robustus robustus,4,3,0,2 2 0,0 0 0,0 0 0,0 1,0,6,4,0
Ringelschwanz- Petrogale xanthopus xan-,,,,,,,,,,,
0Felsenkänguru thopus,2,3,0,1 1 0,0 4 0,1 0 0,0 0,0,2,8,
Rüsselspringer Macroscelidea,m,w,u,m w u,m w u,m w u,m w,u,m,w,u
Kurzohr-Rüsselspringer Macroscelides proboscideus,3,3,0,2 2 0,0 1 0,1 1 0,1 3,0,3,2,0
Insektenfresser Eulipotyphla,m,w,u,m w u,m w u,m w u,m w,u,m,w,u
Etrusker-Spitzmaus Suncus etruscus,3,5,0,3 0 2,0 0 0,6 4 2,0 0,0,0,1,0
Fledertiere Chiroptera,m,w,u,m w u,m w u,m w u,m w,u,m,w,u
Indischer Riesenflughund Pteropus giganteus,9,22,0,0 0 9,0 0 0,0 1 0,6 18,0,5,9,9
Nebengelenktiere Xenarthra,m,w,u,m w u,m w u,m w u,m w,u,m,w,u
Tamandua tetradactyla Langschwanz-Tamandua 0nigra,1,2,0,0 0 0,0 0 0,0 0 0,0 1,0,1,1,
Kugelgürteltier Tolypeutes matacus,1,2,0,0 0 0,0 0 0,0 0 0,0 1,0,1,1,0
