KRIECHTIERE,REPTILIA,Artenzahl,Unnamed: 0,2015,Unnamed: 1,Zugänge,geboren,gestorben,Abgabe,Unnamed: 2,Unnamed: 3,2016,Unnamed: 4
,,,m,w,u,m w u,m w u,m w u,m w u,,m,w,u
Schnabelköpfe,Sphenodontia,1.0,1,3,0,0 0 0,0 0 0,0 0 0,0 0 0,,1,3,0
Schildkröten,Testudines,15.0,11,14,24,0 0 0,0 0 1,0 0 2,0 0 0,,11,14,23
Krokodile,Crocodylia,3.0,2,8,0,0 0 0,0 0 0,0 0 0,0 2 0,,2,6,0
Echsen,Lacertilia,28.0,24,57,29,0 0 12,0 0 29,0 0 15,0 0 32,,24,57,23
Schlangen,Serpentes,13.0,29,19,16,0 0 4,0 0 0,0 0 7,0 0 4,,29,19,9
