"Anlage, wo die verschiedenen Tiere miteinander leben,",Unnamed: 0
Herden- und Rückzugsorte entstehen können und vor,Himalaya-Gebirgslandschaft
"allem Bewegung durch Weite möglich ist, entspricht einer",im Tierpark Berlin
artgerechten Haltung gemäß den aktuellen Tierhaltungs-,
"richtlinien. Die Kosten belaufen sich auf ca. 5,56 Mio. € und",
werden zu 100 % über Landesmittel finanziert.  Die Realisie-,
rung ist in vier (Bau-)Abschnitten vorgesehen. Nach einem,
Kampfmittelfund bei Erdarbeiten im Mai 2022 kam es zu,
"einer Teilsperrung des Baufelds und der Entscheidung,",
künftige Grabungsarbeiten kampfmitteltechnisch begleiten,
zu lassen. Durch gezieltes Umschichten der Tätigkeiten,
auf andere Bereiche des Baufelds konnten größere zeit-,
liche Verzögerungen dennoch verhindert werden. Im,
dritten Quartal 2022 wurden erhebliche Fortschritte im,
Bauablauf erzielt. Die angestrebte bauliche Fertigstel-,
lung der Maßnahme und die Öffnung des Areals sind für,
den Saisonstart im Frühjahr 2023 vorgesehen. Vor dem,
Hintergrund der aktuell vorliegenden Kostenprognosen,
"kann davon ausgegangen werden, dass insbesondere",
der Anteil für Unvorhergesehenes der Baunebenkosten,
nicht vollumfänglich ausgeschöpft wird. Das Teilprojekt,
„Neubau Giraffenpfad“ wird aufgrund der räumlichen und,
thematischen Nähe in einem engen planerischen Kontext,
zeitgleich mit der Errichtung der Savannenlandschaft,
durchgeführt. Entlang der westlichen Grenze des bishe-,
"rigen Giraffengeheges soll eine neue, direkte Verbindung",
zwischen dem neu gestalteten Elefantenhaus und dem,
schon bestehenden Giraffenhaus entstehen. Dieser Weg,HIMALAYA-GEBIRGSLANDSCHAFT
soll größtenteils als Steg durch den bestehenden Wald ge-,Die Tierwelt des Himalayas nimmt bei der Umsetzung des
führt werden und etwa auf der Mitte der Wegstrecke einen,Ziel- und Entwicklungsplans des Tierpark Berlin eine wich-
"Aussichts- und Fütterungsbereich, auf Augenhöhe zu den",tige Rolle ein. Das Areal liegt am nordöstlichen Rand des
"Tieren und in Form einer Lodge-Architektur, erhalten. Der","Tierpark Berlin auf einer Erhöhung, wird durch großzügige"
Aussichtsbereich stellt eine Aufweitung des Hauptweges,"Freif lächen, Tiergehege und einen hohen Baumbestand"
dar und bietet darüber hinaus eine beruhigte Zone zum,charakterisiert und wurde in einen tiergeografisch au-
Beobachten der Tiere. Des Weiteren ist eine kleine Hän-,thentisch thematisierten Bereich umgestaltet. Der untere
gebrücke als besondere Attraktion und Fotopunkt in der,Teil der bestehenden Erhöhung wurde als „bergiger Ne-
Nähe der Lodge vorgesehen. Finanziert wird das Projekt,belwald“ gestaltet. Über einen „Entdeckerpfad“ gelangen
aus Mitteln der Gemeinschaftsaufgabe zur Verbesserung,"die Besucher*innen in den oberen Teil, das „Hochgebirge“,"
der regionalen Wirtschaftsstruktur (GRW). In Bezug auf das,"bis zum „Dach der Welt“, dem „Gipfel-Plateau“. Hierfür"
Ursprungsbudget wurde zwischenzeitlich die Erhöhung,zeigen vegetationstypische Landschaftsgestaltungen wie
"des Gesamtausgabenvolumens auf insgesamt 1,15 Mio. €",Gebirgsaufbauten und Bepflanzung die Lebenswelten der
"erforderlich, da aufgrund der aktuellen Marktentwicklung",dort heimischen Tiere. Dabei wurden auch die zoologi-
die Ausschreibung der Bauleistung nicht im Rahmen des,schen und sicherheitstechnischen Haltungsanforderun-
ursprünglichen Projektbudgets vergeben werden konnte.,gen berücksichtigt. Der Baustart für die Umsetzung des
Im Ausschreibungsverfahren wurden keine Angebote ein-,Projektes erfolgte bereits im Dezember 2020. Nach einer
"gereicht, die im Kostenrahmen der Bauplanungsunterlage",Bauzeit von insgesamt nur 16 Monaten konnte die bauliche
lagen. In enger Abstimmung mit der für die Maßnahme,Fertigstellung Anfang April 2022 erfolgen und die „Hima-
"zuständigen Senatsverwaltung konnte, vor allem durch",laya-Gebirgslandschaft“ im Rahmen eines Pressetermins
Einsatz von Restmitteln schon abgeschlossener Förder-,feierlich eröffnet werden. Finanziert wurde das Projekt zu
maßnahmen und Anpassungen der Ausschreibungsunter-,100 % über Landesmittel. Einige Positionen aus den Bau-
"lagen, dennoch eine Deckung des notwendigen Budgets",nebenkosten sowie der Anteil des Unvorhergesehenen
erreicht werden und somit eine Bezuschlagung erfolgen.,wurden im Rahmen der Projektabwicklung nicht voll aus-
Mit Ende des zweiten Quartals 2022 erfolgte der Bauanlauf.,geschöpft. Aus vorgenannten Gründen wurde ein Antrag
Die Fertigstellung der Baumaßnahme ist für das zweite,auf Umwidmung dieser nicht verausgabten Mittel zur
