VÖGEL,AVES,2017,geboren,Zugänge,gestorben,Abgabe,2018,Unnamed: 0,Unnamed: 1,Unnamed: 2,Unnamed: 3,Unnamed: 4,Unnamed: 5,Unnamed: 6,Unnamed: 7,Unnamed: 8,Unnamed: 9,Unnamed: 10,Unnamed: 11
Flamingos,Phoenicopteriformes,m,w,u,m,w,u,m,w,u,m,w,u,m,w,u,m,w,u
Zwergflamingo,Phoeniconaias minor,18,9,4,0,0,0,0,0,0,0,0,0,0,0,0,18,9,4
,Phoenicoparrus andinus,7,7,1,0,0,1,0,0,0,1,0,1,0,0,0,7,7,
Jamesflamingo,Phoenicoparrus jamesi,4,6,0,0,0,0,0,0,0,0,0,0,0,0,0,4,6,0
,Phoenicopterus chilensis,12,14,0,0,0,0,0,0,0,1,0,0,0,0,0,11,14,
Rosaflamingo,Phoenicopterus ruber roseus,17,14,0,0,0,0,0,0,0,0,4,0,0,0,0,17,10,0
,Phoenicopterus chilensis xPhoenicopterus ruber roseus,0,1,0,0,0,0,0,0,0,0,0,0,0,0,0,0,1,
Schreitvögel,Ciconiiformes,m,w,u,m,w,u,m,w,u,m,w,u,m,w,u,m,w,u
Hammerkopf,Scopus umbretta,1,1,0,1,0,0,0,0,1,0,0,0,1,0,0,1,1,0
,Ciconia nigra,1,1,0,0,0,0,0,0,0,0,1,0,0,0,0,1,0,
Abdimstorch,Ciconia abdimii,9,13,0,1,2,8,0,0,0,0,0,0,4,1,8,6,14,0
,Ciconia episcopus,1,1,0,0,0,0,0,0,0,0,0,0,1,1,0,0,0,
Maguari-Storch,Ciconia maguari,1,0,0,0,0,0,0,0,0,1,0,0,0,0,0,0,0,0
,Ciconia ciconia,1,1,0,0,0,0,0,0,0,0,0,0,0,0,0,1,1,
Marabu,Leptoptilos crumenifer,1,2,0,0,0,0,0,0,0,0,0,0,0,0,0,1,2,0
,Eudocimus ruber,7,5,0,0,0,1,0,0,0,0,1,1,0,0,0,7,4,
Brillenibis,Theristicus caudatus,0,1,1,0,0,0,0,0,0,0,0,0,0,0,0,0,1,1
,Geronticus eremita,0,0,12,3,2,3,0,0,0,0,0,0,0,0,3,3,2,
Schopfibis,Lophotibis cristata,1,1,0,0,0,1,0,0,0,0,0,1,0,0,0,1,1,0
,Platalea leucorodia,0,1,2,0,0,0,0,0,0,0,1,0,0,0,0,0,0,
Kuhreiher,Bubulcus ibis,6,0,0,0,0,0,0,0,0,0,0,0,0,0,0,6,0,0
,Ardeola grayii,1,0,0,0,0,0,0,0,0,0,0,0,0,0,0,1,0,
Prachtreiher,Ardeola speciosa,1,2,0,0,0,0,1,0,0,0,1,0,0,0,0,2,1,0
,Cochlearius cochlearius,1,1,0,0,0,0,0,0,0,1,0,0,0,0,0,0,1,
Zwergdommel,Ixobrychus minutus,2,3,0,1,0,1,0,0,0,0,1,1,1,0,0,2,2,0
Ruderfüßer,Pelicaniformes,m,w,u,m,w,u,m,w,u,m,w,u,m,w,u,m,w,u
Brillenpelikan,Pelecanus conspicillatus,3,4,0,0,0,0,0,0,0,0,0,0,0,0,0,3,4,0
,Pelecanus crispus,5,12,0,0,1,2,0,0,0,0,1,1,1,5,0,4,7,
Nashornpelikan,Pelecanus erythrorhynchos,2,2,0,0,0,0,0,0,0,0,0,0,0,0,0,2,2,0
,Pelecanus rufescens,4,4,0,0,0,0,0,0,0,0,1,0,0,0,0,4,3,
Greifvögel,Falconiformes,m,w,u,m,w,u,m,w,u,m,w,u,m,w,u,m,w,u
Schopf-Karakara,Caracara plancus,1,1,0,0,0,0,0,0,0,0,0,0,0,0,0,1,1,0
,Aquila chrysaetos,1,1,0,0,0,0,0,0,0,0,0,0,0,0,0,1,1,
Bartgeier,Gypaetus barbatus,1,1,0,0,0,0,0,0,0,0,0,0,0,0,0,1,1,0
,Gypohierax angolensis,1,2,0,0,0,0,0,0,0,0,0,0,0,0,0,1,2,
Gänsegeier,Gyps fulvus,2,1,0,0,0,0,0,0,0,0,0,0,0,0,0,2,1,0
,Haliaetus leucocephalus,1,1,0,0,0,0,0,0,0,0,0,0,0,0,0,1,1,
Schreiseeadler,Haliaetus vocifer,0,1,0,0,0,0,0,0,0,0,0,0,0,0,0,0,1,0
Haliastur indus,1,2,0,0,0,0,0,0,0,0,0,0,1,2,0,0,0,,
