Die Zoologischer Garten Berlin AG blickt auch 2022 auf,sorgliche Quarantänemaßnahme geschlossen bleiben. Da
ein weiteres herausforderndes Jahr zurück. Das nunmehr,"kein weiterer Fall aufgetreten ist, konnte dank engagiertem"
dritte Pandemiejahr war geprägt von Ausnahmesituationen.,Einsatz aller Beteiligten und einer guten Zusammenarbeit
Dennoch konnte der Zoo Berlin nach zwei schwierigen,mit den Behörden die Tötung des gesamten Vogelbestands
Jahren wieder eine sehr positive Geschäftsentwicklung,abgewendet werden und der Zoo Berlin konnte am 24.
"verzeichnen. Insbesondere ist es gelungen, an die guten",Dezember 2022 wieder für seine Gäste öffnen.
Besucherzahlen von 2019 anzuknüpfen.,
,Diese Rahmenbedingungen machten eine ständige Be-
"Nach einem deutlich verhaltenen Jahresbeginn, der vor",obachtung und Neubewertung der wirtschaftlichen Lage
allem im ersten Quartal 2022 noch durch coronabedingte,"notwendig. Insbesondere war lange unklar, ob und in"
"Einschränkungen geprägt war, haben sich die Besucherzah-",welchem Umfang staatliche Hilfen zur Abfederung der
len im weiteren Verlauf insgesamt sehr positiv entwickelt.,Energiepreisentwicklung zur Verfügung stehen würden.
Insbesondere im Sommer und im Oktober war ein deutlicher,Im Ergebnis mussten auf Grundlage dieser unsicheren Aus-
Anstieg zu verzeichnen. Zudem war insbesondere über,sichten Annahmen für die weitere Entwicklung getroffen
"Ostern, in den Sommerferien und auch in den Herbstferien","werden, die Eingang in einen deutlich von kaufmännischer"
entgegen den Erwartungen doch sehr viel schneller wieder,Vorsicht geprägten Wirtschaftsplan 2023 gefunden haben.
ein spürbarer Anstieg der Touristenzahlen in der Stadt,
zu bemerken. Begünstigt wurde diese Entwicklung noch,Im Berichtsjahr stand auch weiterhin die Umsetzung des
durch das ausgesprochen sonnige und milde Herbstwetter.,Ziel- und Entwicklungsplanes im Mittelpunkt. So konn-
,te mit der Eröf fnung im Februar 2022 der Umbau des
Daneben war der Jahresverlauf jedoch weiterhin stark,Raubtierhauses abgeschlossen werden. Ergänzend dazu
geprägt durch die noch immer bestehenden weltweiten,erfolgte die Fortsetzung des Baus der Netzanlagen für
Auswirkungen der Coronapandemie sowie des Ukraine-,"die Haltung von Jaguaren, Leoparden und Stelzvögeln."
Krieges. Das zeigte sich in den seit Jahresbeginn bereits,Diese Großvolieren sowie die im Zuge der Umbauarbei-
deutlich gestiegenen Preisen für Futtermittel und Dienst-,ten geplante Aufwertung von Wegeflächen im Umfeld
leistungen. Ebenso kam und kommt es zu Liefer- und,des Raubtierhauses sind Teil der mit GRW-Mitteln geför-
Kapazitätsengpässen und damit verbunden zu erhebli-,derten Projekte im Zoo Berlin. Zu den GRW-finanzierten
"chen Preissteigerungen, speziell im Baugewerbe und im",Projekten gehörten auch Maßnahmen zur Verbesserung
IT-Bereich. Im Fokus der Geschäftstätigkeit standen in der,der Besucherinfrastruktur und Besucherführung sowie
"zweiten Jahreshälfte vor allem die Energiekrise, die damit",
