VÖGEL,AVES,2017,geboren,Zugänge,gestorben,Abgabe,2018,Unnamed: 0,Unnamed: 1,Unnamed: 2,Unnamed: 3,Unnamed: 4,Unnamed: 5,Unnamed: 6,Unnamed: 7,Unnamed: 8,Unnamed: 9,Unnamed: 10,Unnamed: 11
Kranichvögel,Gruiformes,m,w,u,m,w,u,m,w,u,m,w,u,m,w,u,m,w,u
,,,,,,,,,,,,,,,,,,,
Sonnenralle,Eurypyga helias,1,2,0,0,0,0,0,0,0,0,0,0,0,1,0,1,1,0
,Psophia crepitans,1,1,0,0,0,0,0,0,0,0,0,0,0,0,0,1,1,
Jungfernkranich,Anthropoides virgo,1,1,0,0,0,0,0,0,0,0,0,0,0,0,0,1,1,0
,Bugeranus carunculatus,1,1,0,0,0,0,0,0,0,0,0,0,0,0,0,1,1,
Saruskranich,Grus antigone,1,1,0,0,0,0,0,0,0,0,0,0,0,0,0,1,1,0
,Grus canadensis tabida,1,1,0,0,0,0,0,0,0,0,0,0,0,0,0,1,1,
Grauer Kranich,Grus g. grus,1,0,0,0,0,0,0,0,0,0,0,0,0,0,0,1,0,0
,Grus japonensis,1,0,0,0,0,0,0,1,0,0,0,0,0,0,0,1,1,
Schneekranich,Grus leucogeranus,2,2,0,0,0,0,0,1,0,0,0,0,0,0,0,2,3,0
,Grus nigricollis,1,0,0,0,0,0,0,1,0,0,0,0,0,0,0,1,1,
Weißnackenkranich,Grus vipio,1,1,0,0,0,0,0,0,0,0,0,0,0,0,0,1,1,0
,Belearica p. pavonina,1,1,0,0,0,0,0,0,0,0,0,0,0,0,0,1,1,
Grauhals-Kronenkranich,Belearica regulorumgibbericeps,1,1,0,0,0,0,0,0,0,0,0,0,0,0,0,1,1,0
,Otis tarda,3,0,0,0,0,0,0,0,0,0,0,0,0,0,0,3,0,
Wat- und Möwenvögel,Charadriiformes,m,w,u,m,w,u,m,w,u,m,w,u,m,w,u,m,w,u
Austernfischer,Haematopus ostralegus,4,4,0,4,3,0,0,0,0,4,0,0,2,3,0,2,4,0
,Larus atricilla,5,5,0,1,0,0,0,0,0,0,0,0,0,0,0,6,5,
Graukopfmöwe,Larus cirrocephalus,8,6,0,0,3,0,0,0,0,2,0,0,0,2,0,6,7,0
,Larus crassirostris,8,8,0,0,0,1,0,0,0,0,0,0,0,0,0,8,8,
Graumöwe,Larus modestus,13,16,0,7,4,0,0,0,0,2,1,0,4,6,0,14,13,0
Taubenvögel,Columbiformes,m,w,u,m,w,u,m,w,u,m,w,u,m,w,u,m,w,u
Zweifarben-Fruchttaube,Ducula bicolor,5,2,0,0,0,0,0,0,0,1,1,0,1,0,0,3,1,0
,Caloenas nicobarica,4,2,0,0,0,0,0,0,0,2,0,0,0,0,0,2,2,
Bronzeflügeltaube,Phaps chalcoptera,1,1,0,0,0,0,0,0,0,0,0,0,0,0,0,1,1,0
,Claravis pretiosa,0,1,0,0,0,0,0,0,0,0,1,0,0,0,0,0,0,
Diamanttäubchen,Geopelia cuneata,3,3,0,0,0,0,0,0,0,0,0,0,0,0,0,3,3,0
,Streptopelia ch. chinensis,3,2,0,0,0,1,0,0,0,0,0,0,1,0,0,2,2,
Orientturteltaube,Streptopelia orientalis,2,3,0,3,0,1,0,1,0,1,0,1,1,1,0,3,3,0
,Trugon terrestris,1,0,0,0,0,0,0,0,0,1,0,0,0,0,0,0,0,
Krontaube,Goura christata,0,2,0,0,0,0,0,0,0,0,0,0,0,0,0,0,2,0
Papageien,Psittaciformes,m,w,u,m,w,u,m,w,u,m,w,u,m,w,u,m,w,u
Weißhaubenkakadu,Cacatua alba,1,0,0,0,0,0,0,0,0,0,0,0,1,0,0,0,0,0
,Cacatua goffini,1,1,0,0,0,0,0,0,0,0,0,0,0,0,0,1,1,
Molukkenkakadu,Cacatua moluccensis,1,0,0,0,0,0,0,0,0,0,0,0,0,0,0,1,0,0
,Cacatua sanguinea,4,2,0,1,1,0,0,0,0,0,0,0,0,0,0,5,3,
Rosakakadu,Eolophus roseicapilla,0,0,0,0,0,0,4,1,0,0,0,0,0,0,0,4,1,0
Lorius chlorocercus,3,1,0,0,0,0,0,0,0,0,0,0,0,0,0,3,1,,
