VERBINDLICHKEITEN,RESTLAUFZEITEN,Unnamed: 0,Unnamed: 1,Unnamed: 2,Unnamed: 3,Unnamed: 4,Unnamed: 5
,bis zu einem Jahr,zwischen einemund fünf Jahren,mehr als fünf Jahre,Gesamt,,,
,2018,2017,2018,2017,2018,2017,2018
,in €,in T€,in €,in T€,in €,in T€,in €
1.Erhaltene Anzahlungen,"95.408,80","82,43","0,00","0,0","0,00","0,0","95.408,80"
,"1.926.899,95","800,68","30.931,04","23,27","0,00","0,3",
3.Verbindlichkeiten gegenüberverbundenen Unternehmen,"125.833,23","0,00","0,00","0,0","1.755.608,92","2.000,00","1.881.442,15"
,"30.543,48","363,08","695.747,44","757,58","0,00","0,0",
,"2.178.685,46","1.246,2","726.678,48","780,8","1.755.608,92","2.000,3","4.660.972,86"
