SÄUGETIERE,MAMMALIA,2020,geboren,Zugänge,gestorben,Abgabe,2021,Unnamed: 0,Unnamed: 1,Unnamed: 2,Unnamed: 3,Unnamed: 4,Unnamed: 5,Unnamed: 6,Unnamed: 7,Unnamed: 8,Unnamed: 9,Unnamed: 10,Unnamed: 11
Primaten,Primates,m,w,u,m,w,u,m,w,u,m,w,u,m,w,u,m,w,u
Grauer Mausmaki,Microcebus murinus,0,1,0,0,0,0,0,0,0,0,0,0,0,0,0,0,1,0
,Microcebus lehilahytsara,0,0,0,0,0,0,2,2,0,0,0,0,0,0,0,2,2,
Bengalischer Plumplori,Nycticebus bengalensis,0,1,0,0,0,0,0,0,0,0,0,0,0,0,0,0,1,0
,Nycticebus coucang,1,0,0,0,0,0,0,0,0,0,0,0,0,0,0,1,0,
Senegal-Galago,Galago senegalensis,1,4,0,0,0,0,1,0,0,1,2,0,0,0,0,1,2,0
,Callimico goeldii,1,0,0,0,0,0,0,0,0,0,0,0,0,0,0,1,0,
Geoffroys Seidenäffchen,Callithrix geoffroyi,1,0,0,0,0,0,0,0,0,0,0,0,0,0,0,1,0,0
,Saguinus imperatorsubgrisecens,0,1,0,0,0,0,0,0,0,0,0,0,0,0,0,0,1,
Schwarzrücken-Tamarin,Saguinus nigricollis,1,0,0,0,0,0,0,0,0,0,0,0,0,0,0,1,0,0
,Saguinus oedipus,1,1,0,2,0,0,0,0,0,2,0,0,0,0,0,1,1,
Brauner Kapuziner,Cebus olivaceus,3,3,0,0,0,2,0,0,0,0,1,2,0,0,0,3,2,0
,Saimiri sciureus,1,6,3,0,1,4,0,0,0,0,3,0,0,0,0,2,6,
Bolivien-Nachtaffe,Aotus azarae,3,4,0,0,0,0,0,0,0,0,0,0,2,0,0,1,4,0
,Callicebus cupreus,3,1,0,0,0,0,0,0,0,0,0,0,0,0,0,3,1,
Braunkopfklammeraffe,Ateles fusciceps rufiventris,1,1,0,0,0,0,0,0,0,0,0,0,0,0,0,1,1,0
,Cercopithecus hamlyni,1,3,0,0,0,0,0,0,0,0,1,0,0,0,0,1,2,
Rotgesichtsmakak,Macaca fuscata,8,8,0,0,0,0,0,0,0,0,0,0,0,0,0,8,8,0
,Macaca silenus,2,7,0,0,0,0,0,0,0,0,1,0,0,0,0,2,6,
Ceylon-Hutaffe,Macaca sinica,8,5,0,0,0,0,0,0,0,1,0,0,0,0,0,7,5,0
,Mandrillus sphinx,2,2,0,0,0,0,0,0,0,2,1,0,0,0,0,0,1,
Mantelpavian,Papio hamadryas,18,21,1,0,1,5,0,0,0,0,1,4,0,0,0,19,21,1
,Semnopithecus entellus,1,2,0,0,0,0,0,1,0,0,0,0,0,0,0,1,3,
Kappengibbon,Hylobates pileatus,1,0,0,0,0,0,0,0,0,0,0,0,0,0,0,1,0,0
,Symphalangus syndactylus,2,1,0,0,0,1,0,0,0,0,0,1,0,0,0,2,1,
WestlicherFlachland-Gorilla,Gorilla gorilla gorilla,1,4,0,0,1,0,0,0,0,0,0,0,0,0,0,1,5,0
,Pan paniscus,3,4,0,0,0,0,0,0,0,0,0,0,0,0,0,3,4,
Gewöhnlicher Schimpanse,Pan troglodytes,1,2,0,0,0,0,0,0,0,0,0,0,0,0,0,1,2,0
,Pan troglodytesschweinfurthii,1,0,0,0,0,0,0,0,0,0,0,0,0,0,0,1,0,
WestafrikanischerSchimpanse,Pan troglodytes verus,0,1,0,0,0,0,0,0,0,0,0,0,0,0,0,0,1,0
Pongo pygmaeus,2,2,0,0,0,0,0,0,0,0,0,0,0,0,0,2,2,,
