VÖGEL,AVES,2017,geboren,Zugänge,gestorben,Abgabe,2018,Unnamed: 0,Unnamed: 1,Unnamed: 2,Unnamed: 3,Unnamed: 4,Unnamed: 5,Unnamed: 6,Unnamed: 7,Unnamed: 8,Unnamed: 9,Unnamed: 10,Unnamed: 11
Laufvögel,Struthioniformes,m,w,u,m,w,u,m,w,u,m,w,u,m,w,u,m,w,u
SüdafrikanischerBlauhalsstrauß,Struthio camelus australis,1,1,0,0,0,0,0,0,0,0,0,0,0,0,0,1,1,0
,Rhea pennata,1,3,0,0,0,0,0,0,0,0,1,0,0,0,0,1,2,
Pinguine,Sphenisciformes,m,w,u,m,w,u,m,w,u,m,w,u,m,w,u,m,w,u
Brillenpinguin,Spheniscus demersus,9,5,0,2,0,0,11,10,0,0,0,0,0,0,0,22,15,0
,Spheniscus humboldti,16,13,0,11,3,3,0,0,0,0,0,3,23,16,0,4,0,
Ruderfüßer,Pelecaniformes,m,w,u,m,w,u,m,w,u,m,w,u,m,w,u,m,w,u
Brillenpelikan,Pelecanus conspicillatus,5,5,0,0,0,0,0,0,0,0,0,0,0,0,0,5,5,0
,Pelecanus crispus,4,6,0,0,0,1,0,0,0,0,0,1,0,1,0,4,5,
Nashornpelikan,Pelecanus erythrorhynchos,3,3,0,1,2,0,0,0,0,0,0,0,0,0,0,4,5,0
,Pelecanus onocrotalus,5,4,0,1,1,0,0,0,0,0,0,0,1,1,0,5,4,
Fleckschnabelpelikan,Pelecanus philippensis,2,2,0,0,0,0,0,0,0,0,0,0,0,0,0,2,2,0
,Pelecanus rufescens,7,5,0,0,0,0,0,0,0,0,0,0,2,1,0,5,4,
Chile-Pelikan,Pelecanus thagus,0,1,0,0,0,0,0,0,0,0,0,0,0,1,0,0,0,0
,Pelecanus occidentaliscarolinensis,2,2,0,0,0,0,0,0,0,0,0,0,0,0,0,2,2,
Kräuselscharbe,Phalacrocorax melanoleucos,2,5,0,0,0,0,1,0,0,1,0,0,0,1,0,2,4,0
Schreitvögel,Ciconiiformes,m,w,u,m,w,u,m,w,u,m,w,u,m,w,u,m,w,u
Goliathreiher,Ardea goliath,2,0,0,0,0,0,0,0,0,0,0,0,1,0,0,1,0,0
,Ardeola grayii,2,0,0,0,0,0,0,0,0,0,0,0,0,0,0,2,0,
Prachtreiher,Ardeola speciosa,2,0,0,0,0,0,0,3,0,0,1,0,0,0,0,2,2,0
,Bubulcus ibis ibis,1,1,15,2,2,0,0,0,0,0,0,2,0,0,0,3,3,
Weißwangenreiher,Egretta novaehollandiae,3,2,0,0,0,0,0,0,0,0,0,0,0,0,0,3,2,0
,Nycticorax caledonicusmanillensis,3,2,0,1,0,0,0,0,0,0,0,0,0,0,0,4,2,
Hammerkopf /Schattenvogel,Scopus umbretta,1,1,0,0,0,0,0,0,0,0,0,0,0,0,0,1,1,0
,Ciconia abdimii,3,6,0,3,2,0,0,0,0,2,2,0,0,3,0,4,3,
Schwarzschnabelstorch,Ciconia boyciana,2,1,0,0,0,0,0,1,0,0,0,0,0,0,0,2,2,0
,Ciconia c. ciconia,2,2,0,0,0,0,0,0,0,0,0,0,0,0,0,2,2,
Sattelstorch,Ephippiorhynchussenegalensis,1,1,0,0,0,0,0,0,0,0,0,0,0,0,0,1,1,0
,Leptoptilos crumeniferus,1,1,0,0,0,0,0,0,0,0,0,0,0,0,0,1,1,
Afrikanischer Nimmersatt,Mycteria ibis,3,2,0,0,0,0,0,0,0,2,1,0,0,0,0,1,1,0
,Anastomus lamelligerus,3,3,0,0,0,0,0,0,0,1,0,0,0,0,0,2,3,
Waldrapp,Geronticus eremita,5,6,0,0,0,0,0,0,0,1,0,0,0,0,0,4,6,0
,Plegadis f. falcinellus,1,0,0,0,0,0,0,0,0,0,0,0,0,0,0,1,0,
Strohhalsibis,Carphibis spinicollis,9,6,0,1,0,0,0,0,0,0,1,0,0,0,0,10,5,0
,Threskiornis aethiopicus,3,3,0,0,0,0,0,0,0,0,0,0,0,0,0,3,3,
Hagedash,Hagedashia hagedash,2,2,0,0,0,0,0,0,0,0,1,0,0,0,0,2,1,0
