"Jahresverlauf notwendig, zur Absicherung der Liquidität das","von 9,744 Mio. € könnten durch die zum 31. Dezember 2020"
"Anlagevolumen um 2,2 Mio. € wieder zu reduzieren. Das","vorhandenen liquiden Mittel von 10,066 Mio. € zu rund 27%"
Finanzanlagevermögen ist dennoch im Vergleich zum Vorjahr,fi nanziert werden (Vj. 71%). Unter Einbeziehung der kurzfris-
"gestiegen und beträgt zum Bilanzstichtag rd. 21,460 Mio. € (Vj.",tig verfügbaren Mittel aus der Vermögensverwaltung sowie
"16,984 Mio. €). Hier sind neben dem seit 2017 bestehenden",der kurzfristigen Forderungen (u. a. aus Corona-Hilfen) wäre
