AKTIVA,2016,2015,Unnamed: 0
A.,ANLAGEVERMÖGEN,in €,in €
"I.Immaterielle Vermögensgegenstände, gewerblicheSchutzrechte und ähnliche Rechte und Werte","3.431,00","905,00",
II.Sachanlagen,,,
1.Grundstücke und Bauten,"2.302.979,00","1.942.490,00",
2.Technische Anlagen und Maschinen,"141.698,00","157.986,00",
"3.Andere Anlagen, Betriebs- und Geschäftsausstattung","623.509,05","550.132,00",
4.,Geleistete Anzahlungen und Anlagen im Bau,"269.192,24","85.897,19"
Summe Sachanlagen,"3.337.378,29","2.736.505,19",
Summe Anlagevermögen,"3.340.809,29","2.737.410,19",
