SÄUGETIERE,MAMMALIA,2018,geboren,Zugänge,gestorben,Abgabe,2019,Unnamed: 0,Unnamed: 1,Unnamed: 2,Unnamed: 3,Unnamed: 4,Unnamed: 5,Unnamed: 6,Unnamed: 7,Unnamed: 8,Unnamed: 9,Unnamed: 10,Unnamed: 11
Nagetiere,Rodentia,m,w,u,m,w,u,m,w,u,m,w,u,m,w,u,m,w,u
Hellbraunes Wieselmeer-schweinchen,Galea monasteriensis,1,3,0,0,1,0,0,0,0,0,0,0,0,0,0,1,4,0
,Dolichotis salinicola,7,2,0,0,0,0,0,2,0,3,1,0,0,0,0,4,3,
Großer Mara,Dolichotis patagonum,5,0,0,0,0,0,0,0,0,3,0,0,0,0,0,2,0,0
,Dasyprocta azarae,0,3,0,0,0,0,0,0,0,0,0,0,0,0,0,0,3,
Tiefland-Paka,Cuniculus paca,2,2,0,0,0,0,1,0,0,0,1,0,0,0,0,3,1,0
,Octodon degus,0,0,59,0,0,28,0,0,0,0,0,19,0,0,10,0,0,
,,,,,,,,,,,,,,,,,,,
,,,,,,,,,,,,,,,,,,,
Hasenartige,Lagomorpha,m,w,u,m,w,u,m,w,u,m,w,u,m,w,u,m,w,u
Daurischer Pfeifhase,Ochotona dauurica,4,1,6,0,0,20,0,0,0,3,0,12,0,0,0,1,1,14
,,0,0,0,0,0,0,0,1,0,0,0,0,0,0,0,0,1,
Meißner Widder,,0,0,0,0,0,0,1,1,0,0,1,0,0,0,0,1,0,0
,,0,0,0,0,0,0,0,1,0,0,0,0,0,0,0,0,1,
Rheinische Schecke,,0,2,0,0,0,0,0,0,0,0,0,0,0,0,0,0,2,0
,,1,3,0,0,0,0,0,0,0,0,1,0,0,0,0,1,2,
Raubtiere,Carnivora,m,w,u,m,w,u,m,w,u,m,w,u,m,w,u,m,w,u
Tüpfelhyäne,Crocuta crocuta,2,1,0,0,0,0,0,0,0,0,0,0,1,0,0,1,1,0
,Hyaena hyaena sultana,1,1,0,0,0,1,0,0,0,0,0,1,0,0,0,1,1,
Iberischer Wolf,Canis lupus signatus,3,0,0,0,0,0,0,0,0,1,0,0,0,0,0,2,0,0
,,1,1,0,0,0,0,0,0,0,0,0,0,1,1,0,0,0,
Kiangsi-Rothund,Cuon alpinus lepturus,10,4,0,0,0,0,0,0,0,0,0,0,0,0,0,10,4,0
,Otocyon megalotis megalotis,1,1,0,0,0,0,0,0,0,0,0,0,0,0,0,1,1,
Waldhund,Speothos venaticus,2,1,0,0,0,0,0,0,0,1,0,0,0,0,0,1,1,0
,Chrysocyon brachyurus,2,0,0,0,0,0,0,0,0,0,0,0,0,0,0,2,0,
Malaienbär,Helarctos malayanusmalayanus,1,1,0,0,0,0,0,0,0,0,0,0,0,0,0,1,1,0
,Tremarctos ornatus,1,2,0,0,0,0,0,0,0,0,1,0,0,0,0,1,1,
Eisbär,Ursus maritimus,0,2,0,0,0,0,0,0,0,0,0,0,0,0,0,0,2,0
,Ailurus fulgens fulgens,1,1,0,0,0,0,0,0,0,0,0,0,0,0,0,1,1,
Waschbär,Procyon lotor,1,1,0,0,0,0,0,0,0,0,0,0,0,0,0,1,1,0
,Martes flavigula aterrima,1,1,0,1,1,0,0,0,0,0,0,0,1,1,0,1,1,
OstafrikanischerHonigdachs,Mellivora capensis cottoni,1,1,0,0,0,0,0,0,0,0,0,0,0,0,0,1,1,0
,Mungos mungo,3,5,0,1,2,3,0,0,0,0,0,3,0,0,0,4,7,
Binturong,Arctictis binturong binturong,2,3,0,1,0,2,0,0,0,0,0,2,0,2,0,3,1,0
,Paguma larvata leucomystax,1,1,0,0,0,0,0,0,0,0,0,0,0,0,0,1,1,
Fleckenmusang,Paradoxurus hermaphroditus,1,1,0,0,0,0,0,0,0,0,0,0,1,1,0,0,0,0
,Genetta genetta,1,1,0,0,0,0,0,0,0,0,0,0,1,1,0,0,0,
Arabische Kleinfleck-Ginsterkatze,Genetta genetta dongolana,2,2,0,1,1,2,0,0,0,0,0,2,1,1,0,2,2,0
