VÖGEL,AVES,2016,geboren,Zugänge,gestorben,Abgabe,2017,Unnamed: 0,Unnamed: 1,Unnamed: 2,Unnamed: 3,Unnamed: 4,Unnamed: 5,Unnamed: 6,Unnamed: 7,Unnamed: 8,Unnamed: 9,Unnamed: 10,Unnamed: 11
Hühnervögel,Galliformes,m,w,u,m,w,u,m,w,u,m,w,u,m,w,u,m,w,u
,,,,,,,,,,,,,,,,,,,
"Seidenhuhn, braun",Gallus gallus f. domestica,2,2,0,0,0,0,0,0,0,2,2,0,0,0,0,0,0,0
,Meleagris gallopavof. domestica,2,2,0,0,0,0,0,0,0,0,0,0,0,0,0,2,2,
Kranichvögel,Gruiformes,m,w,u,m,w,u,m,w,u,m,w,u,m,w,u,m,w,u
Sonnenralle,Eurypyga helias,1,2,0,0,0,0,0,0,0,0,0,0,0,0,0,1,2,0
,Psophia crepitans,1,1,0,0,0,0,0,0,0,0,0,0,0,0,0,1,1,
Jungfernkranich,Anthropoides virgo,1,1,0,0,0,0,0,0,0,0,0,0,0,0,0,1,1,0
,Bugeranus carunculatus,1,1,0,0,0,0,0,0,0,0,0,0,0,0,0,1,1,
Saruskranich,Grus antigone,1,1,0,0,0,0,1,0,0,0,0,0,1,0,0,1,1,0
,Grus canadensis tabida,1,1,0,0,0,0,0,0,0,0,0,0,0,0,0,1,1,
Grauer Kranich,Grus g. grus,1,1,0,0,0,0,0,0,0,0,1,0,0,0,0,1,0,0
,Grus japonensis,1,1,0,0,0,0,0,0,0,0,1,0,0,0,0,1,0,
Schneekranich,Grus leucogeranus,2,2,0,0,0,0,0,0,0,0,0,0,0,0,0,2,2,0
,Grus nigricollis,2,1,0,0,0,0,0,0,0,0,1,0,1,0,0,1,0,
Weißnackenkranich,Grus vipio,1,1,0,0,0,0,0,0,0,0,0,0,0,0,0,1,1,0
,Belearica p. pavonina,1,1,0,0,0,0,0,0,0,0,0,0,0,0,0,1,1,
Grauhals-Kronenkranich,Belearica regulorumgibbericeps,1,1,0,0,0,0,0,0,0,0,0,0,0,0,0,1,1,0
,Otis tarda,3,0,0,0,0,0,0,0,0,0,0,0,0,0,0,3,0,
Wat- und Möwenvögel,Charadriiformes,m,w,u,m,w,u,m,w,u,m,w,u,m,w,u,m,w,u
Austernfischer,Haematopus ostralegus,5,2,0,3,2,0,0,0,0,1,0,0,3,0,0,4,4,0
,Larus atricilla,3,5,0,2,0,1,0,0,0,0,0,1,0,0,0,5,5,
Graukopfmöwe,Larus cirrocephalus,8,7,0,2,0,0,0,0,0,0,1,0,2,0,0,8,6,0
,Larus crassirostris,9,11,0,2,0,0,0,0,0,1,0,0,2,3,0,8,8,
Graumöwe,Larus modestus,12,10,0,2,6,1,0,0,0,1,0,1,0,0,0,13,16,0
Taubenvögel,Columbiformes,m,w,u,m,w,u,m,w,u,m,w,u,m,w,u,m,w,u
Zweifarben-Fruchttaube,Ducula bicolor,5,2,0,0,0,0,0,0,0,0,0,0,0,0,0,5,2,0
,Caloenas nicobarica,4,2,0,0,0,1,0,0,0,0,0,1,0,0,0,4,2,
Bronzeflügeltaube,Phaps chalcoptera,1,1,0,0,0,0,0,0,0,0,0,0,0,0,0,1,1,0
,Claravis pretiosa,0,1,0,0,0,0,0,0,0,0,0,0,0,0,0,0,1,
Diamanttäubchen,Geopelia cuneata,3,3,0,0,0,0,0,0,0,0,0,0,0,0,0,3,3,0
,Streptopelia ch. chinensis,2,2,0,1,1,0,0,0,0,0,1,0,0,0,0,3,2,
Orientturteltaube,Streptopelia orientalis,5,5,0,0,1,0,0,0,0,1,0,0,2,3,0,2,3,0
,Trugon terrestris,0,0,1,0,0,0,0,0,0,0,0,0,0,0,0,0,0,
Krontaube,Goura christata,0,2,0,0,0,0,0,0,0,0,0,0,0,0,0,0,2,0
