Zu den bereits im Vorjahr erhaltenen beiden männlichen,Der EEP-Koordinator der Roloway-Meerkatzen (Cercopithecus
François-Languren (Trachypithecus francoisi) gesellten sich im,roloway) suchte dringend eine vorübergehende Haltung für
Berichtsjahr auf Empfehlung des EEP drei weitere Männchen,ein Paar dieser zu den 25 bedrohtesten Primatenarten der
aus den Zoos Belfast und Howletts (UK). Die fünfköpfige,Erde zählenden Tiere. Der Tierpark Berlin bot seine Hilfe an
Junggesellengruppe wurde in der neu gestalteten Anlage,und erhielt Anfang Oktober ein Männchen aus dem Zoo
im Himalaya zusammengewöhnt und begrüßt dort die,"Mulhouse und ein Weibchen aus dem Zoo Heidelberg,"
Besucher*innen als erste Tierart auf ihrem Rundgang durch,welche nach kurzer Zeit verpaart werden konnten. Dieses
die neue Gebirgswelt.,Paar soll im Jahr 2023 sein endgültiges Zuhause im Zoo
,Jihlava finden. In der Gruppe der Dscheladas (Theropithe-
In der Zuchtgruppe der Silberäffchen (Mico argentatus) wurde,"cus gelada) wurden vier Jungtiere geboren, wovon drei"
im Januar ein männliches Jungtier geboren und aufgezogen.,aufwuchsen. Der ehemalige Haremschef „Aaron“ erlitt im
"Ein weiteres Jungtier, welches im Juli geboren wurde, musste","Berichtsjahr einen Darmvorfall, welcher zunächst konser-"
leider aufgrund von Milchmangel euthanasiert werden. Die,vativ behandelt wurde. Da der Darm aber immer wieder
Mutter war kurz nach der Geburt im hohen Alter von 15,"vorfiel und sich im Ultraschall eine Invagination zeigte,"
Jahren an einer Nierenerkrankung gestorben. Sie hatte im,musste „Aaron“ operiert werden. Er entwickelte leider eine
Tierpark Berlin über 30 Jungtiere zur Welt gebracht. Drei,Bauchfellentzündung und musste wenige Tage nach der
"(2,1) Nachzuchttiere der Silberäffchen reisten auf Vermitt-",Operation euthanasiert werden. „Aaron“ wurde fast 20 Jahre
"lung des EEP im Berichtsjahr an den Zoo d’Asson, La Valée",alt – ein hohes Alter für einen Dschelada-Mann. Rund fünf
des Singes und den Zoo de Santillana. Als Neuzugang,Monate zu Gast im Tierpark waren ein Siamang-Pärchen
bei den Neuweltprimaten erhielt der Tierpark Berlin im,(Symphalangus syndactylus) und eine weibliche Dianameer-
Januar vom Zoo Belfast zwei männliche Guayana-Bartsakis,katze (Cercopithecus diana) aus dem Zoo Osnabrück. Dort
"(Chiropotes sagulatus), welche mit den Roten Brüllaffen ver-",wurden die Affenanlagen umgebaut und der Tierpark Berlin
gesellschaftet wurden. Diese Saki-Art wird momentan nur,bot für diese Zeit für die Tiere ein Ausweichquartier an.
in fünf Tiergärten in Europa gepflegt. Ende des Jahres gab,Für die neu geplante Gemeinschaftsanlage für Zwergotter
es wieder Nachwuchs bei den Roten Brüllaffen (Alouatta,"(Aonyx cinerea), Sulawesi-Hirscheber (Babyrousa celebensis)"
"seniculus). Dies ist bereits das siebte Jungtier, welches im","und Schopfmakaken (Macaca nigra), welche 2023 eröffnet"
"Tierpark Berlin aufwächst. Drei (3,0) Nachzuchttiere dieser","werden soll, traf im Oktober im Rahmen des EEP ein Pärchen"
Art wurden an den Zoo Dublin und die Avifauna Alphen,dieser vom Aussterben bedrohten Primatenart aus dem
