anus) im Tierpark ein. Der Zoo Hoyerswerda überließ dem,Unnamed: 0
Tierpark eine kleine Gruppe von sechs Tieren aus seiner,Schutz insgesamt. Bei den selten gehaltenen Zwergmaras
Nachzucht. Diese aktiven Bodenhörnchen bezogen neben,(Dolichotis salinicola) wiederholte sich der Erfolg aus dem
der Bartgeiervoliere eine eigens für sie neu geschaffene,Vorjahr. Von den insgesamt sechs erfolgreich aufgewachsenen
Anlage mit reichlich Fels und Stein. Das im Berichtsjahr 2020,Jungtieren konnten drei im September an den Zoo Skaerup
angelaufene Projekt zum Schutz des global vom Aussterben,(Dänemark) abgegeben werden. Bei den Flachland-Pakas
bedrohten Europäischen Feldhamsters (Cricetus cricetus),"(Cuniculus paca) wurde ein männliches Jungtier geboren,"
konnte 2022 in einem ersten Schritt in die Praxis umgesetzt,welches aber nach vier Tagen aufgrund von Milchmangel
werden. Im April wurde dazu eine auf dem Wirtschaftshof,der Mutter verstarb. Anfang März musste ein weibliches
des Tierparks gelegene Feldhamsterstation eröffnet und,Azara-Aguti (Dasyprocta azarae) aufgrund einer massiven
zwölf Tiere konnten einziehen. Die Tiere stammen aus der,Osteomyelitis des Unterkiefers eingeschläfert werden. Mit
"Hildesheimer Börde sowie aus Göttingen, von wo aus sie","einem Paar Schwarzrückenagutis (Dasyprocta prymnolopha),"
in enger Zusammenarbeit mit der AG Feldhamsterschutz,"die der Tierpark im Juli vom Zoo Leipzig erhielt, traf eine"
Niedersachsen in den Tierpark umgesiedelt wurden. Die,"Aguti-Art ein, welche 2023 mit südamerikanischen Papa-"
Tiere mussten vor der Bebauung einer Fläche als amtli-,geien vergesellschaftet werden soll.
che Schutzmaßnahme translokiert werden. Im Laufe des,
Sommers wurden die Tiere im Tierpark gezielt verpaart,Raubtiere
und im Juli des Berichtsjahres wurden die ersten sieben,Direkt zu Beginn des Berichtsjahres musste das Weibchen
Jungtiere von einem der Weibchen geboren. Dieser Erfolg,der Tüpfelhyänen (Crocuta crocuta) aufgrund von voranschrei-
verspricht in Zukunft eine Vergrößerung dieser wichtigen,"tender, altersbedingter Verschlechterung des Allgemein-"
Reservepopulation und stimmt hoffnungsvoll für eine zu-,zustands aus Tierschutzgründen im sehr hohen Alter von
künftige Wiederansiedlung. Im Juni starb eine der beiden,fast 28 Jahren eingeschläfert werden. Das Weibchen wurde
männlichen Madagaskar-Riesenratten (Hypogeomys antime-,1994 im Zoo Kairo geboren und traf 2003 vom Münchner
na) an einer Hepatopathie. Für das verbliebene Tier erhielt,Tierpark Hellabrunn im Tierpark Berlin ein. Ihr letztgebo-
der Tierpark im September im Rahmen des EEP ein junges,"rener Sohn, das neunjährige Männchen „Toki“, bewohnt"
Weibchen aus dem Zoo Duisburg. Beide Tiere harmonieren,zunächst die Anlage allein und im kommenden Jahr wird
"gut miteinander, sodass sich hoffentlich bald Nachwuchs",die Gruppe in Abstimmung mit dem EEP neu aufgebaut.
einstellt. Die Madagaskar-Riesenratte wurde auf der Roten,Veränderungen waren in dem Rudel der Kiangsi-Rothunde
Liste bedrohter Tierarten im Jahr 2022 hochgestuft und,(Cuon alpinus lepturus) notwendig geworden. Anfang Februar
gilt nun in der Natur als vom Aussterben bedroht. Eine,wurden im Rahmen des EEP fünf Rüden des Rudels an den
Erhaltungszucht in menschlicher Obhut ist aus diesem,Zoo Dublin abgegeben und kurz darauf traf ein junges
Grund aktuell für die Art ein wichtiger Baustein für den,Weibchen aus dem Zoo Budapest im Tierpark Berlin ein.
