VÖGEL,AVES,2017,geboren,Zugänge,gestorben,Abgabe,2018,Unnamed: 0,Unnamed: 1,Unnamed: 2,Unnamed: 3,Unnamed: 4,Unnamed: 5,Unnamed: 6,Unnamed: 7,Unnamed: 8,Unnamed: 9,Unnamed: 10,Unnamed: 11
Gänsevögel,Anseriformes,m,w,u,m,w,u,m,w,u,m,w,u,m,w,u,m,w,u
Eiderente,Somateria molissima,2,1,0,0,0,0,0,0,0,0,0,0,0,0,0,2,1,0
,Tachyeres pteneres,1,1,0,0,0,0,0,0,0,0,0,0,0,0,0,1,1,
Rostgans,Tadorna ferruginea,3,4,0,0,0,0,0,0,0,1,1,0,0,0,0,2,3,0
,Tadorna tadorna,13,20,0,0,0,0,0,0,0,2,4,0,0,0,0,11,16,
Sichelente,Mareca falcata,3,0,0,0,0,0,0,0,0,2,0,0,0,0,0,1,0,0
,Mareca penelope,1,5,0,0,0,0,0,0,0,0,0,0,0,0,0,1,5,
Chile-Pfeifente,Mareca sibilatrix,15,11,0,0,0,0,0,0,0,1,1,0,0,0,0,14,10,0
,Spatula clypeata,5,8,0,0,0,0,0,0,0,1,0,0,0,0,0,4,8,
Zimtente,Spatula cyanoptera,1,1,0,0,0,0,0,0,0,0,1,0,0,0,0,1,0,0
,Spatula hottentota,1,3,0,0,0,0,0,0,0,0,0,0,0,0,0,1,3,
SüdamerikanischeLöffelente,Spatula platalea,5,6,0,0,0,0,0,0,0,0,0,0,0,0,0,5,6,0
,Spatula querquedula,0,0,7,0,0,0,0,0,0,1,0,2,0,0,0,0,0,
Kupferspiegelente,Speculanas specularis,1,2,0,0,0,0,0,0,0,0,0,0,0,1,0,1,1,0
,Asarcornis scutulata,1,1,0,0,0,0,1,0,1,0,0,0,0,0,0,2,1,
Pinguine,Sphenisciformes,m,w,u,m,w,u,m,w,u,m,w,u,m,w,u,m,w,u
Königspinguin,Aptenodytes patagonica,3,2,0,0,0,0,0,0,0,0,0,0,0,0,0,3,2,0
,Eudyptes chrysomelas,2,3,0,1,0,1,0,0,0,1,0,1,0,0,0,2,3,
Brillenpinguin,Spheniscus demersus,9,10,3,0,0,0,0,0,0,2,1,0,0,0,0,9,10,0
Spheniscus humboldti,8,6,0,0,0,0,6,7,0,1,1,0,5,5,0,8,7,,
