Unnamed: 0,fugnisse des Vorstandes sind in einer Geschäftsordnung für
I.7,"den Vorstand geregelt, die 2021 zuletzt geändert wurde."
Vorstand und Aufsichtsrat sind ihren Pf lichten unter,
Beachtung ordnungsgemäßer Unternehmensführung,II.7 bis 10
nachgekommen; sie haben die Sorgfaltspflichten eines,Die Vergütung erfolgt auf Basis des Anstellungsvertrages
ordentlichen und gewissenhaften Vorstandes und Auf-,und einer Zielvereinbarung. Die Vergütung setzt sich aus
sichtsrates gewahrt. Vorstand und Aufsichtsrat haben,einem fixen und einem variablen Bestandteil zusammen.
im Hinblick auf ihre Verantwortung als Organe der Mut-,Die Vergütung wurde unter Beachtung der Aufgaben und
tergesellschaft der Tierpark Berlin-Friedrichsfelde GmbH,Leistungen des Vorstands sowie der aktuellen und erwar-
aufgrund noch nicht vollständig geklärter Vorfälle bei der,teten wirtschaftlichen Lage des Unternehmens festgelegt.
"Tierpark Berlin-Friedrichsfelde GmbH entschieden, der",Die Vergütungsregelungen werden im Präsidium beraten
Hauptversammlung 2022 weiterhin keine Entlastung für ein,und zur Entscheidung für den Aufsichtsrat vorbereitet.
ehemaliges Mitglied des Vorstandes für das Geschäftsjahr,
2013 und 2014 vorzuschlagen und die Entscheidung bis,II.11 und 12
zum Abschluss des Rechtsstreites zu vertagen.,Directors & Officers-Versicherungen sind für den Aufsichts-
,rat und mit gesetzlichem Selbstbehalt für den Vorstand
II. VORSTAND,abgeschlossen worden.
II.1 bis 3,
Der Vorstand hat ausschließlich im Interesse des Unterneh-,III. AUFSICHTSRAT
"mens und dessen nachhaltiger Wertsteigerung gearbeitet,",III.1 bis 3
das Unternehmen benachteiligende Tätigkeiten wurden,Der Aufsichtsrat hat seine Aufgaben nach der Satzung und
nicht ausgeübt. Für die Einhaltung der gesetzlichen Be-,der Geschäftsordnung für den Aufsichtsrat wahrgenommen.
stimmungen wurde vom Vorstand Sorge getragen. Der,Er wurde in Entscheidungen von grundlegender Bedeu-
Vorstand verfügt über Instrumente zum Risikomanagement,tung für das Unternehmen einbezogen und sah keinen
"und Risikocontrolling, die ständig weiterentwickelt werden.",Regelungsbedarf. Er hat über die in der Satzung und der
"So erfolgt ein regelmäßiges Reporting an den Aufsichtsrat,",Geschäftsordnung festgelegten Geschäfte hinaus keine
welches die wichtigsten Kennzahlen sowie einen Soll-Ist-,weiteren an seine Zustimmung gebunden. Sitzungsfre-
Vergleich und einen Vergleich mit dem Vorjahr enthält.,quenzen und Zeitbudgets entsprechen den Erfordernissen
Weiterhin werden mithilfe von Planungsrechnungen und,des Unternehmens.
Szenarien die Risiken monatlich geschätzt und bewertet,
"sowie die möglichen Einflüsse auf Umsatz, Aufwand und",Vergütungsregelungen für den Vorstand wurden dem Präsidium
Ergebnis dargestellt. Die Tagesumsätze und Besucherzah-,des Aufsichtsrates in seiner Funktion als Personalausschuss
len werden dem Vorstand täglich zur Verfügung gestellt.,zur Beratung und zur Vorbereitung der Entscheidung für
"Darüber hinaus besteht ein internes Kontrollsystem, das",den Aufsichtsrat übertragen. Im Berichtsjahr sind keine
ebenfalls ständig weiterentwickelt und optimiert wird.,Erstbestellungen erfolgt. Der Vorstand wurde 2018 für
,fünf Jahre für den Zeitraum ab April 2019 wiederbestellt.
II.4,
"Die Vorschriften des Landesgleichstellungsgesetzes (LGG),",III.4
des Partizipations- und Integrationsgesetzes Berlin (PartIntG),Zwischen dem Aufsichtsratsvorsitzenden und dem Vorstand
sowie des Landesgleichberechtigungsgesetzes (LBGB) wer-,fand ein regelmäßiger Kontakt statt. Es wurden die Unter-
"den beachtet, soweit möglich und wirtschaftlich vertretbar.","nehmensstrategie, die Geschäftsentwicklung und aktuelle"
,Ereignisse beraten. Als Instrument des Risikomanagements
II.5,steht dem Aufsichtsrat ein regelmäßiges Reporting des
Für die Beschäftigten gilt ein Haustarifvertrag. Eine Vergü-,"Vorstandes zur Verfügung, welches die wichtigsten Kenn-"
tung über dem gesetzlichen Mindestlohn ist sichergestellt.,"zahlen, einen Soll-Ist-Vergleich sowie einen Vergleich mit"
