KNOCHENFISCHE,OSTEICHTHYES,2019,geboren,Zugänge,gestorben,Abgabe,2020,Unnamed: 0,Unnamed: 1,Unnamed: 2,Unnamed: 3,Unnamed: 4,Unnamed: 5,Unnamed: 6,Unnamed: 7,Unnamed: 8,Unnamed: 9,Unnamed: 10,Unnamed: 11
,,m,w,u,m,w,u,m,w,u,m,w,u,m,w,u,m,w,u
Lepsiosteiformes,0.0,0,2,0,0,0,0,0,0,0,0,0,0,0,1,0,0,,
Characiformes,0.0,0,5442,0,0,0,0,0,0,0,0,2395,0,0,0,0,0,,
Cypriniformes,0.0,0,75,0,0,2,0,0,0,0,0,42,0,0,14,0,0,,
Siluriformes,0.0,0,221,0,0,0,0,0,0,0,0,9,0,0,0,0,0,,
Cyprinodontiformes,0.0,0,1000,0,0,0,0,0,0,0,0,966,0,0,0,0,0,,
Perciformes,0.0,0,594,0,0,49,0,0,954,0,0,362,0,0,208,0,0,,
Tetradontiformes,0.0,0,6,0,0,0,0,0,0,0,0,0,0,0,0,0,0,,
