AKTIVA,2019,2018,Unnamed: 0
A.,ANLAGEVERMÖGEN,in €,in €
"I.Immaterielle Vermögensgegenstände, gewerblicheSchutzrechte und ähnliche Rechte und Werte","164.160,00","244.176,00",
II.Sachanlagen,,,
1.Grundstücke und Bauten,"38.182.608,00","39.195.149,00",
2.Technische Anlagen und Maschinen,"1.875.970,00","2.009.074,00",
"3.Andere Anlagen, Betriebs- und Geschäftsausstattung","1.889.645,00","1.831.222,00",
4.Geleistete Anzahlungen und Anlagen im Bau,"9.611.621,31","3.678.218,41",
Summe Sachanlagen,"51.559.844,31","46.713.663,41",
,,,
"1.755.608,92","1.755.608,92",,
"15.227.695,76","11.449.068,19",,
"1.120,00","1.120,00",,
"16.984.424,68","13.205.797,11",,
Summe Anlagevermögen,"68.708.428,99","60.163.636,52",
