VÖGEL,AVES,Unnamed: 0,2015,geboren,Zugänge,gestorben,Abgabe,2016,Unnamed: 1,Unnamed: 2,Unnamed: 3,Unnamed: 4,Unnamed: 5,Unnamed: 6,Unnamed: 7,Unnamed: 8,Unnamed: 9,Unnamed: 10,Unnamed: 11
Taubenvögel: Eigentliche Tauben,m,w,u,m,w,u,m,w,u,m,w,u,m,w,u,m,w,u,
Rote Lockentaube,Columbia livia f. domestica,0,0,3,0,0,0,0,0,0,0,0,0,0,0,0,0,0,3.0
,Columbia livia f. domestica,0,0,6,0,0,0,2,2,0,0,0,0,0,0,0,2,2,
"Südd. Mönchstaube,blauweiß geschultert",Columbia livia f. domestica,0,0,7,0,0,0,0,0,0,0,0,0,0,0,0,0,0,7.0
,Columbia talpacoti,0,1,0,0,0,0,0,0,0,0,0,0,0,0,0,0,1,
Bartletts Dolchstichtaube,Gallicolumba criniger,8,4,0,0,0,0,0,0,0,0,0,0,3,0,0,5,4,0.0
,Gallicolumba luzonica,3,3,0,0,0,0,0,0,0,0,0,0,0,0,0,3,3,
Goldbrust-Erdtaube,Gallicolumba rufigula,1,0,0,0,0,0,0,0,0,0,0,0,0,0,0,1,0,0.0
,Gallicolumba tristigmata,0,2,0,0,0,0,0,0,0,0,0,0,0,0,0,0,2,
Jamaica-Erdtaube,Leptotila jamaicensis,1,0,0,0,0,0,0,0,0,0,0,0,0,0,0,1,0,0.0
,Leucosarcia melanoleuca,3,1,0,0,0,3,0,0,0,0,0,2,0,0,0,3,1,
Schopftaube,Ocyphaps lophotes,1,1,0,0,0,0,0,0,0,0,0,0,0,0,0,1,1,0.0
,Oena capensis,1,0,0,0,0,0,0,0,0,0,0,0,0,0,0,1,0,
Madagaskar Turteltaube,Nesoenas picturata,1,1,0,0,0,0,0,0,0,0,0,0,0,0,0,1,1,0.0
,Spilopelia senegalensis,0,0,4,0,0,0,0,0,0,0,0,0,0,0,0,0,0,
Fasanentauben,m,w,u,m,w,u,m,w,u,m,w,u,m,w,u,m,w,u,
Fasanentaube,Otidiphaps nobilis,1,0,0,0,0,0,0,0,0,0,0,0,0,0,0,1,0,0.0
Fruchttauben,m,w,u,m,w,u,m,w,u,m,w,u,m,w,u,m,w,u,
Goldstirnfruchttaube,Ptilinopus aurantiifrons,4,1,0,0,0,0,0,0,0,1,0,0,0,0,0,3,1,0.0
,Ptilinopus coronulatus,0,1,0,0,0,0,0,0,0,0,0,0,0,0,0,0,1,
Orangebauchfruchttaube,Ptilinopus iozonus,1,1,0,0,0,0,0,0,0,0,0,0,0,0,0,1,1,0.0
,Ptilinopus melanospilus,2,3,0,0,0,0,0,0,0,1,1,0,0,0,0,1,2,
Papageien: Loris,m,w,u,m,w,u,m,w,u,m,w,u,m,w,u,m,w,u,
Regenbogenlori,Trichoglossus haematodus,0,2,1,0,0,0,0,0,0,0,2,0,0,0,0,0,0,1.0
,Psitteuteles goldiei,1,1,0,0,0,1,0,0,0,0,1,0,0,0,0,1,0,
Nestorpapagei,m,w,u,m,w,u,m,w,u,m,w,u,m,w,u,m,w,u,
Kea,Nestor notabilis,1,1,0,0,0,0,0,0,0,0,0,0,0,0,0,1,1,0.0
Plattschweifsittiche,m,w,u,m,w,u,m,w,u,m,w,u,m,w,u,m,w,u,
Hoodedsittich,Psephotos chrysopteryglus,2,2,1,0,0,0,0,0,0,0,0,1,1,1,0,1,1,0.0
,Neophema pulchella,1,0,0,0,0,0,0,0,0,0,0,0,0,0,0,1,0,
Wellensittich,Melopsittacus undulatus,19,10,0,0,0,1,0,0,0,2,3,0,5,1,0,12,6,1.0
Wachsschnabelpapagei,m,w,u,m,w,u,m,w,u,m,w,u,m,w,u,m,w,u,
Edelpapagei,Ecletus roratus,1,1,0,0,0,0,0,0,0,0,0,0,0,0,0,1,1,0.0
Aras,m,w,u,m,w,u,m,w,u,m,w,u,m,w,u,m,w,u,
Hyazinthara,Andorhynchus hyacinthinus,1,1,0,0,0,0,0,0,0,0,0,0,0,0,0,1,1,0.0
,Primolius maracana,2,2,0,0,0,0,0,0,0,0,0,0,0,0,0,2,2,
Soldatenara,Ara militaris militaris,1,1,0,0,0,0,0,0,0,0,0,0,0,0,0,1,1,0.0
Ara rubrogenys,0,1,0,0,0,0,0,0,0,0,0,0,0,0,0,0,1,,
