"und die Kampagne #WIRSINDBERLIN stehen, ha-",Am 24. Juni 2022 fand ganztägig der mittlerweile
"ben unter dem Motto „Guter Style, guter Zweck“",neunte Rotary-Kindertag inklusive Programm
"insgesamt elf BerlinFluencer aus Sport, Kultur,","statt, organisiert und gefördert durch alle Berliner"
Politik und Wirtschaft eine limitierte T-Shirt-Serie,sowie viele Brandenburger Rotary Clubs. An die-
entworfen und von Mitte Juni bis Mitte August,sem Freitag feierten knapp 1.500 Schüler*innen
2022 online verkauft. Sämtliche Erlöse aus dem,und B©e Rgedlaektiitopn Learusreontnen im Bereich der Freif läche
Verkauf gingen an gemeinnützige Organisationen.,um den Eisbärenbrunnen sowie auf der Bühne
Als Kooperationspartner dabei waren sowohl,am Zoorestaurant. Neben dem Kinderprogramm
"der Zoo Berlin als auch der Tierpark Berlin, die",liefen auch Rotary-Helfer*innen in Kostümen
