"mit einem Erinnerungswert in Höhe von 1,00 € unter Andere",Der Unterschiedsbetrag zwischen dem Wertansatz nach
"Anlagen, Betriebs- und Geschäftsausstattung ausgewiesen.",Maßgabe des durchschnittlichen Marktzinssatzes der
,vergangenen zehn Jahre und dem Ansatz auf Grundlage
Unter Geleistete Anzahlungen und Anlagen im Bau werden,des durchschnittlichen Marktzinssatzes der vergangenen
Ausgaben für neun Bauvorhaben aus den Jahren 2018 bis,"sieben Jahre gem. § 253 Abs. 6 HGB n. F. beträgt 2.883,00 €."
"2022 ausgewiesen, die im Berichtsjahr noch nicht fertig-",
gestellt worden sind.,Sonstige Rückstellungen
,Zum Bilanzstichtag bestanden Verpf lichtungen aus Al-
Finanzanlagen,tersteilzeitvereinbarungen für einen Vertrag nach dem
Die Gesellschaft hält zum 31.12.2022 einen Genossen-,"Blockmodell mit einer Restlaufzeit von 17 Monaten, der im"
"schaftsanteil in Höhe von 600,00 € an der Wirtschaftsge-",Berichtsjahr 2021 abgeschlossen wurde. Die Rückstellung
nossenschaft deutscher Tierärzte eG (WDT) sowie zehn,"für Altersteilzeit, bestehend aus Erfüllungsrückstand und"
Genossenschaftsanteile an der Berliner Volksbank eG in,"Aufstockungsbeträgen, wurde nach den Vorgaben des IDW"
"Höhe von 520,00 €. Der Wert der Genossenschaftsanteile",RS HFA 3 in Verbindung mit § 253 Abs. 1 Satz 2 HGB ermittelt.
"beträgt zum Bilanzstichtag insgesamt 1.120,00 €.",Die Aufstockungsbeträge wurden als Abfindungsleistungen
,klassifiziert.
Umlaufvermögen,
Alle Forderungen und Sonstige Vermögensgegenstände,Zur Insolvenzsicherung des Wertguthabens gem. § 6 Abs. 1
haben Restlaufzeiten bis zu einem Jahr.,AltTZG wurden Rückdeckungsversicherungen abgeschlossen.
,Das Deckungsvermögen beträgt zum 31.12.2022 insgesamt
Im Posten Sonstige Wertpapiere werden Wertpapiere,"20.983,63 €. Die Anschaffungskosten des Deckungsvermö-"
"ausgewiesen, die aus Nachlässen stammen. Da für sie","gens belaufen sich auf 22.972,80 €. Die Altersteilzeitrück-"
"keine Anschaffungskosten angefallen sind, wurden sie per","stellungen zum 31.12.2022 in Höhe von 28.187,63 € wurden"
"31.12.2022 mit einem Wert von 1,00 € in der Bilanz geführt.",mit dem Wert des Deckungsvermögens gem. § 246 Abs. 2
,S. 2 HGB saldiert und sind zum 31.12.2022 mit einem Wert
Eigenkapital,"von 7.204,00 € ausgewiesen."
Die Entwicklung des Eigenkapitals ist im Eigenkapital-,
spiegel dargestellt.,In den Sonstigen Rückstellungen sind des Weiteren Rückstel-
,"lungen für unterlassene Instandhaltungen, für ausstehende"
Der Jahresüberschuss 2021 wurde nach Maßgabe des §,"Rechnungen, Rückstellungen für Personalverpflichtungen"
3 Abs. 3b) des Gesellschaftsvertrages gemäß Beschluss,"(Urlaub, Mehrstunden, Sterbegeld und Betriebsjubiläen)"
