GEWINN- UND VERLUSTRECHNUNG,2020,2019,Unnamed: 0
,,in €,in €
,Erträge aus Investitionszuschüssen,"273.054,36","302.702,30"
,Zuführung zum Sonderposten für Investitionszuschüsse,"-273.054,36","-302.702,30"
,Spenden und Zuwendungen,"7.796.080,06","6.132.732,40"
,Umsatzerlöse,"17.056.705,19","27.563.179,09"
,Sonstige betriebliche Erträge,"2.454.723,31","795.180,54"
,Gesamtleistung,"27.307.508,56","34.491.092,03"
,Materialaufwand,"-3.707.946,54","-4.560.109,88"
,"a) Roh-, Hilfs-, Betriebsstoff e und bezogene Waren","-1.460.208,93","-1.751.013,02"
,"b) Bezogene Leistungen- davon aus verbundenen Unternehmen € 35.096,94 (Vorjahr: T€ 100)","-2.247.737,61","-2.809.096,86"
,Mittelverwendung,"-476.115,05","-978.906,10"
,Personalaufwand,"-16.250.039,24","-16.974.345,83"
,a) Löhne und Gehälter,"-10.655.594,34","-10.513.932,63"
,"b) Soziale Abgaben und Aufwendungen für Altersversorgungund für Unterstützung- davon für Altersversorgung € 3.333.171,22 (Vorjahr: T€ 4.341)","-5.594.444,90","-6.460.413,20"
,Abschreibungen auf Immaterielle Vermögensgegenständeund Sachanlagen,"-2.560.448,69","-2.545.884,45"
,Sonstige betriebliche Aufwendungen,"-7.832.457,91","-7.481.083,84"
,Erträge aus anderen Wertpapieren des Finanzanlagevermögens,"230.575,80","153.800,52"
,"Sonstige Zinsen und ähnliche Erträge- davon aus verbundenen Unternehmen € 8.778,00 (Vorjahr: T€ 9)","8.952,00","9.000,44"
,Abschreibungen auf Finanzanlagen,"-96.159,22","0,00"
,"Zinsen und ähnliche Aufwendungen- davon Aufwendungen aus Aufzinsung € 718.190,00 (Vorjahr: T€ 708)","-651.950,90","-349.985,06"
,Steuern vom Einkommen und vom Ertrag,"-35.988,71","-45.309,61"
,Ergebnis nach Steuern,"-4.064.069,90","1.718.268,22"
,Sonstige Steuern,"-36.782,08","-35.157,17"
19.0,Jahresfehlbetrag/ -überschuss,"-4.100.851,98","1.683.111,05"
