SÄUGETIERE,MAMMALIA,2017,geboren,Zugänge,gestorben,Abgabe,2018,Unnamed: 0,Unnamed: 1,Unnamed: 2,Unnamed: 3,Unnamed: 4,Unnamed: 5,Unnamed: 6,Unnamed: 7,Unnamed: 8,Unnamed: 9,Unnamed: 10,Unnamed: 11
Nagetiere,Rodentia,m,w,u,m,w,u,m,w,u,m,w,u,m,w,u,m,w,u
Moko,Kerodon rupestris,2,4,0,0,0,2,0,0,0,0,2,2,0,0,0,2,2,0
,Dasyprocta leporina,0,1,0,0,0,0,0,0,0,0,0,0,0,0,0,0,1,
"Blaue Degu-Maus, Cururo",Spalacopus cyaneus,3,3,0,0,0,0,0,0,0,0,0,0,0,0,0,3,3,0
Hasenartige,Lagomorpha,m,w,u,m,w,u,m,w,u,m,w,u,m,w,u,m,w,u
Grauer Wiener,Oryctolagus cuniculus f.domestica,0,1,0,0,0,0,0,0,0,0,0,0,0,0,0,0,1,0
,Oryctolagus cuniculus f.domestica,0,2,0,0,0,0,0,0,0,0,2,0,0,0,0,0,0,
Rheinische Schecken,Oryctolagus cuniculus f.domestica,1,2,0,0,0,0,0,0,0,0,1,0,0,0,0,1,1,0
,Oryctolagus cuniculus f.domestica,0,1,0,0,0,0,0,0,0,0,0,0,0,0,0,0,1,
Zwergkaninchen Mix,Oryctolagus cuniculus f.domestica,1,5,0,0,0,0,0,0,0,0,0,0,0,0,0,1,5,0
Fledertiere,Chiroptera,m,w,u,m,w,u,m,w,u,m,w,u,m,w,u,m,w,u
Gemeiner Vampir,Desmodus rotundus,1,4,0,0,0,0,0,0,0,0,0,0,0,0,0,1,4,0
,Glossophaga soricina,16,20,0,4,2,0,0,0,0,3,6,0,0,0,0,17,16,
Brillenblattnase,Carollia perspillicata,35,32,0,9,8,0,0,0,0,6,1,0,0,0,0,38,39,0
Raubtiere,Carnivora,m,w,u,m,w,u,m,w,u,m,w,u,m,w,u,m,w,u
Sandkatze,Felis margarita,0,1,0,0,0,0,0,0,0,0,0,0,0,0,0,0,1,0
,Leopardus pardalis,0,1,0,0,0,0,0,0,0,0,0,0,0,0,0,0,1,
Rostkatze,Prionailurus rubiginosus,1,1,0,0,0,0,0,0,0,0,0,0,0,0,0,1,1,0
,Panthera leo,0,2,0,0,0,0,0,0,0,0,0,0,0,0,0,0,2,
Jaguar,Panthera onca,1,0,0,0,0,0,0,0,0,1,0,0,0,0,0,0,0,0
