Die Digitalisierung wurde in vielen Bereichen aktiv vor-,Die Sackfuttermittel von Zoo und Tierpark Berlin sind
"angetrieben, sodass nun eine deutliche Einsparung von",seit mehr als fünf Jahren frei von genmanipulier ten
Ressourcen erzielt werden konnte. So spart die umfassende,Sojamischungen und Palmöl. Durch Initiative des Futter-
Digitalisierung des Ticketings durch den Aufbau eines,mittelmanagement kam es zur Umstellung der genannten
starken eigenen Onlineshops den Druck von Millionen,Produktpalette wie auch zu Veränderungen von konkreten
Papiertickets jährlich (Onlinetickets werden i. d. R. digital,Futtermischungen. Bis heute wird an diesem bewussten
über das Smartphone entwertet). Die stärkere Fokussie-,Einkauf festgehalten. Hinsichtlich der Futterfische beziehen
"rung auf Jahreskarten im Abomodell und Funktionen,",Zoo und Tierpark Berlin bevorzugt MSC-Meeresfische wie
wie die Onlineverlängerung bestehender Jahreskarten,Heringe oder Sprotten. Weiter werden regionale Anbieter
"schont außerdem Ressourcen, die sonst für die Produk-",beim Saftfutter genutzt. Ebenfalls wird im Zoo Berlin ver-
tion neuer Jahreskarten-Checkkarten benötigt würden.,mehrt Bio-Rindfleisch angenommen und zukünftig soll
Auch bei Veranstaltungen wie dem Volvo-Lauf gab es,der Gedanke eines regionalen Bambusanbaus umgesetzt
"Bestrebungen, Ticketausdrucke einzusparen. Im Bereich",werden. Bei allen Vorgängen werden die Bestellmengen so
Kommunikation und Vertrieb wird sämtliche Kommunika-,"kalkuliert, dass keine unnötigen Transportwege entstehen."
"tion auf digitalem, telefonischem oder persönlichem Weg",Auch in der Gastronomie werden bevorzugt regionale
geführt. Postalische und somit gedruckte Kommunikation,Produkte mit kurzen Anfahrtswegen genutzt. Neben der
ist inzwischen eine Ausnahme.,Nutzung des Recup-Pfandsystems in der Gastronomie
,verwendet Marché seit Ende 2022 auch Mehrwegbehält-
Zur Nebensaison wurde der interne Flyer von Zoo und,"nisse der Marke „Re-bowl“ für Speisen, die an den Kiosken"
Tierpark Berlin erstmalig vorrangig digital angeboten. Durch,verkauft werden.
Einscannen von QR-Codes gelangten Besucher*innen auf,
eine in Deutsch und Englisch verfügbare Landingpage mit,REDUZIERUNG VON (MIKRO-)PLASTIK
"digitalem Zoo- bzw. Tierparkplan, Fütterungszeiten sowie",Der Dienstleister für die Unterhaltsreinigung in Zoo und
aktuellen Neuigkeiten. Auf Anfrage wurde der Parkplan von,Tierpark Berlin setzt für die Reinigungsleistung ab 2022
papiersparenden Abrissblöcken zur Verfügung gestellt.,ausschließlich ökologisch zertifizierte Reinigungsmittel
,(Planta-Buzil) ein. In der Gastronomie wurden Einwegbe-
"Auch im kaufmännischen Bereich gibt es die Bestrebung,",steck und Strohhalme aus Plastik ersetzt. In der Zoo- und
nach und nach Prozesse zu digitalisieren und damit die,Tierparkschule wurden alle Kindergeburtstagsgeschenke
