SÄUGETIERE,MAMMALIA,2017,geboren,Zugänge,gestorben,Abgabe,2018,Unnamed: 0,Unnamed: 1,Unnamed: 2,Unnamed: 3,Unnamed: 4,Unnamed: 5,Unnamed: 6,Unnamed: 7,Unnamed: 8,Unnamed: 9,Unnamed: 10,Unnamed: 11
Raubtiere,Carnivora,m,w,u,m,w,u,m,w,u,m,w,u,m,w,u,m,w,u
Binturong,Arctictis binturong binturong,3,4,0,1,2,0,0,0,0,0,0,0,2,3,0,2,3,0
,Paguma larvata leucomystax,0,0,0,0,0,0,1,1,0,0,0,0,0,0,0,1,1,
Fleckenmusang,Paradoxurus hermaphroditus,2,2,0,0,0,0,0,1,0,0,0,0,1,1,0,1,1,0
,Genetta genetta,1,1,0,0,0,0,0,0,0,0,0,0,0,0,0,1,1,
Arabische Kleinfleck-Ginsterkatze,Genetta genetta dongolana,1,1,0,1,1,0,0,0,0,0,0,0,0,0,0,2,2,0
,Viverra tangalungatangalunga,1,1,0,0,0,0,0,0,0,1,1,0,0,0,0,0,0,
Altai-Luchs,Lynx lynx wardi,1,2,0,0,0,0,0,0,0,0,0,0,0,0,0,1,2,0
,Lynx rufus,0,1,0,0,0,0,0,0,0,0,0,0,0,0,0,0,1,
Südafrikanischer Karakal,Caracal caracal caracal,1,0,0,0,0,0,0,0,0,1,0,0,0,0,0,0,0,0
,Otocolobus manul manul,1,1,0,0,0,0,0,0,0,0,0,0,0,0,0,1,1,
Europäische Wildkatze,Felis silvestris silvestris,1,1,0,0,0,0,0,0,0,0,1,0,0,0,0,1,0,0
,Prionailurus bengalensisheaneyi,4,3,0,1,0,2,0,0,0,2,0,2,1,1,0,2,2,
Margay,Leopardus wiedii nicaraguae,0,2,0,0,0,0,1,0,0,0,0,0,0,0,0,1,2,0
,Leptailurus serval,0,1,0,0,0,0,0,0,0,0,0,0,0,0,0,0,1,
Nebelparder,Neofelis nebulosa,2,1,0,0,0,0,0,0,0,0,1,0,0,0,0,2,0,0
,Panthera pardus melas,2,2,0,0,0,0,0,0,0,0,0,0,1,0,0,1,2,
Sibirischer Tiger,Panthera tigris altaica,1,3,0,0,0,0,0,0,0,0,0,0,0,2,0,1,1,0
,Panthera tigris corbetti,1,1,0,0,0,0,0,0,0,0,0,0,0,0,0,1,1,
Sumatratiger,Panthera tigris sumatrae,1,1,0,2,2,0,0,0,0,0,0,0,0,0,0,3,3,0
,Uncia uncia,2,1,0,0,0,0,0,0,0,0,0,0,0,1,0,2,1,
Sudan-Gepard,Acinonyx jubatussoemmeringii,2,0,0,0,0,0,0,0,0,0,0,0,0,0,0,2,0,0
Seekühe,Sirenia,m,w,u,m,w,u,m,w,u,m,w,u,m,w,u,m,w,u
Karibik-Manati,Trichechus manatusmanatus,2,1,0,0,0,0,0,0,0,0,1,0,0,0,0,2,0,0
Schliefer,Hyracoidea,m,w,u,m,w,u,m,w,u,m,w,u,m,w,u,m,w,u
Buschschliefer,Heterohyrax brucei,5,8,0,2,0,0,1,0,0,1,0,0,0,0,0,7,8,0
