WIRBELLOSE,INTERVEBRATA,Artenzahl,2015,Zugänge,geboren,gestorben,Abgabe,2016,Unnamed: 0,Unnamed: 1,Unnamed: 2,Unnamed: 3,Unnamed: 4,Unnamed: 5,Unnamed: 6,Unnamed: 7,Unnamed: 8,Unnamed: 9,Unnamed: 10,Unnamed: 11
,,,m,w,u,m,w,u,m,w,u,m,w,u,m,w,u,m,w,u
Manteltiere,Tunicata,3.0,0,0,59,0,0,3,0,0,0,0,0,36,0,0,0,0,0,26
,Echinodermata,22.0,0,0,244,0,0,39,0,0,0,0,0,46,0,0,0,0,0,
Weichtiere,Mollusca,19.0,0,0,502,0,0,54,0,0,100,0,0,198,0,0,0,0,0,458
,Insecta,55.0,0,0,2574,0,0,357,0,0,2335,0,0,2947,0,0,0,0,0,
Spinnentiere,Arachnida,25.0,0,0,176,0,0,75,0,0,1,0,0,152,0,0,3,0,0,97
,Myriapoda,8.0,0,0,110,0,0,72,0,0,130,0,0,64,0,0,0,0,0,
Krebstiere,Crustacea,41.0,0,0,1135,0,0,201,0,0,0,0,0,312,0,0,0,0,0,1024
,Annelida,5.0,0,0,78,0,0,5,0,0,0,0,0,5,0,0,0,0,0,
Schwämme,Porifera,8.0,0,0,42,0,0,0,0,0,0,0,0,0,0,0,0,0,0,42
Cnidaria,125,0.0,0,4963,0,0,26,0,0,2310,0,0,898,0,0,468,0,0,,
