KNOCHENFISCHE,OSTEICHTHYES,Artenzahl,Unnamed: 0,2020,Unnamed: 1,geboren,Zugänge,gestorben,Abgabe,Unnamed: 2,Unnamed: 3,2021,Unnamed: 4
,,,m,w,u,m w u,m w u,m w u,m w u,,m,w,u
Flösselhechtartige,Polypteriformes,1.0,0,0,2,0 0 0,0 0 0,0 0 1,0 0 0,,0,0,1
Störartige,Acipenseriformes,0.0,0,0,1,0 0 0,0 0 0,0 0 1,0 0 0,,0,0,0
Knochenhechtartige,Lepisosteiformes,3.0,0,0,11,0 0 0,0 0 0,0 0 0,0 0 0,,0,0,11
Tarpunartige,Elopiformes,1.0,0,0,19,0 0 0,0 0 0,0 0 1,0 0 0,,0,0,18
Aalartige,Anguilliformes,5.0,0,0,26,0 0 0,0 0 0,0 0 4,0 0 2,,0,0,20
Knochenzünglerartige,Osteoglossiformes,3.0,0,0,21,0 0 0,0 0 4,0 0 0,0 0 0,,0,0,25
Hechtartige,Esociformes,0.0,0,0,0,0 0 0,0 0 0,0 0 0,0 0 0,,0,0,0
Schildfischartige,Gobiesociformes,0.0,0,0,0,0 0 0,0 0 0,0 0 0,0 0 0,,0,0,0
Salmlerartige,Characiformes,25.0,0,0,998,0 0 18,0 0 755,0 0 679,0 0 0,,0,0,1092
Karpfenfischartige,Cypriniformes,27.0,0,0,785,0 0 168,0 0 1,0 0 296,0 0 0,,0,0,658
Neuwelt-Messerfische,Gymnotiformes,1.0,0,0,1,0 0 0,0 0 0,0 0 0,0 0 0,,0,0,1
Welse,Siluriformes,53.0,0,0,472,0 0 0,0 0 3,0 0 107,0 0 49,,0,0,319
Froschfische,Batrachoidiformes,0.0,0,0,0,0 0 0,0 0 0,0 0 0,0 0 0,,0,0,0
