C.,VERBINDLICHKEITEN,Unnamed: 0,Unnamed: 1
"1.Erhaltene Anzahlungen auf Bestellungen- davon mit einer Restlaufzeit bis zu einem Jahr € 89.187,50 (Vorjahr: T€ 88)","89.187,50","88.217,00",
"2.Verbindlichkeiten aus Lieferungen und Leistungen- davon mit einer Restlaufzeit bis zu einem Jahr € 1.651.892,39 (Vorjahr: T€ 1.376)","1.867.572,03","1.466.533,15",
"3.Sonstige Verbindlichkeiten:- davon aus Steuern € 39.032,21 (Vorjahr: T€ 80)- davon im Rahmen der sozialen Sicherheit € 16.523,72 (Vorjahr: T€ 27)- davon mit einer Restlaufzeit bis zu einem Jahr € 396.808,95 (Vorjahr: T€ 337)","979.946,76","850.820,03",
Summe Verbindlichkeiten,"2.936.706,29","2.405.570,18",
