SÄUGETIERE,MAMMALIA,2018,geboren,Zugänge,gestorben,Abgabe,2019,Unnamed: 0,Unnamed: 1,Unnamed: 2,Unnamed: 3,Unnamed: 4,Unnamed: 5,Unnamed: 6,Unnamed: 7,Unnamed: 8,Unnamed: 9,Unnamed: 10,Unnamed: 11
Raubtiere,Carnivora,m,w,u,m,w,u,m,w,u,m,w,u,m,w,u,m,w,u
Altai-Luchs,Lynx lynx wardi,1,2,0,0,0,0,0,0,0,0,1,0,0,0,0,1,1,0
,Lynx rufus,0,1,0,0,0,0,0,0,0,0,0,0,0,0,0,0,1,
Sibirischer Manul,Otocolobus manul manul,1,1,0,0,0,0,0,0,0,0,0,0,0,0,0,1,1,0
,Felis silvestris silvestris,1,0,0,0,0,0,0,0,0,0,0,0,0,0,0,1,0,
Palawan-Bengalkatze,Prionailurus bengalensisheaneyi,2,1,0,0,0,0,0,0,0,0,0,0,0,0,0,2,1,0
,Leopardus wiedii nicaraguae,1,2,0,0,0,0,0,0,0,1,1,0,0,0,0,0,1,
Serval,Leptailurus serval,0,1,0,0,0,0,0,0,0,0,0,0,0,0,0,0,1,0
,Neofelis nebulosa,2,0,0,0,0,0,0,0,0,0,0,0,0,0,0,2,0,
Java-Leopard,Panthera pardus melas,1,2,0,0,0,0,0,0,0,0,1,0,0,0,0,1,1,0
,Panthera tigris altaica,1,1,0,0,0,0,0,0,0,0,0,0,0,0,0,1,1,
Hinterindischer Tiger,Panthera tigris corbetti,1,1,0,0,0,0,0,0,0,0,0,0,0,0,0,1,1,0
,Panthera tigris sumatrae,3,3,0,0,0,0,0,0,0,0,0,0,0,0,0,3,3,
Schneeleopard,Uncia uncia,2,1,0,1,1,0,0,0,0,1,1,0,0,0,0,2,1,0
,Acinonyx jubatus soem-meringii,2,0,0,0,0,0,0,0,0,0,0,0,0,0,0,2,0,
Seekühe,Sirenia,m,w,u,m,w,u,m,w,u,m,w,u,m,w,u,m,w,u
Karibik-Manati,Trichechus manatusmanatus,2,0,0,0,0,0,0,0,0,0,0,0,2,0,0,0,0,0
Schliefer,Hyracoidea,m,w,u,m,w,u,m,w,u,m,w,u,m,w,u,m,w,u
Buschschliefer,Heterohyrax brucei,7,8,0,0,2,0,0,0,0,1,1,0,5,2,0,1,7,0
