WIRBELLOSE,INVERTEBRATA,2020,geboren,Zugänge,gestorben,Abgabe,2021,Unnamed: 0,Unnamed: 1,Unnamed: 2,Unnamed: 3,Unnamed: 4,Unnamed: 5,Unnamed: 6,Unnamed: 7,Unnamed: 8,Unnamed: 9,Unnamed: 10,Unnamed: 11
,,m,w,u,m,w,u,m,w,u,m,w,u,m,w,u,m,w,u
Stachelhäuter (11 Arten),Echinodermata,1,1,48,0,0,0,0,0,4,0,0,2,0,0,0,1,1,50
,Mollusca,0,0,265,0,0,50,0,0,206,0,0,59,0,0,0,0,0,
Gliederfüßer (16 Arten),Arthropoda,0,1,173,0,0,43,0,0,20,0,1,57,0,0,0,0,0,179
,Annelida,0,0,20,0,0,0,0,0,0,0,0,0,0,0,0,0,0,
Plattwürmer (1 Art),Plathelminthes,0,0,10,0,0,0,0,0,0,0,0,0,0,0,0,0,0,10
,Cnidaria,0,0,693,0,0,11,0,0,366,0,0,83,0,0,3,0,0,
Schwämme (1 Art),Porifera,0,0,1,0,0,0,0,0,0,0,0,0,0,0,0,0,0,1
