ENTWICKLUNG DES ANLAGEVERMÖGENS ZUM 31. DEZEMBER 2017 (ANLAGENSPIEGEL),Unnamed: 0,Unnamed: 1,Unnamed: 2,Unnamed: 3,Unnamed: 4,Unnamed: 5
,Anschaffungs- und Herstellungskosten,,,,,
Alle Werte in €,Stand am01.01.2017,Zugang,Abgang,Umbuchung,MinderungdurchZuschüsse,Stand am31.12.2017
I.  ImmaterielleVermögensgegenständeGewerbliche Schutzrechte undähnliche Rechte und Werte,"78.055,37","46.159,44","-452,40","0,00","0,00","123.762,41"
,"78.055,37","46.159,44","-452,40","0,00","0,00","123.762,41"
,"3.737.055,39522.067,012.562.310,87269.192,24","33.460,614.720,33406.226,772.850.701,16","0,000,00-83.154,660,00","342.719,130,000,00-342.719,13","0,000,000,00-675.037,53",
,"7.090.625,51","3.295.108,87","-83.154,66","0,00","-675.037,53",
III.  FinanzanlagenGenossenschaftsanteile,"0,00","600,00","0,00","0,00","0,00","600,00"
,"0,00","600,00","0,00","0,00","0,00","600,00"
"7.168.680,88","3.341.868,31","-83.607,06","0,00","-675.037,53",,
