sich der Umsatz pro Mitarbeiter*in gegenüber dem,Unnamed: 0,Unnamed: 1,Unnamed: 2,Unnamed: 3,Unnamed: 4
,,,,,≤ 19 Jahre
"Vorjahr deutlich um rd. 64 % auf rd. 106,8 T€ erhöht.",,,,,
Da der Personalaufwand 2022 vor allem aufgrund,50–59 Jahre,,11 % 2 %,,
der Veränderungen bei den Rückstellungen für die,,29 %,,,
betriebliche Altersversorgung deutlich unter dem,,,,,20–29 Jahre
"Vorjahr liegt, ist der Anteil der Personalaufwendun-",,,18 %,,
gen am Umsatz von 87 % auf 44 % zurückgegan-,,,,,
gen. Die Verringerung des Aufwandes für Löhne,,,,,
und Gehälter spiegelt sich in der Entwicklung des,,20 %,20 %,,30–39 Jahre
"Personalaufwandes pro Kopf wider, der analog dazu",,,,,
"um rd. 10,1 T€ gesunken ist.",40–49 Jahre,,,,
,,,,,
PERSONALKENNZAHLEN,,,,,
Zoo Berlin 2017,2018,2019,2020,,2021 2022
Umsatzerlöse in T€ 24.675,25.197,27.563,17.057,,17.640 27.775
Personalaufwand in T€ 10.860,14.000,16.974,16.250,,15.413 12.209
Mitarbeiter*innen im Jahresdurchschnitt* 286,286,291,290,,271 260
"Personalaufwand in % vom Umsatz 44,0 %","55,6 %","61,6 %","95,3 %",,"87,4 % 44,0 %"
Umsatz pro Mitarbeiter*in in € 86.275,88.100,94.719,58.816,,65.333 106.827
Personalaufwand pro Mitarbeiter*in in € 37.974,48.953,58.331,56.035,,57.084 46.958
