PASSIVA,2016,2015,Unnamed: 0
A.,EIGENKAPITAL,in €,in €
,I.Gezeichnetes Kapital,"409.033,50","409.033,50"
,II.Andere Gewinnrücklagen,"1.206.734,47","1.206.734,47"
,III.Gewinnvortrag/Verlustvortrag,"438.141,16","0,00"
,IV.Jahresüberschuss/-fehlbetrag,"747.029,69","438.141,16"
Su,me Eigenkapital,"2.800.938,82","2.053.909,13"
,,,
B.,RÜCKSTELLUNGEN,,
1.Rückstellungen für Pensionen und ähnliche Verpflichtungen,"615.045,00",,
2.Sonstige Rückstellungen,"1.128.712,60",,
me Rückstellungen,"1.743.757,60",,
