Unnamed: 0,Unnamed: 1,Unnamed: 2,Unnamed: 3
,,,
,"1.Erhaltene Anzahlungen- davon mit einer Restlaufzeit bis zu einem Jahr: € 142.029,96 (Vorjahr: T€ 95)","142.029,96","95.408,80"
,"2.Verbindlichkeiten aus Lieferungen und Leistungen- davon mit einer Restlaufzeit bis zu einem Jahr: € 3.405.682,11 (Vorjahr: T€ 1.927)","3.464.177,47","1.957.830,99"
,"3.Verbindlichkeiten gegenüber verbundenen Unternehmen- davon mit einer Restlaufzeit bis zu einem Jahr: € 350.280,92 (Vorjahr: T€ 126)","2.105.889,84","1.881.442,15"
,"4.Sonstige Verbindlichkeiten- aus Steuern: € 589,42 (Vorjahr: T€ 1)- im Rahmen der sozialen Sicherheit: € 3.355,45 (Vorjahr: T€ 3)- mit einer Restlaufzeit bis zu einem Jahr: € 78.931,60 (Vorjahr: T€ 31)","1.525.086,72","726.290,92"
Su,me Verbindlichkeiten,"7.237.183,99","4.660.972,86"
