SÄUGETIERE,MAMMALIA,2017,geboren,Zugänge,gestorben,Abgabe,2018,Unnamed: 0,Unnamed: 1,Unnamed: 2,Unnamed: 3,Unnamed: 4,Unnamed: 5,Unnamed: 6,Unnamed: 7,Unnamed: 8,Unnamed: 9,Unnamed: 10,Unnamed: 11
Primaten,Primates,m,w,u,m,w,u,m,w,u,m,w,u,m,w,u,m,w,u
Bärenmakak,Macaca arctoides,2,5,0,0,0,0,0,0,0,0,1,0,2,4,0,0,0,0
,Macaca fuscata,0,0,0,0,0,0,9,8,0,1,0,0,0,0,0,8,8,
Wanderu,Macaca silenus,2,7,0,0,0,0,0,0,0,0,0,0,0,0,0,2,7,0
,Macaca sinica,8,5,0,1,0,0,0,0,0,0,0,0,0,0,0,9,5,
Mandrill,Mandrillus sphinx,2,2,0,0,0,0,0,0,0,0,0,0,0,0,0,2,2,0
,Papio hamadryas,16,20,1,1,2,3,0,0,0,0,0,2,0,0,0,17,23,
Hulman,Semnopithecus entellus,0,5,0,0,0,0,1,0,0,0,1,0,0,0,0,1,4,0
,Trachypithecus auratus,1,2,0,0,0,0,0,0,0,0,0,0,1,0,0,0,2,
Kappengibbon,Hylobates pileatus,1,0,0,0,0,0,0,0,0,0,0,0,0,0,0,1,0,0
,Symphalangus syndactylus,2,1,0,0,0,1,0,0,0,0,0,0,0,0,0,2,1,
WestlicherFlachland-Gorilla,Gorilla gorilla gorilla,1,4,0,0,0,0,0,0,0,0,0,0,0,0,0,1,4,0
,Pan paniscus,1,3,0,0,0,0,1,1,0,0,0,0,0,0,0,2,4,
Schimpanse,Pan troglodytes,2,3,0,0,0,0,0,0,0,0,0,0,0,0,0,2,3,0
,Pongo pygmaeus,2,4,0,0,0,0,0,0,0,0,0,0,0,1,0,2,3,
Nagetiere,Rodentia,m,w,u,m,w,u,m,w,u,m,w,u,m,w,u,m,w,u
Prevosts Schönhörnchen,Callosciurus prevostii rafflesii,1,1,0,0,0,0,0,0,0,0,0,0,0,0,0,1,1,0
,Callosciurus prevostiibangkanus,1,0,0,0,0,0,0,0,0,0,0,0,0,0,0,1,0,
Alpenmurmeltier,Marmota marmota,2,2,0,0,0,0,0,0,0,0,0,0,0,0,0,2,2,0
,Marmota monax,1,1,0,0,0,0,0,0,0,1,0,0,0,1,0,0,0,
Europäischer Biber,Castor fiber,3,3,0,0,0,0,0,0,0,0,0,0,2,1,0,1,2,0
,Dipodomys merriami,2,1,0,0,0,0,0,0,0,2,1,0,0,0,0,0,0,
Roborowski-Zwerghamster,Phodopus roborovskii,2,2,0,3,1,0,0,0,0,2,0,0,1,1,0,2,2,0
,Mus minutoides,0,0,0,0,0,0,2,6,0,0,0,0,0,0,0,2,6,
Blasse Wüstenspringmaus,Gerbillus perpallidus,5,12,0,0,0,0,0,0,0,0,0,0,1,3,0,4,9,0
,Pedetes capensis,3,5,0,1,2,1,0,0,0,0,2,1,0,0,0,4,5,
Graumull,Cryptomys anselli,4,2,1,0,0,2,4,1,0,0,1,0,0,0,0,9,2,2
,Atherurus africanus,2,1,0,0,0,0,0,0,0,0,0,0,0,0,0,2,1,
SüdafrikanischesStachelschwein,Hystrix africaeaustralis,1,2,0,0,0,0,0,0,0,0,0,0,0,0,0,1,2,0
,Cavia aperea f. percellus,0,0,15,0,0,0,0,0,0,0,0,0,0,0,0,0,0,
Große Mara,Dolichotis patagonum,1,0,0,0,0,0,4,0,0,0,0,0,0,0,0,5,0,0
Hydrochaeris hydrochaeris,1,1,0,0,0,0,0,1,0,0,0,0,0,0,0,1,2,,
