KNOCHENFISCHE,OSTEICHTHYES,Artenzahl,Unnamed: 0,2015,Unnamed: 1,Zugänge,geboren,gestorben,Abgabe,Unnamed: 2,Unnamed: 3,2016,Unnamed: 4
,,,m,w,u,m w u,m w u,m w u,m w,u,m,w,u
Flösselhechtartige,Polypteriformes,2.0,0,0,20,0 0 0,0 0 0,0 0 3,0 0,0,0,0,17
Störartige,Acipenseriformes,1.0,0,0,0,0 0 3,0 0 0,0 0 2,0 0,0,0,0,1
Knochenhechtartige,Lepisosteiformes,3.0,0,0,16,0 0 0,0 0 0,0 0 1,0 0,0,0,0,15
Tarpunartige,Elopiformes,1.0,0,0,9,0 0 0,0 0 0,0 0 0,0 0,0,0,0,9
Aalartige,Anguilliformes,6.0,0,0,41,0 0 10,0 0 0,0 0 12,0 0,0,0,0,39
Knochenzünglerartige,Osteoglossiformes,5.0,0,0,47,0 0 30,0 0 0,0 0 36,0 0,0,0,0,41
Hechtartige,Esociformes,0.0,0,0,0,0 0 0,0 0 0,0 0 0,0 0,0,0,0,0
Schildfischartige,Gobiesociformes,0.0,0,0,0,0 0 0,0 0 0,0 0 0,0 0,0,0,0,0
Salmlerartige,Characiformes,49.0,0,0,1449,0 0 611,0 0 0,0 0 512,0 0,0,0,0,1548
Karpfenfischartige,Cypriniformes,38.0,0,0,611,0 0 222,0 0 0,0 0 140,0 0,0,0,0,693
Neuwelt-Messerfische,Gymnotiformes,1.0,0,0,1,0 0 0,0 0 0,0 0 0,0 0,0,0,0,1
Welse,Siluriformes,85.0,0,0,653,0 0 152,0 0 19,0 0 228,0 0,0,0,0,596
Froschfische,Batrachoidiformes,1.0,0,0,4,0 0 0,0 0 0,0 0 1,0 0,0,0,0,3
