VÖGEL,AVES,2015,Zugänge,geboren,gestorben,Abgabe,2016,Unnamed: 0,Unnamed: 1,Unnamed: 2,Unnamed: 3,Unnamed: 4,Unnamed: 5,Unnamed: 6,Unnamed: 7,Unnamed: 8,Unnamed: 9,Unnamed: 10,Unnamed: 11
Flamingos,Phoenicopteriformes,m,w,u,m,w,u,m,w,u,m,w,u,m,w,u,m,w,u
Chileflamingo,Phoenicopterus chilensis,2,0,38,0,0,0,0,0,1,0,0,8,0,0,0,2,0,31
,Phoenicopterus ruber ruber,3,4,75,0,0,0,2,2,1,1,1,11,1,1,0,3,4,
Gänsevögel,Anseriformes,m,w,u,m,w,u,m,w,u,m,w,u,m,w,u,m,w,u
Halsband-Wehrvogel,Chauna torquata,1,0,0,0,1,0,0,0,0,0,0,0,0,0,0,1,1,0
,Dendrocygna arborea,4,4,0,0,0,0,0,0,0,1,2,0,0,0,0,3,2,
Sichelpfeifgans,Dendrocygna eytoni,1,1,0,0,0,0,0,0,0,0,0,0,0,0,0,1,1,0
,Dendrocygna javanica,1,1,1,0,0,0,0,0,0,0,1,1,0,0,0,0,0,
Witwenpfeifgans,Dendrocygna viduata,0,1,0,0,0,0,0,0,0,0,1,0,0,0,0,0,0,0
,Anseranas semipalmata,1,1,0,0,0,0,0,0,0,0,0,0,0,0,0,1,1,
Cosorobaschwan,Coscoroba coscoroba,1,0,0,0,0,0,0,0,0,0,0,0,0,0,0,1,0,0
,Cygnus atratus,1,1,0,0,0,0,0,0,0,0,1,0,0,0,0,1,0,
Trompeterschwan,Cygnus buccinator,1,0,0,0,0,0,0,0,0,0,0,0,0,0,0,1,0,0
,Cygnus columbianus bewicki,0,1,0,0,0,0,0,0,0,0,0,0,0,0,0,0,1,
Pfeifschwan,Cygnus c. columbianus,1,0,0,0,0,0,0,0,0,0,0,0,0,0,0,1,0,0
,Cygnus cygnus,1,0,0,0,0,0,0,0,0,0,0,0,0,0,0,1,0,
Schwarzhalsschwan,Cygnus melanocoryphus,1,1,0,0,0,0,0,0,0,0,0,0,0,0,0,1,1,0
,Cygnus olor,0,1,0,0,0,0,0,0,0,0,0,0,0,0,0,0,1,
Graugans,Anser a. anser,0,0,15,0,0,0,0,0,0,0,0,3,0,0,0,7,4,1
,Anser c. caerulescens,2,1,0,0,0,0,0,0,0,0,0,0,0,0,0,2,1,
Kleine Schneegans,Anser c. caerulescens,1,1,0,0,0,0,0,0,0,1,0,0,0,0,0,0,1,0
,Anser cygnoides,3,1,0,0,0,0,0,0,0,1,0,0,0,0,0,2,1,
Zwerggans,Anser erythropus,2,0,0,0,0,0,0,0,0,1,0,0,0,0,0,1,0,0
,Anser indicus,1,0,1,0,0,0,0,0,0,0,0,1,0,0,0,1,0,
Zwergschneegans,Anser rossii,2,2,0,0,0,0,0,0,0,0,0,0,0,0,0,2,2,0
,Branta canadensis maxima,2,2,0,0,0,0,1,0,0,0,1,1,0,1,0,2,1,
Zwergkanadagans,Branta canadensis minima,1,1,0,0,0,0,0,0,0,0,1,0,0,0,0,1,0,0
,Branta canadensisoccidentalis,0,1,0,0,0,0,0,0,0,0,0,0,0,0,0,0,1,
Rothalsgans,Branta ruficollis,0,2,0,0,0,0,0,0,0,0,1,0,0,0,0,0,1,0
,Branta sandvicensis,0,1,0,0,0,0,0,0,0,0,0,0,0,1,0,0,0,
Rotkopfgans,Chloephaga rubidiceps,1,1,0,0,0,0,0,0,0,0,1,0,0,0,0,1,0,0
,Cyanochen cyanopterus,1,1,0,0,0,0,0,0,0,0,0,0,0,0,0,1,1,
Orinokogans,Neochen jubata,1,0,0,0,0,0,0,0,0,1,0,0,0,0,0,0,0,0
,Plectropterus gambensis,1,2,0,0,0,0,0,0,0,0,0,0,0,0,0,1,2,
Affenente,Stictonetta naevosa,1,3,0,0,0,0,0,0,0,0,0,0,0,0,0,1,3,0
,Tachyeres pteneres,1,1,0,0,0,0,0,0,0,1,0,0,0,0,0,0,1,
Graukopfkasarka,Tadorna cana,1,1,0,0,0,0,0,0,0,0,0,0,0,0,0,1,1,0
,Tadorna ferruginea,5,2,0,0,0,0,5,1,1,1,1,1,0,0,0,9,2,
Brandgans,Tadorna tadorna,0,3,0,0,0,0,0,0,0,0,0,0,0,0,0,0,3,0
Anas acuta,5,6,0,0,0,0,0,0,0,4,2,0,0,0,0,1,4,,
