SÄUGETIERE,MAMMALIA,2016,geboren,Zugänge,gestorben,Abgabe,2017,Unnamed: 0,Unnamed: 1,Unnamed: 2,Unnamed: 3,Unnamed: 4,Unnamed: 5,Unnamed: 6,Unnamed: 7,Unnamed: 8,Unnamed: 9,Unnamed: 10,Unnamed: 11
Primaten,Primates,m,w,u,m,w,u,m,w,u,m,w,u,m,w,u,m,w,u
Ceylon-Hutaffe,Macaca sinica,8,5,0,2,1,0,0,0,0,2,1,0,0,0,0,8,5,0
,Mandrillus sphinx,3,2,0,0,0,0,0,0,0,1,0,0,0,0,0,2,2,
Mantelpavian,Papio hamadryas,14,19,4,1,1,3,0,0,0,1,3,2,0,0,0,16,20,1
,Semnopithecus entellus,1,5,0,0,0,0,0,0,0,0,0,0,1,0,0,0,5,
Haubenlangur,Trachypithecus auratus,1,3,0,0,0,0,0,0,0,0,1,0,0,0,0,1,2,0
,Hylobates pileatus,1,0,0,0,0,0,0,0,0,0,0,0,0,0,0,1,0,
Siamang,Symphalangus syndactylus,2,3,0,1,0,1,0,0,0,1,0,1,0,2,0,2,1,0
,Gorilla gorilla gorilla,1,4,0,0,0,0,0,0,0,0,0,0,0,0,0,1,4,
Bonobo,Pan paniscus,1,3,0,0,0,0,0,0,0,0,0,0,0,0,0,1,3,0
,Pan troglodytes,2,3,0,0,0,0,0,0,0,0,0,0,0,0,0,2,3,
Sumatra-Orang-Utan,Pongo pygmaeus,2,4,0,0,0,0,0,0,0,0,0,0,0,0,0,2,4,0
Nagetiere,Rodentia,m,w,u,m,w,u,m,w,u,m,w,u,m,w,u,m,w,u
Prevosts Schönhörnchen,Callosciurus prevostii rafflesii,5,1,0,0,0,0,0,0,0,1,0,0,3,0,0,1,1,0
,Callosciurus prevostiibangkanus,1,0,0,0,0,0,0,0,0,0,0,0,0,0,0,1,0,
Alpenmurmeltier,Marmota marmota,2,2,0,0,0,0,0,0,0,0,0,0,0,0,0,2,2,0
,Marmota monax,1,1,0,0,0,0,0,1,0,0,1,0,0,0,0,1,1,
Europäischer Biber,Castor fiber,3,3,0,0,0,0,0,0,0,0,0,0,0,0,0,3,3,0
,Dipodomys merriami,2,1,0,0,0,0,0,0,0,0,0,0,0,0,0,2,1,
Roborowski-Zwerghamster,Phodopus roborovskii,2,2,0,5,2,0,0,0,0,5,2,0,0,0,0,2,2,0
,Gerbillus perpallidus,5,12,0,3,3,0,0,0,0,3,3,0,0,0,0,5,12,
Springhase,Pedetes capensis,3,4,0,0,2,0,0,0,0,0,1,0,0,0,0,3,5,0
,Cryptomys spec. (anselli),6,2,0,0,0,1,0,0,0,2,0,0,0,0,0,4,2,
WestafrikanischerQuastenstachler,Atherurus africanus,2,1,0,0,0,0,0,0,0,0,0,0,0,0,0,2,1,0
,Hystrix africaeaustralis,1,2,0,0,0,0,0,0,0,0,0,0,0,0,0,1,2,
Hausmeerschweinchen,Cavia aperea f. percellus,0,0,15,0,0,0,0,0,0,0,0,0,0,0,0,0,0,15
,Dolichotis patagonum,2,0,0,0,0,0,0,0,0,1,0,0,0,0,0,1,0,
Capybara,Hydrochaeris hydrochaeris,0,1,0,0,0,0,2,0,0,1,0,0,0,0,0,1,1,0
,Kerodon rupestris,2,5,0,0,0,0,0,0,0,0,1,0,0,0,0,2,4,
Goldaguti,Dasyprocta leporina,0,0,0,0,0,0,0,1,0,0,0,0,0,0,0,0,1,0
,Spalacopus cyaneus,2,1,0,1,2,0,0,0,0,0,0,0,0,0,0,3,3,
Nutria,Myocastor coypus,0,1,0,0,0,0,0,0,0,0,1,0,0,0,0,0,0,0
