VÖGEL,AVES,2015,geboren,Zugänge,gestorben,Abgabe,2016,Unnamed: 0,Unnamed: 1,Unnamed: 2,Unnamed: 3,Unnamed: 4,Unnamed: 5,Unnamed: 6,Unnamed: 7,Unnamed: 8,Unnamed: 9,Unnamed: 10,Unnamed: 11
Eigentliche Enten,m,w,u,m,w,u,m,w,u,m,w,u,m,w,u,m,w,u,
Büffelkopfente,Bucephala albeola,1,1,0,0,0,0,0,0,0,0,1,0,0,0,0,1,0,0.0
,Bucephala clangula,1,1,0,0,0,0,0,0,0,0,0,0,0,0,0,1,1,
Rotschulterente,Calionetta leucophrys,4,3,0,0,0,0,0,0,0,0,0,0,0,0,0,4,3,0.0
,Chloephaga melanoptera,0,1,0,0,0,0,0,0,0,0,1,0,0,0,0,0,0,
Zwergsäger,Mergellus albellus,1,1,0,0,0,0,0,0,0,0,0,0,0,0,0,1,1,0.0
,Lophodytes cucullatus,1,1,0,1,2,0,0,0,0,0,1,0,0,0,0,2,2,
Europäischer Gänsesäger,Mergus merganser,3,1,0,0,0,0,0,0,0,1,1,0,0,0,0,2,0,0.0
,Netta erythrophthalma,1,0,0,0,0,0,0,0,0,0,0,0,0,0,0,1,0,
Peposakaente,Netta peposaca,9,14,0,0,1,0,0,0,0,1,1,0,0,1,0,8,13,0.0
,Netta rufina,15,8,0,0,0,0,0,0,0,0,0,0,0,0,0,15,8,
NordamerikanischeSchwarzkopf-Ruderente,Oxyura j. jamaicensis,20,19,0,0,0,0,0,0,0,3,2,0,1,0,0,16,17,0.0
,Somateria molissima,3,2,0,0,0,0,0,0,0,0,1,0,0,0,0,3,1,
Magellan-Dampfschiffente,Tachyeres pteneres,1,1,0,0,0,0,0,0,0,0,0,0,0,0,0,1,1,0.0
,Tadorna ferruginea,1,4,0,0,0,0,1,0,0,0,0,0,0,0,0,2,4,
Brandgans,Tadorna tadorna,16,22,0,0,0,0,0,0,0,1,2,0,0,0,0,15,20,0.0
,Mareca falcata,3,0,0,0,0,0,0,0,0,0,0,0,0,0,0,3,0,
Europäische Pfeifente,Mareca penelope,2,5,0,0,0,0,0,0,0,0,0,0,0,0,0,2,5,0.0
,Mareca sibilatrix,10,8,0,10,8,0,0,0,0,0,0,0,5,5,0,15,11,
Löffelente,Spatula clypeata,6,9,0,0,0,0,0,0,0,0,1,0,0,0,0,6,8,0.0
,Spatula hottentota,2,2,0,0,0,0,0,0,0,0,1,0,0,0,0,2,1,
SüdamerikanischeLöffelente,Spatula platalea,7,7,0,0,0,0,0,0,0,2,0,0,0,0,0,5,7,0.0
,Spatula querquedula,0,0,7,0,0,0,0,0,0,0,0,0,0,0,0,0,0,
Kupferspiegelente,Speculanas specularis,1,1,0,0,1,0,0,0,0,0,0,0,0,0,0,1,2,0.0
,Asarcornis scutulata,1,1,0,0,0,0,0,1,0,0,1,0,0,0,0,1,1,
Pinguine,m,w,u,m,w,u,m,w,u,m,w,u,m,w,u,m,w,u,
Königspinguin,Aptenodytes patagonica,4,4,0,2,0,0,2,0,0,0,1,0,2,0,0,4,3,0.0
,Eudyptes chrysomelas,0,0,0,0,0,0,2,3,0,0,0,0,0,0,0,2,3,
Nördlicher Felsenpinguin,Eudyptes moseleyi,1,3,0,0,0,0,0,0,0,0,0,0,1,3,0,0,0,0.0
,Spheniscus demersus,8,9,0,2,1,0,0,0,0,0,1,0,0,0,0,10,9,
Humboldt-Pinguin,Spheniscus humboldti,3,2,0,0,0,1,5,6,0,0,0,1,0,0,0,8,8,0.0
Flamingos,m,w,u,m,w,u,m,w,u,m,w,u,m,w,u,m,w,u,
Zwergflamingo,Phoeniconaias minor,22,6,5,0,0,0,0,0,0,0,0,0,0,0,0,22,6,5.0
,Phoenicoparrus andinus,3,4,0,0,0,0,0,0,0,0,0,0,0,0,0,3,4,
Jamesflamingo,Phoenicoparrus jamesi,4,6,0,0,0,0,0,0,0,0,0,0,0,0,0,4,6,0.0
,Phoenicopterus chilensis,20,18,0,0,0,0,0,0,0,0,0,0,0,0,0,20,18,
Rosaflamingo,Phoenicopterus ruber roseus,21,22,1,1,0,1,0,0,0,0,3,1,0,0,0,22,19,1.0
Phoenicopterus chilensis xPhoenicopterus ruber roseus,0,1,0,0,0,0,0,0,0,0,0,0,0,0,0,0,1,,
