KNOCHENFISCHE,OSTEICHTHYES,Artenzahl,2016,Zugänge,geboren,gestorben,Abgabe,2017,Unnamed: 0,Unnamed: 1,Unnamed: 2,Unnamed: 3,Unnamed: 4,Unnamed: 5,Unnamed: 6,Unnamed: 7,Unnamed: 8,Unnamed: 9,Unnamed: 10,Unnamed: 11
,,,m,w,u,m,w,u,m,w,u,m,w,u,m,w,u,m,w,u
Armflosser,Lophiiformes,0.0,0,0,0,0,0,0,0,0,0,0,0,0,0,0,0,0,0,0
,Gadiformes,4.0,0,0,7,0,0,2,0,0,0,0,0,2,0,0,0,0,0,
Ährenfischartige,Atheriniformes,8.0,0,0,51,0,0,76,0,0,0,0,0,14,0,0,0,0,0,113
,Cyprinidontiformes,17.0,0,0,515,0,0,45,0,0,153,0,0,190,0,0,58,0,0,
Schleimkopfartige,Beryciformes,2.0,0,0,13,0,0,0,0,0,0,0,0,1,0,0,0,0,0,12
,Sygnathiformes,9.0,0,0,116,0,0,83,0,0,0,0,0,35,0,0,2,0,0,
Stachelaalartige,Synbranchiformes,1.0,0,0,1,0,0,0,0,0,0,0,0,1,0,0,0,0,0,0
,Scorpaeniformes,9.0,0,0,12,0,0,7,0,0,0,0,0,2,0,0,0,0,0,
Labyrinthfische,Anabantiformes,4.0,0,0,48,0,0,0,0,0,0,0,0,26,0,0,0,0,0,22
,Perciformes,205.0,0,0,1845,0,0,303,0,0,101,0,0,361,0,0,9,0,0,
Plattfische,Pleuronectiformes,5.0,0,0,35,0,0,0,0,0,0,0,0,9,0,0,0,0,0,26
Tetradontiformes,12,0.0,0,19,0,0,3,0,0,0,0,0,6,0,0,0,0,0,,
Lungenfischartige,Lepidosireniformes,3.0,0,0,5,0,0,0,0,0,0,0,0,0,0,0,0,0,0,5
