VÖGEL,AVES,2016,geboren,Zugänge,gestorben,Abgabe,2017,Unnamed: 0,Unnamed: 1,Unnamed: 2,Unnamed: 3,Unnamed: 4,Unnamed: 5,Unnamed: 6,Unnamed: 7,Unnamed: 8,Unnamed: 9,Unnamed: 10,Unnamed: 11
Eulen,Strigiformes,m,w,u,m,w,u,m,w,u,m,w,u,m,w,u,m,w,u
Europäischer Uhu,Bubo bubo bubo,0,1,0,0,0,0,0,0,0,0,0,0,0,0,0,0,1,0
,Bubo b. omissus,1,1,0,0,0,0,0,0,0,0,0,0,0,0,0,1,1,
Sibirischer Uhu,Bubo b. sibiricus,1,1,0,0,0,0,0,0,0,0,0,0,0,0,0,1,1,0
,Bubo capensis mackinderi,1,1,0,0,0,0,0,0,0,0,0,0,0,0,0,1,1,
Blaß-Uhu,Bubo lacteus,1,1,0,0,0,0,0,0,0,0,0,0,0,0,0,1,1,0
,Bubo nipalensis blighi,1,1,0,0,0,0,0,0,0,0,0,0,0,0,0,1,1,
Sumatra-Uhu,Bubo sumatranus,0,1,0,0,0,0,0,0,0,0,0,0,0,0,0,0,1,0
,Bubo virginianus,1,1,0,0,0,0,0,0,0,0,0,0,0,0,0,1,1,
Schnee-Eule,Nyctea scandiaca,1,1,0,0,0,2,0,0,0,0,0,2,0,0,0,1,1,0
,Otus megalotis,1,1,0,0,0,0,0,0,0,0,0,0,0,0,0,1,1,
Westkreischeule,Otus kennicotti,1,1,0,2,0,0,0,0,0,0,0,0,2,0,0,1,1,0
,Ptilopsis granti,1,2,0,0,0,0,0,0,0,0,1,0,0,0,0,1,1,
Kuckuckskauz,Ninox boobook,1,1,0,1,1,0,0,0,0,0,0,0,1,1,0,1,1,0
,Strix chacoensis,1,1,0,0,0,0,0,0,0,0,0,0,0,0,0,1,1,
Brasilkauz,Strix hylophila,3,2,0,0,0,0,0,0,0,0,0,0,0,0,0,3,2,0
,Strix uralensis,1,0,0,0,0,0,0,1,0,0,0,0,0,0,0,1,1,
Rackenvögel,Coraciiformes,m,w,u,m,w,u,m,w,u,m,w,u,m,w,u,m,w,u
Haubenliest,Dacelo leachii,0,0,1,0,1,0,1,0,0,0,0,0,0,0,0,2,1,0
,Tockus flavirostris flavirostris,1,1,0,0,0,0,0,0,0,0,0,0,1,1,0,0,0,
Spechtvögel,Piciformes,m,w,u,m,w,u,m,w,u,m,w,u,m,w,u,m,w,u
Flammenkopfbartvogel,Trachyphonuserythrocephalus,1,0,0,0,0,0,0,0,0,0,0,0,0,0,0,1,0,0
Sperlingsvögel,Passeriformes,m,w,u,m,w,u,m,w,u,m,w,u,m,w,u,m,w,u
Anden-Felsenhahn,Rupicola peruvianus,0,1,0,0,0,0,0,0,0,0,0,0,0,0,0,0,1,0
,Cotinga cayana,1,1,0,0,0,2,0,0,0,0,0,2,0,0,0,1,1,
Gelbkopf-Pipra,Pipra erythrocephala,3,1,0,0,0,0,0,0,0,0,0,0,0,0,0,3,1,0
,Hypsipetes leucocephalus,1,1,0,0,0,0,0,0,0,0,0,0,0,0,0,1,1,
Rußbülbül,Pycnonotus cafer,1,1,0,0,0,0,0,0,0,0,0,0,0,0,0,1,1,0
,Pycnonotus jocosus,4,2,18,0,0,10,0,0,0,0,0,1,0,0,0,4,2,
Elfenblauvogel,Irena puella,1,1,0,0,0,0,0,0,0,0,0,0,0,0,0,1,1,0
,Babax lanceolatus,1,1,0,0,0,0,0,0,0,0,0,0,0,0,0,1,1,
Blaukronenhäherling,Dryonastes courtoisi,1,1,0,0,0,0,1,0,0,1,0,0,0,0,0,1,1,0
,Garrulax canorus,2,2,0,0,0,0,0,0,0,0,0,0,0,0,0,2,2,
Weißohrhäherling,Dryonastes chinensis,1,2,0,0,0,0,0,0,0,0,0,0,0,0,0,1,2,0
,Garrulax leucolophus diardi,2,2,0,0,0,8,0,0,0,0,0,8,0,0,0,2,2,
Rotschwanzhäherling,Trochalopteron milnei,1,2,0,0,0,0,0,0,0,0,0,0,0,0,0,1,2,0
,Garrulax monileger,1,0,0,0,0,0,0,0,0,0,0,0,0,0,0,1,0,
China-Graubauch-häherling,Dryonastes berthemyi,1,1,0,0,0,2,0,0,0,0,0,2,0,0,0,1,1,0
