SÄUGETIERE MAMMALIA,Unnamed: 0,2020,Unnamed: 1,geboren,Zugänge,gestorben,Abgabe,Unnamed: 2,Unnamed: 3,2021,Unnamed: 4
Kloakentiere Monotremata,m,w,u,m w u,m w u,m w u,m w,u,m,w,u
Neuguinea- Tachyglossus aculeatus,,,,,,,,,,,
0Kurzschnabeligel lawesii,2,1,0,0 0 0,0 0 0,0 0 0,0 0,0,2,1,
Beuteltiere Marsupialia,m,w,u,m w u,m w u,m w u,m w,u,m,w,u
Goodfellows-,,,,,,,,,,,
0BaumkänguruDendrolagus goodfellowi,0,1,0,0 0 0,1 0 0,0 0 0,0 0,0,1,1,
Westliches Graues  Macropus fuliginosus,,,,,,,,,,,
0Riesenkänguru melanops,2,1,0,1 0 0,0 2 0,2 1 0,0 0,0,1,2,
Östliches Bergkänguru Macropus robustus robustus,8,3,0,1 2 0,0 0 0,1 2 0,4 0,0,4,3,0
Ringelschwanz- Petrogale xanthopus,,,,,,,,,,,
0Felsenkänguru xanthopus,2,9,0,2 2 1,0 0 0,0 0 1,0 0,0,4,11,
Südlicher,,,,,,,,,,,
0Neuguinea-FilanderThylogale brunii,2,1,0,0 1 0,0 0 0,0 0 0,0 0,0,2,2,
Fledertiere Chiroptera,m,w,u,m w u,m w u,m w u,m w,u,m,w,u
Indischer Riesenflughund Pteropus giganteus,7,10,0,0 0 1,0 0 0,0 0 0,0 0,0,7,10,1
Nebengelenktiere Xenarthra,m,w,u,m w u,m w u,m w u,m w,u,m,w,u
Langschwanz-Tamandua Tamandua tetradactyla nigra,1,1,0,0 0 0,0 1 0,0 0 0,0 0,0,1,2,0
Kugelgürteltier Tolypeutes matacus,2,1,0,0 0 0,0 0 0,1 0 0,0 0,0,1,1,0
