II. BILANZIERUNGS- UND BEWERTUNGSMETHODEN,Die Pensions- und ähnlichen Verpflichtungen wurden nach
Das Anlagevermögen wird zu Anschaffungs- bzw. Herstel-,versicherungsmathematischen Methoden unter Anwendung
"lungskosten, vermindert um planmäßige, der Nutzungs-",des Anwartschaftsbarwertverfahrens (Projected Unit Credit
"dauer entsprechende lineare Abschreibungen, angesetzt.",Method) bewertet. Für die zugrunde gelegten Zinssätze
Die Immateriellen Vermögensgegenstände werden über,"wurde von dem Wahlrecht, die Pensionsrückstellungen"
drei und fünf Jahre abgeschrieben. Die Gebäude sowie,"pauschal mit dem durchschnittlichen Marktzinssatz, der"
technische Anlagen und Maschinen werden grundsätzlich,sich bei einer angenommenen Laufzeit von 15 Jahren
zwischen fünf und 40 Jahren abgeschrieben. Andere Anla-,"ergibt, abzuzinsen, Gebrauch gemacht. Als Zinssatz wur-"
"gen, Betriebs- und Geschäftsausstattung werden zwischen",de gemäß § 253 Abs. 2 HGB n F. der auf Grundlage des
drei und 25 Jahren abgeschrieben. Für die geringwertigen,durchschnittlichen Marktzinssatzes der vergangenen
"Wirtschaftsgüter mit einem Wert von mehr als 250,00 €","zehn Geschäftsjahre ermittelte Zinssatz in Höhe 1,78 %"
"und bis zu 1.000,00 € pro Wirtschaftsjahr wird seit 2018","zum 31.12.2022 und in Höhe von 1,87 % zum 31.12.2021"
ein Sammelposten gebildet und dieser über eine Dauer,angewendet. Des Weiteren wurde für die Bewertung als
von fünf Jahren abgeschrieben.,"Parameter der Rententrend mit 1,5 % p.a. zugrunde gelegt."
Sofern Investitionen der Gesellschaft durch öffentliche,Die Sonstigen Rückstellungen wurden in Höhe des nach
"Zuschüsse finanziert wurden, wurden diese bis 2017 von",vernünftiger kaufmännischer Beurteilung notwendigen
den Anschaffungs- bzw. Herstellungskosten abgesetzt. Seit,Erfüllungsbetrages angesetzt und berücksichtigen alle
dem Jahr 2018 erfolgt entsprechend den Empfehlungen des,erkennbaren Risiken und ungewissen Verpflichtungen. Die
IDW ein passivischer Ausweis der Zuwendungen (Sonder-,Bewertung erfolgt unter Einbeziehung künftiger Kosten
"posten für Investitionszuschüsse zum Anlagevermögen), da",und Preissteigerungen.
"dieser Ausweis besser geeignet ist, ein den tatsächlichen",
Verhältnissen entsprechendes Bild i. S. v. § 264 Abs. 2 HGB,Die Verbindlichkeiten wurden mit dem Erfüllungsbetrag
zu vermitteln. Die Investitionen werden seitdem mit den,gem. § 253 Abs. 1 HGB angesetzt.
vollen Anschaffungs- bzw. Herstellungskosten bilanziert.,
,Die Gesellschaft erhält vom Land Berlin Aufwandszuschüsse
Finanzanlagen werden mit den Anschaffungskosten bewertet.,in Höhe der angefallenen Gebühren für die Straßenreini-
,"gung, Niederschlagswasser und Winterdienst, die unter"
Die Forderungen und sonstigen Vermögensgegenstände,Erträge aus Zuschüssen des Landes in voller Höhe erfasst
werden zu Nominalwerten angesetzt. Wertberichtigungen,werden. Die entsprechenden Aufwendungen werden in
"auf Forderungen waren in Höhe von rd. 9,1 T€ erforderlich.",den Sonstigen betrieblichen Aufwendungen ausgewiesen.
Sonstige Wertpapiere werden mit einem Erinnerungswert,
erfasst.,
Die Tierpark Berlin-Friedrichsfelde GmbH bildet seit dem,
Berichtsjahr 2018 einen „Sonderposten für Investitionszu-,
schüsse zum Anlagevermögen“. Die öffentlichen Förder-,
mittel werden in der Gewinn- und Verlustrechnung im,
Posten „Erträge aus Investitionszuschüssen des Landes,
Berlin“ erfasst. Die Zuführung zum Sonderposten als auch,
