"stützer*innen, den Zoos in der Ukraine zu helfen. Die im",eine leicht abnehmende Entwicklung erkennen. Dies lässt
Frühjahr ins Leben gerufene Aktion „Ukraine-Hilfe“ fand,sich vermutlich auf die anhaltenden finanziellen Folgen
großen Zuspruch und konnte vom 1. März bis Jahresende,der Krisensituationen der letzten Jahre zurückführen. So
"2022 im Zoo Berlin insgesamt 313.215,81 € an Spenden",lag die Durchschnittsspende im Zoo Berlin im Jahr 2022
generieren. Wie im Zoo Berlin fand der Aufruf zur Hilfe der,"bei 387,86 € (im Vergleich zu 455,24 € im Vorjahr) und ist"
ukrainischen Zoos auch unter den Tierpark-Berlin-Unterstüt-,"somit um 14,81 % gesunken."
zer*innen großen Zuspruch. So konnten im Tierpark Berlin,
"insgesamt 87.546,20 € an Spenden generiert werden, die","Dass der Tierpark Berlin treue Unterstützer*innen hat,"
zusammen mit den Spenden aus dem Zoo Berlin sukzes-,wurde auch wieder zum Ende des Jahres mit dem Start
sive an ukrainische Zoos weitergegeben werden konnten.,der Energiehilfe-Kampagne unter Beweis gestellt. So wur-
,"den innerhalb kurzer Zeit 15.195,76 € an Spenden für die"
Zudem diente der Tierpark Berlin auch als Standort für die,Energiehilfe für den Tierpark Berlin gesammelt. Mit Blick
"Lagerung und Transporte Richtung Ukraine, um die von",auf die Gesamtspendensumme lag die Durchschnitts-
den Spenden finanzierten Hilfsgüter an ihren Zielort zu,"spende im Tierpark Berlin im Jahr 2022 bei 278,49 € (im"
"transportieren. Bemerkenswert ist, dass die Unterstützung","Vergleich zu 188,34 € im Vorjahr) und ist somit, anders als"
