SÄUGETIERE MAMMALIA,Unnamed: 0,2016,Unnamed: 1,geboren,Zugänge,gestorben,Abgabe,Unnamed: 2,Unnamed: 3,2017,Unnamed: 4
Kloakentiere Monotremata,m,w,u,m w u,m w u,m w u,m w,u,m,w,u
Neuguinea  Tachyglossus aculeatus,,,,,,,,,,,
0Kurzschnabeligel lawesii,2,1,0,0 0 0,0 0 0,0 0 0,0 0,0,2,1,
Beuteltiere Marsupialia,m,w,u,m w u,m w u,m w u,m w,u,m,w,u
Flinkwallaby Macropus agilis,0,3,0,0 0 0,0 0 0,0 1 0,0 2,0,0,0,0
Westliches Graues  Macropus fuliginosus,,,,,,,,,,,
0Riesenkänguru melanops,2,3,0,1 0 1,0 0 0,0 0 1,0 0,0,3,3,
Östliches Bergkänguru Macropus robustus robustus,3,3,0,0 0 0,0 0 0,1 0 0,0 0,0,2,3,0
Benettkänguru Macropus rufogriseus,2,1,0,0 0 0,0 0 0,2 0 0,0 0,0,0,1,0
Ringelschwanz- Petrogale xanthopus,,,,,,,,,,,
0Felsenkänguru xanthopus,2,3,0,0 0 0,0 0 0,0 1 0,0 0,0,2,2,
Schwarzschwanzkänguru Wallabia bicolor,2,0,0,0 0 0,0 0 0,2 0 0,0 0,0,0,0,0
Rüsselspringer Macroscelidea,m,w,u,m w u,m w u,m w u,m w,u,m,w,u
Kurzohr-Rüsselspringer Macroscelides proboscideus,1,1,0,2 0 0,0 0 0,1 0 0,1 0,0,1,1,0
Fledertiere Chiroptera,m,w,u,m w u,m w u,m w u,m w,u,m,w,u
Palmenflughund Eidolon helvum,4,3,0,0 0 1,0 0 0,0 0 0,0 0,0,4,3,1
Epaulettenflughund Epomophorus gambianus,1,0,0,0 0 0,0 0 0,0 0 0,0 0,0,1,0,0
Indischer Riesenflughund Pteropus giganteus,4,6,14,0 0 7,0 0 0,1 0 0,1 0,0,2,6,21
Schwarzflügelflughund Thoopterus nigrescens,1,0,0,0 0 0,0 0 0,1 0 0,0 0,0,0,0,0
Nebengelenktiere Xenarthra,m,w,u,m w u,m w u,m w u,m w,u,m,w,u
Tamandua tetradactyla Langschwanz-Tamandua 0nigra,1,2,0,0 0 0,1 0 0,1 0 0,0 0,0,2,1,
Kugelgürteltier Tolypeutes matacus,1,0,0,0 0 0,0 1 0,0 0 0,0 0,0,1,1,0
