tropischen Regenwaldes entsprechen. Ein Flusslauf mit,Unnamed: 0
"Ufer- und Sumpfbepflanzung, Bambus, Totholzstämmen,",genen Marktpreise zurückgeführt werden. Finanziert wird
Lebensbereichen im Wasser und zu Lande versetzt die,das Projekt zu 100 % über Landesmittel. In Bezug auf das
Besucher*innen zukünftig in den natürlichen Lebens-,ursprünglich veranschlagte Projektbudget erhöht sich das
raum der Tiere. Da die Anlage an einem in Bezug auf die,Gesamtausgabenvolumen der Maßnahme auf insgesamt
"Wegeführung wichtigen Ort im Tierpark Berlin liegt, wird","ca. 1,3 Mio. €.  Zur Sicherstellung der Ausfinanzierung der"
der Gehege-Vorbereich in das Planungsgebiet mitaufge-,darin enthaltenen Mehrkosten ist die Umwidmung der
nommen. Bestehende Asphaltf lächen werden entsiegelt,nicht verausgabten Mittel anderer mit Landesmitteln finan-
und stattdessen verschiedene Ober f lächen gestaltet,zierter Bauvorhaben im Tierpark beabsichtigt. Seit August
sowie dem natürlichen Habitat der Tiere entsprechende,2022 finden Bauarbeiten vor Ort statt. Die Fertigstellung
Be- und Abpflanzungen eingeplant. Bewusst gesetzte und,der Maßnahme soll im zweiten Quartal 2023 erfolgen.
dafür ausgestaltete Einblicke sollen das Besuchererlebnis,
erhöhen und klare Sichtbeziehungen schaffen. Gezielte,WEITERE FLÄCHENÜBERGREIFENDE
didaktische Maßnahmen sollen in diesem Bereich weitere,MAẞNAHMEN
Attraktionen schaffen und das Bewusstsein für die Tiere,Für das ebenfalls mit GRW-Mitteln finanzierte Teilprojekt
und deren Lebensraum schärfen. Aufgrund des zunächst,„Parkmöblierung“ wurden Picknickbänke geliefert und sind
geringen Projektbudgets wurde ein Großteil der frühen,in Nutzung. 2022 entstand zudem ein Inklusionsspielplatz
Planungsphasen in Eigenleistung des Tierpark Berlin erbracht.,mit Sandspieltisch und Impulskugeln im Bereich einer
Für die Umsetzung des Projektes wurden Leistungen des,bereits bestehenden und durch den 1. FC Union Berlin
Garten- und Landschaftsbaus und des Hochbaus notwendig.,"gesponserten Rollstuhlschaukel, der auch beeinträchtig-"
Die Ausschreibungsphase der Bauleistungen ist abge-,ten Menschen ein angepasstes Spielerlebnis ermöglicht.
schlossen. Im Zuge der ersten Ausschreibungsrunde mussten,Des Weiteren erfolgten weitere Lieferleistungen (Müll-
die Garten- und Landschaftsbauarbeiten aufgrund zu,"eimer, Pf lanzen, Bewässerung, Steine, Oberboden), die"
hoher Angebotssummen jedoch aufgehoben werden.,durch die eigenen Mitarbeiter*innen der Garten- und
Auch eine Reduzierung des Leistungspakets konnte die,Handwerksabteilung verbaut werden konnten. Die klei-
Marktpreissteigerungen in der erneuten Ausschreibungs-,neren Projekte der f lächenübergreifenden Maßnahmen
"runde nicht vollständig auffangen, sodass eine Minder-",sorgen bei den Besucher*innen für eine sehr hohe Resonanz
deckung von ca. 350.000 € ermittelt wurde. Die Kostenerhö-,und sind daher in Bezug auf Akzeptanz und Attraktivität
