VÖGEL,AVES,2015,geboren,Zugänge,gestorben,Abgabe,2016,Unnamed: 0,Unnamed: 1,Unnamed: 2,Unnamed: 3,Unnamed: 4,Unnamed: 5,Unnamed: 6,Unnamed: 7,Unnamed: 8,Unnamed: 9,Unnamed: 10,Unnamed: 11
Störche,m,w,u,m,w,u,m,w,u,m,w,u,m,w,u,m,w,u,
Schwarzstorch,Ciconia nigra,4,1,0,0,0,0,0,0,0,0,0,0,3,0,0,1,1,0.0
,Ciconia abdimii,6,11,0,5,2,0,0,0,0,1,1,0,1,1,0,9,11,
Asiatischer Wollhalsstorch,Ciconia episcopus,1,1,0,0,0,0,0,0,0,0,0,0,0,0,0,1,1,0.0
,Ciconia maguari,2,0,0,0,0,0,0,0,0,1,0,0,0,0,0,1,0,
Weißstorch,Ciconia ciconia,1,1,0,0,0,0,0,0,0,0,0,0,0,0,0,1,1,0.0
,Leptoptilos crumenifer,2,2,0,0,0,0,0,0,0,0,0,0,0,0,0,2,2,
Ibisse & Löffler,m,w,u,m,w,u,m,w,u,m,w,u,m,w,u,m,w,u,
Roter Sichler,Eudocimus ruber,7,6,0,0,0,0,0,0,0,2,0,0,0,0,0,5,6,0.0
,Theristicus caudatus,1,1,1,0,0,0,0,0,0,0,0,0,0,0,0,1,1,
Waldrapp,Geronticus eremita,5,5,20,0,0,0,0,0,0,0,0,2,0,0,0,5,5,18.0
,Lophotibis cristata,1,0,0,0,0,0,0,1,0,0,0,0,0,0,0,1,1,
Löffler,Platalea leucorodia,0,1,2,0,0,0,0,0,0,0,0,0,0,0,0,0,1,2.0
Reiher,m,w,u,m,w,u,m,w,u,m,w,u,m,w,u,m,w,u,
Kuhreiher,Bubulcus ibis,16,7,0,0,0,0,0,0,0,1,0,0,0,0,0,15,7,0.0
,Ardeola grayii,1,0,0,0,0,0,0,0,0,0,0,0,0,0,0,1,0,
Prachtreiher,Ardeola speciosa,3,2,0,0,0,0,0,0,0,0,0,0,0,0,0,3,2,0.0
,Nycticorax caledonicusmanillensis,1,1,0,0,0,0,0,0,0,1,0,0,0,1,0,0,0,
Kahnschnabel,Cochlearius cochlearius,2,1,0,0,0,0,0,0,0,1,0,0,0,0,0,1,1,0.0
,Ixobrychus minutus,2,2,0,2,0,3,0,0,0,0,0,1,0,0,0,4,2,
Ruderfüßler: Pelikane,m,w,u,m,w,u,m,w,u,m,w,u,m,w,u,m,w,u,
Brillenpelikan,Pelecanus conspicillatus,3,4,0,0,0,0,0,0,0,0,0,0,0,0,0,3,4,0.0
,Pelecanus crispus,4,10,0,1,0,2,0,0,0,0,0,2,0,0,0,5,10,
Nashornpelikan,Pelecanus erythrorhynchos,2,2,0,0,0,0,0,0,0,0,0,0,0,0,0,2,2,0.0
,Pelecanus rufescens,4,4,0,0,0,0,0,0,0,0,0,0,0,0,0,4,4,
Greifvögel: Falkenartige,m,w,u,m,w,u,m,w,u,m,w,u,m,w,u,m,w,u,
Schopf-Karakara,Caracara plancus,1,1,0,0,0,0,0,0,0,0,0,0,0,0,0,1,1,0.0
Habichtartige,m,w,u,m,w,u,m,w,u,m,w,u,m,w,u,m,w,u,
Steinadler,Aquila chrysaetos,1,1,0,0,1,0,0,0,0,0,0,0,0,1,0,1,1,0.0
,Gypaetus barbatus,1,1,0,0,0,0,0,0,0,0,0,0,0,0,0,1,1,
Palmgeier,Gypohierax angolensis,1,2,0,0,0,0,0,0,0,0,0,0,0,0,0,1,2,0.0
,Gyps fulvus,3,1,0,0,0,0,0,0,0,0,0,0,0,0,0,3,1,
Weißkopf-Seeadler,Haliaetus leucocephalus,1,1,0,0,0,0,0,0,0,0,0,0,0,0,0,1,1,0.0
,Haliaetus vocifer,0,1,0,0,0,0,0,0,0,0,0,0,0,0,0,0,1,
Brahminenweihe,Haliastur indus,1,2,0,0,0,0,0,0,0,0,0,0,0,0,0,1,2,0.0
,Necrosyrtes monachus,4,2,0,0,0,0,0,0,0,0,0,0,0,0,0,4,2,
Schmutzgeier,Neophron percnopterus,1,1,0,0,0,0,0,0,0,0,0,0,0,0,0,1,1,0.0
,Parabuteo unicinctus,0,1,0,0,0,0,0,0,0,0,0,0,0,0,0,0,1,
Gaukler,Terathopius ecaudatus,1,1,0,0,0,0,0,0,0,0,0,0,0,0,0,1,1,0.0
Trigonoceps occipitalis,1,0,0,0,0,0,0,0,0,0,0,0,0,0,0,1,0,,
