VÖGEL,AVES,Unnamed: 0,2015,geboren,Zugänge,gestorben,Abgabe,2016,Unnamed: 1,Unnamed: 2,Unnamed: 3,Unnamed: 4,Unnamed: 5,Unnamed: 6,Unnamed: 7,Unnamed: 8,Unnamed: 9,Unnamed: 10,Unnamed: 11
Neuweltsittiche,m,w,u,m,w,u,m,w,u,m,w,u,m,w,u,m,w,u,
Rotkopfsittich,Pyrrhura rhodocephala,1,0,0,0,0,0,0,0,0,0,0,0,0,0,0,1,0,0.0
,Bolborhynchus aurifrons,2,0,0,0,0,0,0,0,0,0,0,0,0,0,0,2,0,
Amazonen,m,w,u,m,w,u,m,w,u,m,w,u,m,w,u,m,w,u,
Blaustirnamazone,Amazona aestiva,0,0,1,0,0,0,0,0,0,0,0,0,0,0,0,0,0,1.0
,Amazona albifrons,1,1,0,0,0,0,0,0,0,0,0,0,0,0,0,1,1,
Gelbwangenamazone,Amazona autumnalis,0,0,1,0,0,0,0,0,0,0,0,0,0,0,0,0,0,1.0
,Amazona leucocephala,0,2,0,0,0,0,0,0,0,0,1,0,0,0,0,0,1,
Kakadus,m,w,u,m,w,u,m,w,u,m,w,u,m,w,u,m,w,u,
Ararkakadu,Probosciger aterrimus,1,0,0,0,0,0,0,0,0,0,0,0,0,0,0,1,0,0.0
,Calytorhynchus banksii,3,1,0,0,0,0,0,0,0,0,0,0,0,0,0,3,1,
Rosa-Kakadu,Eolophus roseicapillus,5,1,0,0,0,0,0,0,0,1,0,0,0,0,0,4,1,0.0
,Cacatua alba,1,1,0,0,0,0,0,0,0,0,0,0,0,0,0,1,1,
Goffins-Kakadu,Cacatua goffini,1,1,0,0,0,0,0,0,0,0,0,0,0,0,0,1,1,0.0
,Cacatua leadbeateri,2,4,0,0,0,0,0,0,0,0,0,0,0,2,0,2,2,
Orangehaubenkakadu,Cacatua sulphureacitrinocristata,1,1,0,0,0,0,0,0,0,0,0,0,0,0,0,1,1,0.0
Kuckucksvögel: Turakos,m,w,u,m,w,u,m,w,u,m,w,u,m,w,u,m,w,u,
Weißohrturako,Tauraco leucotis,1,1,0,0,0,0,0,1,0,0,0,0,0,0,0,1,2,0.0
,Musophaga violacea,1,0,0,0,0,0,0,0,0,0,0,0,0,0,0,1,0,
Lärmvögel,m,w,u,m,w,u,m,w,u,m,w,u,m,w,u,m,w,u,
Nacktkehllärmvogel,Corythalxoides personatus,2,0,0,0,0,0,0,0,0,0,0,0,0,0,0,2,0,0.0
,Criniferoides leucogaster,1,0,0,0,0,0,0,0,0,0,0,0,0,0,0,1,0,
Eigentliche Kuckucke,m,w,u,m,w,u,m,w,u,m,w,u,m,w,u,m,w,u,
Fratzenkuckuck,Scythrops novaehollandiae,1,1,0,0,0,0,0,0,0,0,0,0,0,0,0,1,1,0.0
,Guira guira,0,0,3,0,0,0,0,0,0,0,0,0,0,0,0,0,0,
Rennkuckuck,Geococcyx californianus,2,2,0,0,0,0,0,0,0,0,0,0,0,0,0,2,2,0.0
,Centropus superciliosus,1,0,0,0,0,0,0,0,0,0,0,0,0,0,0,1,0,
Eulen: Uhus,m,w,u,m,w,u,m,w,u,m,w,u,m,w,u,m,w,u,
Europäischer Uhu,Bubo bubo bubo,1,3,0,0,0,0,0,0,0,0,0,0,1,1,0,0,2,0.0
,Bubo nipalensis blighi,1,1,0,0,0,0,0,0,0,0,0,0,1,1,0,0,0,
Sumatra-Uhu,Bubo sumatrana,0,1,0,0,0,0,0,0,0,0,0,0,0,1,0,0,0,0.0
Sperlingskäuze,m,w,u,m,w,u,m,w,u,m,w,u,m,w,u,m,w,u,
BrasilianischerSperlingskauz,Glaucidium brasilianum,1,1,0,0,0,0,0,0,0,0,0,0,0,0,0,1,1,0.0
Zwergohreulen,m,w,u,m,w,u,m,w,u,m,w,u,m,w,u,m,w,u,
Zwergohreule,Otus scops,1,0,0,0,0,0,0,0,0,0,0,0,0,0,0,1,0,0.0
Ohreulen,m,w,u,m,w,u,m,w,u,m,w,u,m,w,u,m,w,u,
Weißgesichts-Ohreule,Ptilopsis (Otus) leucotis,0,1,0,0,0,0,0,0,0,0,0,0,0,0,0,0,1,0.0
