VERBINDLICHKEITEN,RESTLAUFZEITEN,Unnamed: 0,Unnamed: 1,Unnamed: 2,Unnamed: 3,Unnamed: 4,Unnamed: 5
,bis zu einem Jahr,zwischen einemund fünf Jahren,mehr als fünf Jahre,Gesamt,,,
,2018,2017,2018,2017,2018,2017,2018
,,,,,,,
,in €,in T€,in €,in T€,in €,in T€,in €
1.Erhaltene Anzahlungenauf Bestellungen,"98.815,10","89,2","0,00","0,0","0,00","0,0","98.815,10"
,"2.139.185,73","1.651,9","157.126,93","215,7","0,00","0,0",
"3.Sonstige Verbindlichkeiten- davon aus Steuern: 0,00 €(Vj.: 39 T€)- davon im Rahmen der sozialenSicherheit: 0,00 € (Vj.: 16 T€)","542.912,57","396,8","0,00","16,4","0,00","566,7","542.912,57"
"2.780.913,40","2.137,90","157.126,93","232,10","0,00","566,70",,
