GEWINN- UND VERLUSTRECHNUNG,2021,2020,Unnamed: 0
,,,
,,,
1.0,Erträge aus Investitionszuschüssen,"3.599.606,11","273.054,36"
2.0,Zuführung zum Sonderposten für Investitionszuschüsse,"-3.599.606,11","-273.054,36"
3.0,Erträge aus der Auflösung des Sonderpostens,"18.569,64","0,00"
4.0,Spenden und Zuwendungen,"4.852.035,42","7.796.080,06"
5.0,Umsatzerlöse,"17.639.949,67","17.056.705,19"
6.0,Sonstige betriebliche Erträge,"22.561.861,16","2.454.723,31"
,Gesamtleistung,"45.072.415,89",
,Materialaufwand,"-4.091.886,79",
,"a) Aufwendungen für Roh-, Hilfs- und Betriebsstoffe und für bezogene Ware","-1.674.661,66","-1.460.208,93"
,"b) Aufwendungen für bezogene Leistungen- davon aus verbundenen Unternehmen € 90.074,26 (Vorjahr: € 35.096,94)","-2.417.225,13","-2.247.737,61"
,Mittelverwendung,"-601.138,07",
,Personalaufwand,"-15.412.706,30",
,a) Löhne und Gehälter,"-10.766.638,00","-10.655.594,34"
,"b) Soziale Abgaben und Aufwendungen für Altersversorgungund für Unterstützung- davon für Altersversorgung € 2.643.036,30 (Vorjahr: € 3.333.171,22)","-4.646.068,30","-5.594.444,90"
,Abschreibungen auf Immaterielle Vermögensgegenständeund Sachanlagen,"-2.485.888,85",
12.0,Sonstige betriebliche Aufwendungen,"-7.542.612,66","-7.832.457,91"
,Erträge aus anderen Wertpapieren des Finanzanlagevermögens,"275.190,43",
14.0,"Sonstige Zinsen und ähnliche Erträge- davon aus verbundenen Unternehmen € 8.778,00 (Vorjahr: € 8.778,00)","8.778,00","8.952,00"
,Abschreibungen auf Finanzanlagen,"0,00",
16.0,"Zinsen und ähnliche Aufwendungen- davon Aufwendungen aus Aufzinsung € 415.967,22 (Vorjahr: € 568.738,71)","-474.208,42","-651.950,90"
,Steuern vom Einkommen und vom Ertrag,"12.463,01",
18.0,Ergebnis nach Steuern,"14.760.406,24","-4.064.069,90"
,Sonstige Steuern,"-35.920,48",
20.0,Jahresüberschuss/-fehlbetrag,"14.724.485,76","-4.100.851,98"
,Verlustvortrag,"-4.100.851,98",
22.0,Bilanzgewinn/-verlust,"10.623.633,78","-4.100.851,98"
