SÄUGETIERE,MAMMALIA,2019,geboren,Zugänge,gestorben,Abgabe,2020,Unnamed: 0,Unnamed: 1,Unnamed: 2,Unnamed: 3,Unnamed: 4,Unnamed: 5,Unnamed: 6,Unnamed: 7,Unnamed: 8,Unnamed: 9,Unnamed: 10,Unnamed: 11
Paarhufer,Artiodactyla,m,w,u,m,w,u,m,w,u,m,w,u,m,w,u,m,w,u
Sus scrofa f. domestica,0,1,0,0,0,0,0,0,0,0,0,0,0,0,0,0,1,,
Tayassu pecari,13,16,0,2,4,0,0,0,0,2,0,0,0,0,0,13,20,,
Cheoropsis liberiensis,1,1,0,0,0,0,0,0,0,0,0,0,0,0,0,1,1,,
Hippopotamus amphibius,1,3,0,0,0,0,0,0,0,0,0,0,0,0,0,1,3,,
Lama pacos,3,4,0,4,0,0,0,0,0,2,1,0,2,0,0,3,3,,
Vicugna vicugna,1,2,0,0,0,0,0,0,0,0,0,0,0,0,0,1,2,,
Tragulus javanicus,2,2,0,0,0,2,0,0,0,1,1,2,0,0,0,1,1,,
Odocoileus virginianus,0,2,0,0,0,0,1,3,0,0,0,0,0,0,0,1,5,,
Pudu pudu,0,2,0,0,1,0,0,0,0,0,2,0,0,0,0,0,1,,
Rangifer tarandus fennicus,1,5,0,2,0,0,0,0,0,2,1,0,0,0,0,1,4,,
Cervus nippon nippon,0,2,0,0,0,0,0,0,0,0,0,0,0,0,0,0,2,,
Dama dama mesopotamica,2,0,0,0,0,0,0,0,0,0,0,0,0,0,0,2,0,,
Muntiacus reevesi,1,0,0,0,0,0,0,0,0,0,0,0,1,0,0,0,0,,
Rucervus duvauceli,0,3,0,0,0,0,0,0,0,0,0,0,0,3,0,0,0,,
Cervus alfredi,1,2,0,1,0,0,0,0,0,0,0,0,0,1,0,2,1,,
Hydropotes inermis,1,3,0,0,0,0,0,0,0,0,0,0,0,0,0,1,3,,
Gira  a camelopardalisreticulata,1,0,0,0,0,0,0,0,0,0,0,0,0,0,0,1,0,,
Gira  a camelopardalisrothschildi,1,0,0,0,0,0,0,0,0,0,0,0,0,0,0,1,0,,
Okapi johnstoni,1,1,0,0,0,0,0,0,0,0,0,0,0,0,0,1,1,,
Damaliscus pygargus,1,2,0,0,0,0,0,0,0,0,0,0,0,0,0,1,2,,
Antidorcas marsupialis,1,0,0,0,0,0,2,0,0,0,0,0,0,0,0,3,0,,
Antilope cervicapra,1,7,0,0,0,0,1,0,0,0,1,0,0,0,0,2,6,,
Litocranius walleri,1,0,0,0,0,0,0,0,0,0,0,0,0,0,0,1,0,,
Madoqua kirkii,1,4,0,1,2,,0,0,0,1,1,0,0,1,0,1,4,,
Bison bison,0,3,0,0,0,0,1,0,0,0,0,0,0,0,0,1,3,,
Bison bonasus,2,1,0,0,0,0,0,0,0,0,0,0,1,0,0,1,1,,
Bos javanicus javanicus,3,5,0,0,0,0,0,0,0,0,1,0,0,0,0,3,4,,
Bos taurus,1,2,0,1,0,0,0,0,0,0,0,0,0,0,0,2,2,,
Bos taurus taurus watusi,1,3,0,0,0,0,0,0,0,0,0,0,0,0,0,1,3,,
Bos gaurus gaurus,0,4,0,0,0,0,0,0,0,0,0,0,0,0,0,0,4,,
Bubalus bubalis,2,4,0,0,0,0,0,0,0,0,1,0,1,0,0,1,3,,
Bubalus (Anoa)depressicornis,1,2,0,0,0,0,0,0,0,0,0,0,0,1,0,1,1,,
Syncerus ca  er nanus,0,3,0,0,0,0,1,0,0,0,0,0,0,0,0,1,3,,
Tragelaphus oryx,2,3,0,0,0,0,0,0,0,0,0,0,1,0,0,1,3,,
Tragelaphus angasii,0,3,0,0,0,0,0,0,0,0,0,0,0,0,0,0,3,,
Tragelaphus euryceros,1,3,0,0,0,0,0,0,0,0,0,0,0,0,0,1,3,,
