ENTWICKLUNG DES ANLAGEVERMÖGENS ZUM 31. DEZEMBER 2016 (ANLAGENSPIEGEL),Unnamed: 0,Unnamed: 1,Unnamed: 2,Unnamed: 3,Unnamed: 4,Unnamed: 5
,Anschaffungs- und Herstellungskosten,,,,,
,Stand am01.01.2016,Zugang,Abgang,Umbuchung,MinderungdurchZuschüsse,Stand am31.12.2016
,in €,in €,in €,in €,in €,in €
,,,,,,
I.  ImmaterielleVermögensgegenständeGewerbliche Schutzrechte undähnliche Rechte und Werte,"74.667,55","3.387,82","0,00","0,00","0,00","78.055,37"
,"74.667,55","3.387,82","0,00","0,00","0,00","78.055,37"
"3.262.096,68515.301,332.249.570,9685.897,19","8.886,586.765,68329.226,342.485.566,73","0,000,00-35.540,700,00","466.072,130,0019.054,27-485.126,40","0,000,000,00-1.817.145,28",,
"6.112.866,16","2.830.445,33","-35.540,70","0,00","-1.817.145,28",,
"6.187.533,71","2.833.833,15","-35.540,70","0,00","-1.817.145,28",,
