VÖGEL,AVES,2015,geboren,Zugänge,gestorben,Abgabe,2016,Unnamed: 0,Unnamed: 1,Unnamed: 2,Unnamed: 3,Unnamed: 4,Unnamed: 5,Unnamed: 6,Unnamed: 7,Unnamed: 8,Unnamed: 9,Unnamed: 10,Unnamed: 11
Hühnervögel: Hokkohühner,m,w,u,m,w,u,m,w,u,m,w,u,m,w,u,m,w,u,
Venezuela Blaukehlguan,Pipile cumanensis,1,1,0,0,0,1,0,0,0,0,0,0,0,0,0,1,1,1.0
,Crax rubra,2,1,0,0,0,0,0,0,0,1,0,0,0,0,0,1,1,
Gelbschnabelhokko,Crax fasciolata,1,0,0,0,0,0,0,0,0,0,0,0,0,0,0,1,0,0.0
Perlhühner,m,w,u,m,w,u,m,w,u,m,w,u,m,w,u,m,w,u,
Helmperlhuhn,Numida meleagris f. dom.,1,0,0,0,0,0,1,1,0,1,0,0,0,0,0,1,1,0.0
Feldhühner,m,w,u,m,w,u,m,w,u,m,w,u,m,w,u,m,w,u,
Halsbandfrankolin,Francolinus frankolinus,1,0,0,0,0,0,0,0,0,0,0,0,0,0,0,1,0,0.0
,Coturnix delegorgnei,0,0,0,0,0,0,2,2,0,0,0,0,0,0,0,2,2,
Zwergwachtel,Coturnix chinensis,7,9,0,5,0,3,0,0,0,0,2,3,4,5,0,8,1,0.0
,Rollulus roulroul,3,2,0,0,0,0,0,0,0,1,1,0,0,0,0,2,1,
Kammhühner,m,w,u,m,w,u,m,w,u,m,w,u,m,w,u,m,w,u,
Bankiva-Huhn,Gallus gallus,0,1,0,0,3,0,1,1,0,0,0,0,0,0,0,1,5,0.0
,Gallus gallus f. domestica,2,10,0,0,0,0,0,0,0,0,0,0,0,0,0,2,10,
"Moderne EnglischeZwergkämpfer, modern",Gallus gallus f. domestica,2,9,0,0,2,0,0,2,0,2,1,0,0,0,0,0,12,0.0
,Gallus gallus f. domestica,2,9,0,3,6,0,0,0,0,1,2,0,0,0,0,4,13,
Zwerg Lakenfelder,Gallus gallus f. domestica,0,0,0,0,0,0,3,4,0,0,0,0,0,0,0,3,4,0.0
,Gallus gallus f. domestica,0,5,0,0,0,0,2,2,0,1,1,0,0,0,0,1,6,
Zwergseidenhuhn,Gallus gallus f. domestica,3,10,0,0,1,0,0,0,0,0,1,0,0,0,0,3,10,0.0
,Gallus gallus f. domestica,0,0,0,0,0,0,2,4,0,0,0,0,0,0,0,2,4,
Sonnerathuhn,Gallus sonneratii,1,3,0,0,0,0,0,0,0,0,1,0,0,0,0,1,2,0.0
Fasane,m,w,u,m,w,u,m,w,u,m,w,u,m,w,u,m,w,u,
Feuerrückenfasan,Lophura ignita,1,0,0,0,0,0,0,0,0,0,0,0,0,0,0,1,0,0.0
,Lophura diardi,1,1,0,0,0,0,0,0,0,1,0,0,0,0,0,0,1,
Elliotfasan,Syrmaticus ellioti,1,1,0,0,0,0,0,0,0,0,0,0,0,0,0,1,1,0.0
,Chrysolophus amerstiae,1,1,0,0,0,0,0,0,0,0,1,0,0,0,0,1,0,
Pfaue & Pfaufasane,m,w,u,m,w,u,m,w,u,m,w,u,m,w,u,m,w,u,
Bronzeschwanz-Pfaufasan,Polyplectron chalcurum,1,0,0,0,0,0,0,0,0,1,0,0,0,0,0,0,0,0.0
,Polyplectron germaini,1,0,0,0,0,0,0,0,0,0,0,0,0,0,0,1,0,
Pfaue & Pfaufasane,m,w,u,m,w,u,m,w,u,m,w,u,m,w,u,m,w,u,
Grauer Pfaufasan,Polyplectron bicalcaratum,4,1,0,0,0,0,0,0,0,0,1,0,0,0,0,4,0,0.0
,Polyplectron napoleonis,1,1,0,0,0,0,0,0,0,0,0,0,0,0,0,1,1,
Argusfasan,Argusianus argus,1,1,0,0,1,0,0,0,0,0,0,0,0,0,0,1,2,0.0
Pternitis,m,w,u,m,w,u,m,w,u,m,w,u,m,w,u,m,w,u,
Gelbkehlfrankolin,Pternistis leucoscepus,0,0,0,0,0,0,1,1,0,0,0,0,0,0,0,1,1,0.0
Gänsevögel: Wehrvögel,m,w,u,m,w,u,m,w,u,m,w,u,m,w,u,m,w,u,
Halsband-Tschaja,Chauna torquata,1,1,0,0,0,0,0,0,0,0,0,0,0,0,0,1,1,0.0
