ENTWICKLUNG DES ANLAGEVERMÖGENS ZUM 31. DEZEMBER 2016 (ANLAGENSPIEGEL),Unnamed: 0,Unnamed: 1,Unnamed: 2,Unnamed: 3,Unnamed: 4,Unnamed: 5
,Anschaffungs- und Herstellungskosten,,,,,
,Stand am01.01.2016,Zugang,Abgang,Umbuchung,MinderungdurchZuschüsse,Stand am31.12.2016
,in €,in €,in €,in €,in €,in €
,,,,,,
I.  ImmaterielleVermögensgegenständeGewerbliche Schutzrechte undähnliche Rechte und Werte,"94.148,20","95.539,83","-18.474,26","0,00","0,00","171.213,77"
,"94.148,20","95.539,83","-18.474,26","0,00","0,00","171.213,77"
"25.132.643,724.054.509,674.632.997,363.528.421,02","1.451.710,964.967,35583.876,8110.156.548,05","0,000,00-57.305,160,00","8.040.503,5098.546,68348.026,50-8.487.076,68","0,000,000,000,00",,
"37.348.571,77","12.197.103,17","-57.305,16","0,00","0,00",,
"37.442.719,97","12.292.643,00","-75.779,42","0,00","0,00",,
