VÖGEL,AVES,2017,geboren,Zugänge,gestorben,Abgabe,2018,Unnamed: 0,Unnamed: 1,Unnamed: 2,Unnamed: 3,Unnamed: 4,Unnamed: 5,Unnamed: 6,Unnamed: 7,Unnamed: 8,Unnamed: 9,Unnamed: 10,Unnamed: 11
Greifvögel,Falconiformes,m,w,u,m,w,u,m,w,u,m,w,u,m,w,u,m,w,u
Truthahngeier,Cathartes aura,2,3,0,0,0,0,0,0,0,0,0,0,0,0,0,2,3,0
,Cathartes burrovianus,3,2,0,0,0,2,0,0,0,0,0,0,0,0,2,3,2,
Königsgeier,Sarcorhamphus papa,2,1,0,0,1,0,0,0,0,0,0,0,0,0,0,2,2,0
,Sagittarius serpentarius,1,1,0,0,0,0,0,0,0,0,0,0,0,0,0,1,1,
Kaiseradler,Aquila heliaca,1,1,0,0,0,0,0,0,0,0,0,0,0,0,0,1,1,0
,Aquila nipalensis,1,2,0,0,1,0,0,0,0,0,0,0,0,0,0,1,3,
Königsbussard,Buteo regalis,2,1,0,0,0,0,0,0,0,0,0,0,0,0,0,2,1,0
,Parabuteo  unicinctus,0,3,0,0,0,0,0,0,0,0,0,0,0,0,0,0,3,
Aguja,Geranoaetus melanoleucus,2,1,0,0,0,0,0,0,0,0,0,0,0,0,0,2,1,0
,Haliaeetus a. albicilla,1,1,0,0,0,0,0,0,0,0,0,0,0,0,0,1,1,
Weißkopfseeadler,Haliaeetus leucocephalus,2,1,0,0,0,0,0,0,0,0,0,0,0,0,0,2,1,0
,Haliaeetus pelagicus,1,1,0,1,1,0,0,0,0,0,0,0,0,0,0,2,2,
Harpyie,Harpia harpyia,1,0,0,0,0,0,0,0,0,0,0,0,0,0,0,1,0,0
,Polemaetus bellicosus,1,1,0,0,0,0,0,0,0,0,0,0,0,0,0,1,1,
Kuttengeier,Aegypius monachus,2,1,0,0,0,0,0,0,0,1,0,0,0,0,0,1,1,0
,Gypaetus barbatus,2,2,0,0,0,1,0,0,0,0,0,1,0,0,0,2,2,
Zwerggänsegeier,Gyps africanus,1,1,0,0,1,0,0,0,0,0,0,0,0,1,0,1,1,0
,Gyps fulvus,3,3,0,0,1,0,0,0,0,0,0,0,0,0,0,3,4,
Schneegeier,Gyps himalayensis,1,2,0,0,0,0,0,0,0,0,0,0,0,0,0,1,2,0
,Gyps ruepelli,2,2,0,0,0,0,0,0,0,0,0,0,0,0,0,2,2,
Kappengeier,Necrosyrtes monachus,1,3,0,0,0,0,0,0,0,0,0,0,0,0,0,1,3,0
,Neophron percnopterusginginianus,1,1,0,0,0,0,0,0,0,0,0,0,0,0,0,1,1,
Gaukler,Theratopius ecaudatus,1,1,0,0,0,0,0,0,0,0,0,0,0,0,0,1,1,0
,Trigonoceps occipitalis,1,1,0,0,0,0,0,0,0,0,0,0,0,0,0,1,1,
Falkland-Karakara,Phalcoboenus australis,2,1,0,0,1,0,0,0,0,0,0,0,0,1,0,2,1,0
,Phalcoboenus megalopterus,1,1,0,0,0,0,0,0,0,0,0,0,0,0,0,1,1,
Turmfalke,Falco tinnunculus,0,2,0,0,0,0,0,0,0,0,1,0,0,0,0,0,1,0
,Falco biarmicus,1,0,0,0,0,0,0,1,0,0,0,0,0,0,0,1,1,
Sakerfalke,Falco cherrug,1,0,0,0,0,0,0,0,0,0,0,0,0,0,0,1,0,0
,Falco peregrinus,2,0,0,0,0,0,0,0,0,0,0,0,0,0,0,2,0,
Hühnervögel,Galliformes,m,w,u,m,w,u,m,w,u,m,w,u,m,w,u,m,w,u
Östliches Wildtruthuhn,Meleagris gallopavo silvestris,1,1,0,2,2,1,0,0,0,0,0,1,1,0,0,2,7,0
,Alectoris melanocephala,1,1,0,0,0,0,0,0,0,0,0,0,0,0,0,1,1,
China-Waldrebhuhn,Arborophila gingica,0,0,0,0,0,0,0,0,2,0,0,0,0,0,0,0,0,2
,Bambusicola f. fytchii,1,1,0,0,0,0,0,0,0,0,1,0,0,0,0,1,0,
Cabottragopan,Tragopan caboti,2,1,0,0,0,0,0,0,0,0,1,0,0,0,0,2,0,0
Tragopan satyra,1,1,0,0,0,0,0,0,0,0,0,0,0,0,0,1,1,,
