SÄUGETIERE,MAMMALIA,2018,geboren,Zugänge,gestorben,Abgabe,2019,Unnamed: 0,Unnamed: 1,Unnamed: 2,Unnamed: 3,Unnamed: 4,Unnamed: 5,Unnamed: 6,Unnamed: 7,Unnamed: 8,Unnamed: 9,Unnamed: 10,Unnamed: 11
Paarhufer,Artiodactyla,m,w,u,m,w,u,m,w,u,m,w,u,m,w,u,m,w,u
Coburger Fuchsschaf,Ovis ammon f. aries,1,3,0,3,4,0,0,0,0,2,4,0,0,0,0,2,3,0
,Ovis ammon f. aries,1,7,0,7,4,0,0,0,0,6,4,0,1,2,0,1,5,
Rotducker,Cephalophus natalensis,3,3,0,1,0,0,1,0,0,3,0,0,0,1,0,2,2,0
,Hippotragus niger niger,1,2,0,1,1,0,0,0,0,2,0,0,0,0,0,0,3,
Säbelantilope,Oryx dammah,1,2,0,0,0,0,0,0,0,1,0,0,0,0,0,0,2,0
,Oryx gazella gazella,1,4,0,0,0,0,0,0,0,0,0,0,0,0,0,1,4,
Defassa-Wasserbock,Kobus ellipsiprymnus defassa,1,2,0,1,2,0,0,0,0,1,2,0,0,0,0,1,2,0
Kobus leche kafuensis,2,9,0,0,0,0,0,0,0,0,0,0,0,0,0,2,9,,
