WIRBELLOSE,INVERTEBRATA,2015,Zugänge,geboren,gestorben,Abgabe,2016,Unnamed: 0,Unnamed: 1,Unnamed: 2,Unnamed: 3,Unnamed: 4,Unnamed: 5,Unnamed: 6,Unnamed: 7,Unnamed: 8,Unnamed: 9,Unnamed: 10,Unnamed: 11
,,m,w,u,m,w,u,m,w,u,m,w,u,m,w,u,m,w,u
Stachelhäuter (Arten: 6),Echinodermata,0,0,156,0,0,42,0,0,0,0,0,19,0,0,0,0,0,177
,Mollusca,0,0,154,0,0,0,0,0,0,0,0,1,0,0,0,0,0,
Gliederfüßer (Arten: 9),Arthropoda,0,0,334,0,0,124,0,0,0,0,0,15,0,0,1,0,0,442
,Annelida,0,0,100,0,0,3,0,0,0,0,0,1,0,0,0,0,0,
Plattwürmer (Arten: 1),Plathelminthes,0,0,50,0,0,0,0,0,0,0,0,0,0,0,0,0,0,50
,Cnidaria,0,0,1328,0,0,61,0,0,0,0,0,38,0,0,0,0,0,
Schwämme (Arten: 2),Porifera,0,0,0,0,0,0,0,0,0,0,0,0,0,0,0,0,0,0
