KNOCHENFISCHE,OSTEICHTHYES,2016,Zugänge,geboren,gestorben,Abgabe,2017,Unnamed: 0,Unnamed: 1,Unnamed: 2,Unnamed: 3,Unnamed: 4,Unnamed: 5,Unnamed: 6,Unnamed: 7,Unnamed: 8,Unnamed: 9,Unnamed: 10,Unnamed: 11
,,m,w,u,m,w,u,m,w,u,m,w,u,m,w,u,m,w,u
Salmlerartige (Arten: 8),Characiformes,0,0,4349,0,0,20,0,0,0,0,0,669,0,0,0,0,0,3630
,Cypriniformes,0,0,139,0,0,0,0,0,0,0,0,28,0,0,0,0,0,
Welse (Arten: 11),Siluriformes,0,0,229,0,0,0,0,0,0,0,0,23,0,0,4,0,0,202
,Atheriniformes,0,0,190,0,0,0,0,0,842,0,0,0,0,0,0,0,0,
Stichlingsartige (Arten: 1),Gasterosteiformes,0,0,5,0,0,0,0,0,0,0,0,3,0,0,0,0,0,2
,Perciformes,0,0,559,0,0,189,0,0,46,0,0,256,0,0,48,0,0,
Kugelfischartige (Arten: 1),Tetradontiformes,0,0,2,0,0,0,0,0,0,0,0,0,0,0,0,0,0,1
