VÖGEL,AVES,2015,geboren,Zugänge,gestorben,Abgabe,2016,Unnamed: 0,Unnamed: 1,Unnamed: 2,Unnamed: 3,Unnamed: 4,Unnamed: 5,Unnamed: 6,Unnamed: 7,Unnamed: 8,Unnamed: 9,Unnamed: 10,Unnamed: 11
Schmuckvögel,m,w,u,m,w,u,m,w,u,m,w,u,m,w,u,m,w,u,
Türkisblaue Kotinga,Cotinga cayana,0,0,0,0,0,0,2,2,0,0,0,0,0,0,0,2,2,0.0
,Querula purpurata,1,0,0,0,0,0,0,0,0,0,0,0,0,0,0,1,0,
Laubenvögel,m,w,u,m,w,u,m,w,u,m,w,u,m,w,u,m,w,u,
Weißohrkatzenvogel,Ailuroedos buccoides,1,1,0,0,0,0,0,0,0,0,0,0,0,0,0,1,1,0.0
Honigfresser,m,w,u,m,w,u,m,w,u,m,w,u,m,w,u,m,w,u,
Blauohrhonigfresser,Entomyzon cyanotis,1,3,0,0,0,0,0,0,0,0,0,0,0,0,0,1,3,0.0
Würgerkrähen,m,w,u,m,w,u,m,w,u,m,w,u,m,w,u,m,w,u,
Weißrückenflötenvogel,Gymnorhina tibicen,1,1,0,0,0,0,1,0,0,0,0,0,0,0,0,2,1,0.0
Rabenvögel,m,w,u,m,w,u,m,w,u,m,w,u,m,w,u,m,w,u,
Geierrabe,Corvus albicollis,1,2,0,0,0,0,0,0,0,0,0,0,0,0,0,1,2,0.0
,Corvus albus,1,0,0,0,0,0,0,0,0,0,0,0,0,0,0,1,0,
Paradiesvögel,m,w,u,m,w,u,m,w,u,m,w,u,m,w,u,m,w,u,
Trompeterparadieskrähe,Phonygammus keraudrenii,1,0,0,0,0,0,0,0,0,0,0,0,0,0,0,1,0,0.0
Bülbüls,m,w,u,m,w,u,m,w,u,m,w,u,m,w,u,m,w,u,
Rotohrbülbül,Pycnonotus jocosus,1,2,0,1,3,2,1,0,0,1,0,1,0,0,0,2,5,1.0
,Pycnonotus xanthorrous,1,0,0,0,0,0,0,0,0,0,0,0,0,0,0,1,0,
Graubülbül,Pycnonotus barbatus,1,0,0,0,0,0,0,0,0,0,0,0,0,0,0,1,0,0.0
,Pycnonotus leucogenys,1,0,0,0,0,0,0,0,0,0,0,0,0,0,0,1,0,
Brillenvögel,m,w,u,m,w,u,m,w,u,m,w,u,m,w,u,m,w,u,
Berg (Kikuyu)-Brillenvogel,Zosterops kikuyuensis,0,0,5,0,0,0,0,0,0,0,0,3,0,0,0,0,0,2.0
Feenvögel,m,w,u,m,w,u,m,w,u,m,w,u,m,w,u,m,w,u,
Elfenblauvogel,Irena puella,0,1,0,0,0,0,0,0,0,0,0,0,0,0,0,0,1,0.0
Stare,m,w,u,m,w,u,m,w,u,m,w,u,m,w,u,m,w,u,
Hirtenmania,Acridotheres tristis,0,1,0,0,0,0,0,0,0,0,0,0,0,0,0,0,1,0.0
,Aplonis panayensis,2,7,10,0,0,0,0,0,0,0,0,0,0,0,0,2,7,
Amethystglanzstar,Cinnyricinclus leucogaster,3,4,0,0,0,0,0,0,0,0,0,0,0,0,0,3,4,0.0
,Cosmopsarus regius,5,4,0,0,0,0,0,0,1,0,0,1,0,0,0,5,4,
Lappenstar,Creatophora cinerea,3,2,0,0,0,0,0,0,0,0,0,0,0,0,0,3,2,0.0
,Gracula religiosa intermedia,1,0,0,0,0,0,0,0,0,0,0,0,0,0,0,1,0,
Grünschwanzglanzstar,Lamprotomis chalybaeus,0,0,1,0,0,0,0,0,0,0,0,0,0,0,0,0,0,1.0
,Lamprotornis iris,0,1,0,0,0,0,0,0,0,0,0,0,0,0,0,0,1,
Schweifglanzstar,Lamprotomis purpuropterus,1,1,0,0,0,0,0,0,0,0,0,0,0,0,0,1,1,0.0
,Leucopsar rothschildi,3,2,0,3,1,2,0,0,0,1,0,2,0,0,0,5,3,
Dreifarbenglanzstar,Lamprotornis superbus,1,1,5,0,0,0,0,0,0,0,0,0,0,0,0,1,1,5.0
,Sturnus contra,0,0,2,0,0,0,0,0,0,0,0,1,0,0,0,0,0,
Pagondenstar,Sturnus pagodarum,1,1,0,0,0,0,0,0,0,1,0,0,0,0,0,0,1,0.0
Schmätzer,m,w,u,m,w,u,m,w,u,m,w,u,m,w,u,m,w,u,
Tropfenrötel,Cichladusa guttata,2,0,0,0,0,0,0,0,0,0,0,0,0,0,0,2,0,0.0
Oenathe pileata,1,0,0,0,0,0,0,0,0,1,0,0,0,0,0,0,0,,
