komanagements steht dem Aufsichtsrat ein regelmäßiges,Kein Aufsichtsratsmitglied hat an weniger als an der Hälfte
"Reporting der Geschäftsführung zur Verfügung, welches",der Sitzungen teilgenommen. Der Aufsichtsrat hat sich in
"die wichtigsten Kennzahlen, einen Soll-Ist-Vergleich so-",seiner Sitzung im Dezember 2020 auf Grundlage einer Be-
wie einen Vergleich mit dem Vorjahr enthält. Für den,fragung der Mitglieder des Aufsichtsrates mit der Effizienz
Aufsichtsrat gab es außerhalb der Aufsichtsratssitzungen,seiner Tätigkeit befasst. Die eingegangenen Hinweise aus
"keine wichtigen Ereignisse, über die er hätte unterrichtet",der Befragung werden in der künftigen Arbeit des Auf-
werden müssen.,sichtsrates berücksichtigt. Es waren keine Ergebnisse zu
,"verzeichnen, die eine eingeschränkte Effizienz erkennen"
III.5,lassen. Gemäß Beschluss des Aufsichtsrates vom Dezem-
"Der Aufsichtsrat hat ein Präsidium, das die Aufgaben eines",ber 2014 soll die Überprüfung der Effizienz alle drei Jahre
"Personalausschusses wahrnimmt, sowie einen Wirtschafts-","erfolgen, demnach erfolgt eine erneute Befassung wieder"
ausschuss. Den Ausschüssen wurde keine Entscheidungs-,im Dezember 2023.
kompetenz übertragen. Das Plenum des Aufsichtsrats,
wurde von den Vorsitzenden der Ausschüsse über Inhalt,IV. INTERESSENKONFLIKTE
und Ergebnis der Ausschussberatungen unterrichtet.,IV.1
,Die Geschäftsführung hat die Regeln des Wettbewerbs-
III.6,verbotes beachtet. Sie hat weder Vorteile gefordert noch
Der Aufsichtsrat hat einen Wirtschaftsausschuss: Der Wirt-,angenommen noch Dritten ungerechtfertigt gewährt.
schaftsausschuss hat sich im Rahmen seiner Beratung zum,Der Geschäftsführung ist kein Fall der Vorteilsnahme oder
Jahresabschluss und zum Wirtschafts- und Investitionsplan,-gewährung bei den Beschäftigten des Unternehmens
"mit der Überwachung des Rechnungslegungsprozesses,",bekannt geworden.
der Wirksamkeit des internen Kontrollsystems sowie mit,
den vom Abschlussprüfer zusätzlich erbrachten Leistun-,IV.2
gen befasst.,Geschäftsführung und Aufsichtsrat haben die Unterneh-
,mensinteressen gewahrt und keine persönlichen Interessen
Der Aufsichtsratsvorsitzende ist nicht Vorsitzender des,verfolgt.
Wirtschaftsausschusses. Der Vorsitzende ist auch kein,
ehemaliges Mitglied der Geschäftsführung. Mindestens,IV.3 und 4
ein Mitglied des Wirtschaftsausschusses ver fügt über,Interessenkonflikte bei der Geschäftsführung oder Mit-
Sachverstand auf den Gebieten Rechnungslegung und,gliedern des Aufsichtsrates bestanden nicht.
Abschlussprüfung.,
,IV.5
III.7 bis 10,Geschäfte mit dem Unternehmen durch die Geschäftsfüh-
Die Aufsichtsratsmitglieder verfügen über die erforderli-,rung oder ihnen nahestehende Personen oder ihnen per-
chen Kenntnisse und sind hinreichend unabhängig. Die,sönlich nahestehende Unternehmen sind dem Aufsichtsrat
Mitglieder des Aufsichtsrates nehmen die für ihre Aufgaben,nicht zur Zustimmung vorgelegt worden; der Aufsichtsrat
erforderlichen Aus- und Fortbildungsmaßnahmen eigen-,hat von der Ausnahmeregelung für Geschäfte mit dem
verantwortlich wahr. Kein Aufsichtsratsmitglied hat die,Unternehmen keinen Gebrauch gemacht.
maximale Zahl von Aufsichtsratsmandaten erreicht. Die,
Aufsichtsratsmitglieder üben keine Organfunktion oder,"Dem Aufsichtsrat wurden keine Berater-, Dienstleistungs-"
Beratungsaufgaben bei Wettbewerbern aus.,und Werkverträge oder sonstige Verträge von Aufsichts-
,ratsmitgliedern mit dem Unternehmen zur Zustimmung
III.11,vorgelegt.
Der Gesellschaftsvertrag sieht keine Vergütung für die,
Mitglieder des Aufsichtsrates vor. Sonderleistungen an den,IV.6
Aufsichtsrat oder einzelne Mitglieder wurden nicht gezahlt.,"Die Geschäftsleitung darf Nebentätigkeiten, insbesondere"
,"Aufsichtsratsmandate außerhalb des Unternehmens, nur"
III.12 und 13 (s. II.11 und 12),mit Zustimmung des Aufsichtsrates übernehmen. Durch die
,Geschäftsführung wurde keine Nebentätigkeit ausgeübt.
III.14,
Es waren keine gesonderten Zielvereinbarungen abzu-,IV.7
schließen und somit keine Vorlage beim Gesellschafter,Mitgliedern des Aufsichtsrats und der Geschäftsführung
