SÄUGETIERE MAMMALIA,Unnamed: 0,2017,Unnamed: 1,geboren,Zugänge,gestorben,Abgabe,Unnamed: 2,Unnamed: 3,2018,Unnamed: 4
Kloakentiere Monotremata,m,w,u,m w u,m w u,m w u,m w,u,m,w,u
Neuguinea- Tachyglossus aculeatus,,,,,,,,,,,
0Kurzschnabeligel lawesii,2,1,0,0 0 0,0 1 0,0 0 0,0 1,0,2,1,
Beuteltiere Marsupialia,m,w,u,m w u,m w u,m w u,m w,u,m,w,u
Westliches Graues  Macropus fuliginosus,,,,,,,,,,,
0Riesenkänguru melanops,3,3,0,2 0 0,0 0 0,0 1 0,2 0,0,3,2,
Östliches Bergkänguru Macropus robustus robustus,4,3,0,2 0 0,0 0 0,2 0 0,0 0,0,4,3,0
Benettkänguru Macropus rufogriseus,0,1,0,0 1 0,0 0 0,0 2 0,0 0,0,0,0,0
Ringelschwanz- Petrogale xanthopus,,,,,,,,,,,
0Felsenkänguru xanthopus,2,2,0,0 1 0,0 0 0,0 0 0,0 0,0,2,3,
Rüsselspringer Macroscelidea,m,w,u,m w u,m w u,m w u,m w,u,m,w,u
Kurzohr-Rüsselspringer Macroscelides proboscideus,1,1,0,0 1 1,0 1 0,0 1 1,0 0,0,1,2,0
Insektenfresser Eulipotyphla,m,w,u,m w u,m w u,m w u,m w,u,m,w,u
Etrusker-Spitzmaus Suncus etruscus,0,0,0,1 8 11,2 2 0,0 5 11,0 0,0,3,5,0
Fledertiere Chiroptera,m,w,u,m w u,m w u,m w u,m w,u,m,w,u
Palmenflughund Eidolon helvum,4,3,1,0 2 0,0 0 0,0 1 1,4 4,0,0,0,0
Epaulettenflughund Epomophorus gambianus,1,0,0,0 0 0,0 0 0,0 0 0,1 0,0,0,0,0
Indischer Riesenflughund Pteropus giganteus,2,6,21,1 2 7,0 0 0,0 0 0,5 3,0,9,22,0
Nebengelenktiere Xenarthra,m,w,u,m w u,m w u,m w u,m w,u,m,w,u
Tamandua tetradactyla Langschwanz-Tamandua 0nigra,1,2,0,1 0 0,0 1 0,1 0 0,0 1,0,1,2,
Kugelgürteltier Tolypeutes matacus,1,1,0,0 1 0,0 0 0,0 0 0,0 0,0,1,2,0
