WIRBELLOSE,INVERTEBRATA,Artenzahl,2018,geboren,Zugänge,gestorben,Abgabe,2019,Unnamed: 0,Unnamed: 1,Unnamed: 2,Unnamed: 3,Unnamed: 4,Unnamed: 5,Unnamed: 6,Unnamed: 7,Unnamed: 8,Unnamed: 9,Unnamed: 10,Unnamed: 11
,,,m,w,u,m,w,u,m,w,u,m,w,u,m,w,u,m,w,u
Manteltiere,Tunicata,1.0,0,0,19,0,0,0,0,0,1,0,0,0,0,0,0,0,0,20
,Echinodermata,23.0,0,0,214,0,0,17,0,0,0,0,0,40,0,0,0,0,0,
Weichtiere,Mollusca,23.0,0,0,333,−,−,−,−,−,−,−,−,−,−,−,−,−,−,329
,Insecta,55.0,0,0,4253,−,−,−,−,−,−,−,−,−,−,−,−,−,−,
Spinnentiere,Arachnida,27.0,0,0,146,0,0,35,0,0,17,0,0,83,0,0,2,0,0,113
,Myriapoda,11.0,0,0,510,−,−,−,−,−,−,−,−,−,−,−,−,−,−,
Krebstiere,Crustacea,27.0,0,0,227,0,0,116,0,0,0,0,0,135,0,0,0,0,0,208
,Annelida,2.0,0,0,78,0,0,0,0,0,0,0,0,24,0,0,0,0,0,
Schwämme,Porifera,3.0,0,0,8,0,0,0,0,0,0,0,0,2,0,0,0,0,0,6
Cnidaria,109,0.0,0,6477,−,−,−,−,−,−,−,−,−,−,−,−,−,−,,
