SÄUGETIERE,MAMMALIA,2020,geboren,Zugänge,gestorben,Abgabe,2021,Unnamed: 0,Unnamed: 1,Unnamed: 2,Unnamed: 3,Unnamed: 4,Unnamed: 5,Unnamed: 6,Unnamed: 7,Unnamed: 8,Unnamed: 9,Unnamed: 10,Unnamed: 11
Raubtiere,Carnivora,m,w,u,m,w,u,m,w,u,m,w,u,m,w,u,m,w,u
Sandkatze,Felis margarita,0,0,0,0,0,0,1,0,0,0,0,0,0,0,0,1,0,0
,Leopardus pardalis,0,1,0,0,0,0,0,0,0,0,0,0,0,0,0,0,1,
Südliche Ozelotkatze(Oncille),Leopardus guttulus,0,0,0,0,0,0,1,0,0,0,0,0,0,0,0,1,0,0
,Leopardus wiedii),0,0,0,0,0,0,0,1,0,0,0,0,0,0,0,0,1,
Rostkatze,Prionailurus rubiginosus,0,1,0,0,0,0,0,0,0,0,0,0,0,0,0,0,1,0
,Panthera leo,1,3,0,0,0,0,0,0,0,0,0,0,0,0,0,1,3,
Jaguar,Panthera onca,0,0,0,0,0,0,0,1,0,0,0,0,0,0,0,0,1,0
,Panthera pardus saxicolor,1,0,0,0,0,0,0,1,0,0,0,0,0,0,0,1,1,
Amurtiger,Panthera tigris altaica,1,0,0,0,0,0,0,0,0,0,0,0,0,0,0,1,0,0
,Galidia elegans,4,3,0,0,1,1,0,0,0,0,0,0,0,0,0,4,4,
Schmalstreifenmungo,Mungotictis decemlineata,2,5,1,0,0,1,0,0,0,0,1,1,0,0,0,2,5,0
,Helogale parvula,1,1,0,0,0,0,0,0,0,0,0,0,0,0,0,1,1,
Erdmännchen,Suricata suricatta,7,5,0,0,0,0,0,0,0,1,1,0,0,0,0,6,4,0
,Canis lupus hudsonicus,1,1,0,0,0,0,0,0,0,0,1,0,0,0,0,1,0,
"Afrikanischer Wildhund,Hyänenhund",Lycaon pictus,5,2,0,0,0,0,0,0,0,0,1,0,0,0,0,5,1,0
,Vulpes zerda,1,1,0,0,0,0,0,0,0,0,0,0,0,0,0,1,1,
Großer Panda,Ailuropoda melanoleuca,3,1,0,0,0,0,0,0,0,0,0,0,0,0,0,3,1,0
,Melursus ursinus,2,2,0,0,0,0,0,0,0,0,0,0,1,0,0,1,2,
Eisbär,Ursus maritimus,0,1,0,0,0,0,0,0,0,0,1,0,0,0,0,0,0,0
,Zalophus californianus,4,6,0,0,0,2,0,0,0,0,0,0,0,0,0,6,6,
Seehund,Phoca vitulina,2,5,0,2,1,0,0,0,0,1,2,0,0,0,0,3,4,0
,Aonyx cinereus,1,1,0,0,0,0,0,0,0,0,0,0,0,0,0,1,1,
Tayra,Eira barbata,1,1,0,0,0,0,0,0,0,0,0,0,0,0,0,1,1,0
,Aiurus fulgens,0,0,0,0,0,0,1,1,0,0,0,0,0,0,0,1,1,
Wickelbär,Potos flavus,4,2,0,0,2,0,0,0,0,0,0,0,1,0,0,3,4,0
,Nasua narica,1,1,0,0,0,0,0,0,0,0,0,0,0,0,0,1,1,
Unpaarhufer,Perissodactyla,m,w,u,m,w,u,m,w,u,m,w,u,m,w,u,m,w,u
,Equus asinus f. asinus,1,3,0,0,0,0,0,0,0,0,0,0,0,0,0,1,3,
Böhm-Zebra,Equus quagga boehmi,1,4,0,0,1,0,0,0,0,1,0,0,0,0,0,0,5,0
,Equus grevyi,0,2,0,0,0,0,1,1,0,0,0,0,0,0,0,1,3,
Przewalskipferd,Equus przewalskii,0,1,0,0,0,0,0,2,0,0,1,0,0,0,0,0,2,0
,Equus przewalskii f. caballus,3,1,0,0,0,0,0,0,0,0,0,0,0,0,0,3,1,
Flachlandtapir,Tapirus terrestris,1,1,0,0,0,0,0,1,0,0,1,0,0,0,0,1,1,0
,Diceros bicornis,0,2,0,0,0,0,0,0,0,0,0,0,0,0,0,0,2,
Panzernashorn,Rhinocerus unicornis,1,1,0,0,0,0,0,0,0,1,0,0,0,0,0,0,1,0
Paarhufer,Artiodactyla,m,w,u,m,w,u,m,w,u,m,w,u,m,w,u,m,w,u
Hirscheber,Babyrousa babyrussa,1,2,0,0,0,0,0,0,0,0,0,0,0,0,0,1,2,0
Sus b. barbatus,1,0,0,0,0,0,0,0,0,0,0,0,0,0,0,1,0,,
