WIRBELLOSE,INVERTEBRATA,Artenzahl,2019,geboren,Zugänge,gestorben,Abgabe,2020,Unnamed: 0,Unnamed: 1,Unnamed: 2,Unnamed: 3,Unnamed: 4,Unnamed: 5,Unnamed: 6,Unnamed: 7,Unnamed: 8,Unnamed: 9,Unnamed: 10,Unnamed: 11
,,,m,w,u,m,w,u,m,w,u,m,w,u,m,w,u,m,w,u
Tunicata,1.0,0,0,20,0,0,0,0,0,0,0,0,0,0,0,0,0,0,,
Echinodermata,27.0,0,0,191,0,0,0,0,0,31,0,0,33,0,0,0,0,0,,
Mollusca,19.0,−,−,329,−,−,−,−,−,−,−,−,−,−,−,−,0,0,,
Insecta,48.0,0,0,2914,−,−,−,−,−,−,−,−,−,−,−,−,0,0,,
Arachnida,22.0,0,0,113,0,0,0,0,0,6,0,0,34,0,0,0,0,0,,
Myriapoda,9.0,0,0,442,−,−,−,−,−,−,−,−,−,−,−,−,0,0,,
Crustacea,23.0,0,0,208,0,0,0,0,0,74,0,0,61,0,0,0,0,0,,
Annelida,1.0,0,0,54,0,0,0,0,0,0,0,0,50,0,0,0,0,0,,
Porifera,3.0,0,0,6,0,0,0,0,0,0,0,0,0,0,0,0,0,0,,
Cnidaria,105.0,0,0,7265,−,−,−,−,−,−,−,−,−,−,−,−,0,0,,
