SÄUGETIERE,MAMMALIA,2020,geboren,Zugänge,gestorben,Abgabe,2021,Unnamed: 0,Unnamed: 1,Unnamed: 2,Unnamed: 3,Unnamed: 4,Unnamed: 5,Unnamed: 6,Unnamed: 7,Unnamed: 8,Unnamed: 9,Unnamed: 10,Unnamed: 11
Nagetiere,Rodentia,m,w,u,m,w,u,m,w,u,m,w,u,m,w,u,m,w,u
Prevosts Schönhörnchen,Callosciurus prevostii rafflesii,1,0,0,0,0,0,0,0,0,0,0,0,0,0,0,1,0,0
,Callosciurus prevostiibangkanus,1,0,0,0,0,0,0,0,0,1,0,0,0,0,0,0,0,
Alpenmurmeltier,Marmota marmota,1,2,0,0,0,0,0,0,0,1,0,0,0,0,0,0,2,0
,Castor fiber,1,1,0,0,0,0,0,0,0,0,0,0,0,0,0,1,1,
Roborowski-Zwerghamster,Phodopus roborovskii,3,3,0,5,6,0,0,0,0,5,6,0,0,0,0,3,3,0
,Mus minutoides,4,8,0,2,4,0,0,0,0,2,4,0,0,0,0,4,8,
Blasse Wüstenspringmaus,Gerbillus perpallidus,4,10,0,3,6,0,0,0,0,3,6,0,0,0,0,4,10,0
,Hypogeomys antimena,0,1,0,0,0,0,1,0,0,0,0,0,0,0,0,1,1,
Springhase,Pedetes capensis,2,2,0,2,0,0,0,0,0,2,0,0,0,0,0,2,2,0
,Cryptomys anselli,8,3,11,2,1,0,0,0,0,1,1,0,0,0,0,15,8,
WestafrikanischerQuastenstachler,Atherurus africanus,2,1,0,0,0,0,0,0,0,1,0,0,0,0,0,1,1,0
,Hystrix africaeaustralis,1,2,0,0,0,0,0,0,0,0,0,0,0,0,0,1,2,
Hausmeerschweinchen,Cavia aperea f. percellus,0,0,15,0,0,10,0,0,5,0,0,15,0,0,0,0,0,15
,Dolichotis patagonum,3,0,0,0,0,0,0,0,0,0,0,0,0,0,0,3,0,
Schwarzrückenaguti,Dasyprocta prymnolopha,0,0,0,0,0,0,1,1,0,0,0,0,0,0,0,1,1,0
,Hydrochaeris hydrochaeris,1,1,0,2,5,0,0,0,0,0,0,0,0,3,0,3,3,
"Blaue Degu-Maus, Cururo",Spalacopus cyaneus,2,3,1,1,1,0,0,0,0,0,0,0,0,0,0,3,4,0
Hasenartige,Lagomorpha,m,w,u,m,w,u,m,w,u,m,w,u,m,w,u,m,w,u
Zwergkaninchen-Mix,Oryctolagus cuniculus f.domestica,1,5,0,0,0,0,0,0,0,0,1,0,0,0,0,1,4,0
Fledertiere,Chiroptera,m,w,u,m,w,u,m,w,u,m,w,u,m,w,u,m,w,u
Spitzmaus-Langzungen-fledermaus,Glossophaga soricina,19,21,0,0,5,0,0,0,0,0,3,0,0,0,0,19,23,0
Carollia perspicillata,58,42,0,0,1,0,0,0,0,5,9,0,15,10,0,38,24,,
