SÄUGETIERE,MAMMALIA,2018,geboren,Zugänge,gestorben,Abgabe,2019,Unnamed: 0,Unnamed: 1,Unnamed: 2,Unnamed: 3,Unnamed: 4,Unnamed: 5,Unnamed: 6,Unnamed: 7,Unnamed: 8,Unnamed: 9,Unnamed: 10,Unnamed: 11
Hasenartige,Lagomorpha,m,w,u,m,w,u,m,w,u,m,w,u,m,w,u,m,w,u
Grauer Wiener,Oryctolagus cuniculusf. domestica,0,1,0,0,0,0,0,0,0,0,1,0,0,0,0,0,0,0
,Oryctolagus cuniculusf. domestica,1,1,0,0,0,0,0,0,0,1,1,0,0,0,0,0,0,
Roter Neuseeländer,Oryctolagus cuniculusf. domestica,0,1,0,0,0,0,0,0,0,0,1,0,0,0,0,0,0,0
,Oryctolagus cuniculusf. domestica,1,5,0,1,2,0,0,0,0,1,5,0,0,0,0,1,2,
Fledertiere,Chiroptera,m,w,u,m,w,u,m,w,u,m,w,u,m,w,u,m,w,u
Gemeiner Vampir,Desmodus rotundus,1,4,0,0,0,0,0,0,0,0,1,0,0,0,0,1,3,0
,Glossophaga soricina,17,16,0,6,3,0,0,0,0,1,0,0,0,0,0,22,19,
Brillenblattnase,Carollia perspillicata,38,39,0,17,8,0,0,0,0,5,2,0,0,0,0,50,45,0
Raubtiere,Carnivora,m,w,u,m,w,u,m,w,u,m,w,u,m,w,u,m,w,u
Sandkatze,Felis margarita,0,1,0,0,0,0,0,0,0,0,0,0,0,0,0,0,1,0
,Leopardus pardalis,0,0,0,0,1,0,0,0,0,0,0,0,0,0,0,0,1,
Rostkatze,Prionailurus rubiginosus,1,1,0,0,0,0,0,0,0,1,0,0,0,0,0,0,1,0
,Panthera leo,0,2,0,0,0,0,0,0,0,0,0,0,0,1,0,0,1,
Persischer Leopard,Panthera pardus saxicolor,1,1,0,0,0,0,0,0,0,0,0,0,0,1,0,1,0,0
,Herpaillurus yaguaroundi,0,1,0,0,0,0,0,0,0,0,1,0,0,0,0,0,0,
Ringelschwanzmungo,Galidia elegans,2,4,1,1,0,0,0,0,0,0,0,0,1,1,0,3,3,0
,Mungotictis decemlineata,3,4,1,0,1,1,0,0,0,1,0,1,0,0,0,3,5,
Zwergmanguste,Helogale parvula,6,3,0,0,0,0,0,2,0,0,0,0,5,3,0,1,2,0
,Suricata suricatta,1,2,0,0,0,0,0,2,0,0,0,0,0,0,0,1,4,
Tundrawolf,Canis lupus hudsonicus,2,1,0,0,0,0,0,0,0,0,0,0,0,0,0,2,1,0
