SÄUGETIERE,MAMMALIA,2017,geboren,Zugänge,gestorben,Abgabe,2018,Unnamed: 0,Unnamed: 1,Unnamed: 2,Unnamed: 3,Unnamed: 4,Unnamed: 5,Unnamed: 6,Unnamed: 7,Unnamed: 8,Unnamed: 9,Unnamed: 10,Unnamed: 11
Rüsseltiere,Proboscidea,m,w,u,m,w,u,m,w,u,m,w,u,m,w,u,m,w,u
Asiatischer Elefant,Elephas maximus,1,6,0,0,0,0,0,0,0,0,0,0,0,0,0,1,6,0
,Loxodonta africana,2,3,0,0,0,0,0,0,0,0,0,0,2,0,0,0,3,
Unpaarhufer,Perissodactyla,m,w,u,m,w,u,m,w,u,m,w,u,m,w,u,m,w,u
Przewalskipferd,Equus przewalskii,2,5,0,1,1,0,0,0,0,0,0,0,0,0,0,3,6,0
,,0,2,0,0,0,0,0,0,0,0,0,0,0,0,0,0,2,
Shetlandpony,,1,3,0,0,0,0,0,0,0,0,0,0,0,0,0,1,3,0
,Equus hemionus kulan,1,8,0,0,0,0,0,0,0,0,0,0,0,2,0,1,6,
Östlicher Kiang,Equus kiang holdereri,2,9,0,0,0,0,0,0,0,0,1,0,0,0,0,2,8,0
,,1,1,0,0,0,0,1,2,0,1,1,0,0,0,0,1,2,
Zwergesel,,1,6,0,0,0,0,0,0,0,0,0,0,0,0,0,1,6,0
,Equus africanus somaliensis,3,8,0,0,0,0,0,0,0,0,0,0,2,0,0,1,8,
Chapman-Zebra,Equus burchellii chapmanni,1,4,0,0,1,0,0,0,0,0,0,0,0,1,0,1,4,0
,Equus grevyi,0,4,0,0,0,0,1,0,0,0,0,0,0,1,0,1,3,
Hartmann-Bergzebra,Equus zebra hartmannae,2,5,0,1,0,0,0,0,0,2,0,0,0,0,0,1,5,0
,Rhinoceros unicornis,1,1,0,1,0,0,0,0,0,0,0,0,0,0,0,2,1,
Paarhufer,Artiodactyla,m,w,u,m,w,u,m,w,u,m,w,u,m,w,u,m,w,u
Chaco-Pekari,Catagonus wagneri,10,7,0,4,6,6,0,0,0,4,5,4,4,1,0,6,7,2
,Potamochoerus porcus,3,0,0,0,0,0,0,0,0,0,0,0,0,0,0,0,0,
VietnamesischesHängebauchschwein,,4,18,0,3,0,28,0,0,0,3,0,16,0,0,0,4,18,12
,,1,2,0,0,0,0,0,0,0,0,0,0,0,0,0,1,2,
Trampeltier,,1,6,0,0,0,0,1,2,0,0,1,0,0,0,0,2,7,0
,,0,5,0,0,3,0,1,0,0,0,2,0,0,0,0,1,6,
Guanako,Lama guanicoe,1,8,0,4,0,0,0,0,0,0,1,0,0,1,0,5,6,0
,,1,9,0,0,0,0,0,0,0,0,1,0,0,0,0,1,8,
Alpaka,,1,4,0,0,0,0,0,0,0,0,0,0,0,0,0,1,4,0
,Vicugna vicugna,1,6,0,0,1,0,0,0,0,0,0,0,0,2,0,1,5,
Europäischer Elch,Alces alces alces,2,0,0,0,0,0,0,0,0,0,0,0,0,0,0,2,0,0
,Rangifer tarandus,1,4,0,0,0,0,0,0,0,1,0,0,0,0,0,0,4,
Bawean-Schweinshirsch,Axis kuhlii,1,3,0,0,0,0,0,0,0,0,0,0,0,0,0,1,3,0
,Axis porcinus,2,3,0,0,1,0,0,0,0,0,2,0,0,0,0,2,2,
Atlashirsch,Cervus elaphus barbarus,1,4,0,0,0,0,0,0,0,0,0,0,0,0,0,1,4,0
,Cervus elaphus manitobensis,1,6,0,2,0,0,0,0,0,1,2,0,0,0,0,2,4,
Altai-Maral,Cervus elaphus sibiricus,0,5,0,1,0,0,1,0,0,0,0,0,0,0,0,2,5,0
,Cervus elaphus nannodes,2,5,0,1,1,0,0,0,0,0,3,0,1,0,0,2,3,
Bucharahirsch,Cervus elaphus bactrianus,2,6,0,1,1,0,0,0,0,0,0,0,1,1,0,2,6,0
,Cervus nippon pseudaxis,4,5,0,2,1,0,0,1,0,1,0,0,3,0,0,2,7,
MesopotamischerDamhirsch,Dama dama mesopotamica,3,5,0,1,0,0,1,0,0,2,0,0,1,0,0,2,5,0
