PRÜFUNGSURTEILE,Unnamed: 0,für Kapitalgesellschaf ten geltenden han-
Wir haben den Jahresabschluss der Tierpark,,delsrechtlichen Vorschriften und vermittelt
Berlin-Friedrichsfelde Gesellschaft mit beschränk-,,unter Beachtung der deutschen Grundsätze
ter Haftung – bestehend aus der Bilanz zum 31.,,ordnungsmäßiger Buchführung ein den tat-
Dezember 2022 und der Gewinn- und Verlust-,,sächlichen Verhältnissen entsprechendes
rechnung für das Geschäftsjahr vom 1. Januar,,Bild der Vermögens- und Finanzlage der
2022 bis zum 31. Dezember 2022 sowie dem,,Gesellschaft zum 31. Dezember 2022 sowie
"Anhang, einschließlich der Darstellung der Bilan-",,ihrer Ertragslage für das Geschäftsjahr vom
zierungs- und Bewertungsmethoden – geprüft.,,1. Januar 2022 bis zum 31. Dezember 202 und
Darüber hinaus haben wir den Lagebericht der,,
Tierpark Berlin-Friedrichsfelde Gesellschaft mit,•,vermittelt der beigefügte Lagebericht insge-
beschränkter Haf tung für das Geschäf tsjahr,,samt ein zutreffendes Bild von der Lage der
vom 1. Januar 2022 bis zum 31. Dezember 2022,,Gesellschaft. In allen wesentlichen Belangen
geprüft. Die Berichterstattung der Geschäftsfüh-,,steht dieser Lagebericht in Einklang mit dem
rung und des Aufsichtsrats entsprechend dem,,"Jahresabschluss, entspricht den deutschen"
"Berliner Corporate Governance Kodex, die als",,gesetzlichen Vorschriften und stellt die Chan-
"Anlage zum Lagebericht beigefügt ist, haben",,cen und Risiken der zukünftigen Entwicklung
wir in Einklang mit den deutschen gesetzlichen,,zutreffend dar. Unser Prüfungsurteil zum La-
