VÖGEL AVES,Unnamed: 0,2015,Unnamed: 1,geboren,Zugänge,gestorben,Abgabe,Unnamed: 2,Unnamed: 3,2016,Unnamed: 4
Eigentliche Käuze,m,w,u,m w u,m w u,m w u,m w u,,m,w,u
Brillenkauz Pulsatrix perspicillata,1,3,0,0 0 0,0 0 0,0 0 0,0 0 0,,1,3,0
Ceylon Malaienkauz Strix leptogrammica,0,1,0,0 0 0,0 0 0,0 0 0,0 1 0,,0,0,0
Bartkauz Strix nebulosa,1,2,0,0 0 0,0 0 0,0 0 0,0 0 0,,1,2,0
Afrika-Waldkauz Strix woodfordii,1,2,0,0 0 0,0 0 0,1 1 0,0 1 0,,0,0,0
Nachtschwalben: Schwalme,m,w,u,m w u,m w u,m w u,m w u,,m,w,u
Eulenschwalm Podargus strigoides,0,1,0,0 0 0,0 0 0,0 0 0,0 0 0,,0,1,0
Mausvögel,m,w,u,m w u,m w u,m w u,m w u,,m,w,u
Braunflügel-Mausvogel Colius striatus kikujuensis,3,1,14,0 0 0,0 0 0,0 0 4,2 0 9,,1,1,1
Blaunacken-Mausvogel Urocolius macrourus,1,2,0,0 0 0,0 0 0,0 2 0,0 0 0,,1,0,0
Rackenvögel: Eigentliche Racken,m,w,u,m w u,m w u,m w u,m w u,,m,w,u
Strichelracke Coracias naevia,2,2,0,0 0 0,0 0 0,0 0 0,0 0 0,,2,2,0
Opalracke Coracias cyanogaster,2,2,0,2 1 1,0 0 0,0 0 1,1 1 0,,3,2,0
Eisvögel,m,w,u,m w u,m w u,m w u,m w u,,m,w,u
Blauflügel-Jägerliest Dacelo leachii,1,1,0,0 0 0,0 0 0,0 0 0,0 0 0,,1,1,0
Lachender Hans Dacelo novaeguineae,1,1,0,0 0 0,0 0 0,0 0 0,0 0 0,,1,1,0
Braunkopfliest Halcyon albiventris,1,1,0,0 0 0,0 0 0,0 0 0,0 0 0,,1,1,0
Spinte,m,w,u,m w u,m w u,m w u,m w u,,m,w,u
Weißstirnspint Merops bullockoides,0,0,0,0 0 0,1 2 0,0 0 0,0 0 0,,1,2,0
Scharlachspint Merops nubicus,2,1,0,0 0 0,0 0 0,2 0 0,0 0 0,,0,1,0
Wiedehopfe,,,,,,,,,,,
Wiedehopf Upupa epops,3,0,0,0 0 0,0 0 0,0 0 0,0 0 0,,3,0,0
Nashornvögel,m,w,u,m w u,m w u,m w u,m w u,,m,w,u
Von der Deckens Toko Tockus deckeni,2,0,0,0 0 0,0 0 0,0 0 0,0 0 0,,2,0,0
Orienthornvogel Anthracoceros albiirostris,1,1,0,0 0 0,0 0 0,0 0 0,0 0 0,,1,1,0
Silberwangen-Hornvogel Bycanistes brevis,1,1,0,0 0 0,0 0 0,0 0 0,0 0 0,,1,1,0
Nördl. Hornrabe Bucorvus abyssinicus,1,0,0,0 0 0,0 0 0,0 0 0,0 0 0,,1,0,0
Südl. Hornrabe Bucorvus leadbeateri,0,2,0,0 0 0,1 0 0,0 0 0,0 0 0,,1,2,0
Spechtvögel: Bartvögel,m,w,u,m w u,m w u,m w u,m w u,,m,w,u
Senegal-Furchen-,,,,,,,,,,,
0schnabel-BartvogelPogonornis dubius,3,1,0,0 0 0,0 1 0,0 0 0,0 0 0,,3,2,
Ohrfleck-Bartvogel Trachyphonus darnaudii,1,0,0,0 0 0,0 0 0,0 0 0,0 0 0,,1,0,0
Tukane,m,w,u,m w u,m w u,m w u,m w u,,m,w,u
Schwarzkehlarassari Pteroglossus aracari,1,1,0,0 0 0,0 0 0,0 0 0,0 0 0,,1,1,0
Halsbandarassari Pteroglossus torquatus,2,0,0,0 0 0,0 0 0,0 0 0,0 0 0,,2,0,0
Eigentliche Spechte,m,w,u,m w u,m w u,m w u,m w u,,m,w,u
Gelbnackenspecht Chrysophlegma flavinucha,1,0,0,0 0 0,0 0 0,0 0 0,0 0 0,,1,0,0
Sperlingsvögel: Schnurrvögel,m,w,u,m w u,m w u,m w u,m w u,,m,w,u
Gelbkopfpipra Pipra erythrocephala,0,0,0,0 0 0,2 2 0,0 0 0,0 0 0,,2,2,0
