SÄUGETIERE,MAMMALIA,2016,geboren,Zugänge,gestorben,Abgabe,2017,Unnamed: 0,Unnamed: 1,Unnamed: 2,Unnamed: 3,Unnamed: 4,Unnamed: 5,Unnamed: 6,Unnamed: 7,Unnamed: 8,Unnamed: 9,Unnamed: 10,Unnamed: 11
Paarhufer,Artiodactyla,m,w,u,m,w,u,m,w,u,m,w,u,m,w,u,m,w,u
Mittelchinesischer Goral,Naemorhedus griseusarnouxianus,2,6,0,0,3,0,0,0,0,0,2,0,1,1,0,1,6,0
,Pseudois nayaur,5,7,0,0,0,0,0,0,0,1,2,0,3,0,0,1,5,
Schneeziege,Oreamnos americanus,1,4,0,1,1,0,0,0,0,0,1,0,0,0,0,2,4,0
,Rupicapra rupicaprarupicapra,0,4,0,0,0,0,0,0,0,0,0,0,0,0,0,0,4,
TurkmenischeSchraubenziege,Capra falconeri heptneri,5,8,0,5,3,0,0,0,0,0,0,0,3,2,0,7,9,0
,Capra ibex ibex,9,4,0,0,0,1,0,0,0,1,0,1,1,0,0,7,4,
Indische Hängeohrziege,,3,6,0,0,2,0,0,0,0,0,3,0,0,0,0,3,5,0
,,1,3,0,0,0,0,0,0,0,0,0,0,1,3,0,0,0,
Girgentana-Ziege,,3,6,0,4,3,0,0,0,0,1,2,0,0,0,0,6,7,0
,,0,0,0,0,0,0,1,2,0,0,0,0,0,0,0,1,2,
Kamerun-Zwergziege,,0,9,0,0,0,0,0,0,0,0,0,0,0,0,0,0,9,0
,,1,3,0,0,0,0,0,0,0,0,2,0,0,0,0,1,1,
Kreishornschaf,Ovis ammon cycloceros,5,7,0,2,6,0,0,0,0,1,5,0,1,1,0,5,7,0
,Ovis ammon polii,3,1,0,1,0,0,0,0,0,0,0,0,0,0,0,4,1,
Mufflon,Ovis ammon musimon,3,4,0,0,0,0,0,0,0,1,1,0,0,0,0,2,3,0
,,0,2,0,0,0,0,0,0,0,0,0,0,0,2,0,0,0,
Zackelschaf,,1,6,0,3,3,0,0,0,0,1,1,0,2,2,0,1,6,0
,,2,6,0,0,0,0,0,0,0,0,0,0,1,2,0,1,4,
Hissar-Fettsteißschaf,,1,4,0,2,0,0,0,0,0,2,0,0,1,0,0,0,4,0
,,1,4,0,4,0,0,0,0,0,4,0,0,0,0,0,1,4,
Rotkopfschaf,,4,5,0,6,1,0,0,0,0,1,1,0,3,2,0,6,3,0
,,1,3,0,0,2,0,0,0,0,0,2,0,0,0,0,1,3,
Geschecktes Bergschaf,,2,7,0,1,2,0,0,0,0,0,0,0,1,2,0,2,7,0
