A.,EIGENKAPITAL in €,2022,2021,Unnamed: 0,Unnamed: 1
"I.Gezeichnetes Kapital409.100,00409.100,00",,,,,
,I.,ndere Gewinnrücklagen,"7.189.795,17","6.164.074,11",
"III.Jahresüberschuss1.260.490,581.025.721,06SUMME EIGENKAPITAL8.859.385,757.598.895,17",,,,,
,,,,,
B.,SONDERPOSTEN FÜR INVESTITIONSZUSCHÜSSE ZUM ANLAGEVERMÖGEN,"30.683.439,75","24.953.173,63",,
,,,,,
C.,RÜCKSTELLUNGEN,,,,
,"1.Rückstellungen für Pensionen und ähnliche Verpflichtungen127.121,00124.830,002.Steuerrückstellung72.923,66145.907,003.Sonstige Rückstellungen754.076,241.572.239,15SUMME RÜCKSTELLUNGEN954.120,901.842.976,15",,,,
,,,,,
D.,VERBINDLICHKEITEN,,,,
,"1.Erhaltene Anzahlungen189.624,35132.114,612.Verbindlichkeiten aus Lieferungen und Leistungen3.823.899,943.119.005,023.Verbindlichkeiten gegenüber verbundenen Unternehmen2.421.551,242.210.659,354.Sonstige Verbindlichkeiten7.096.326,891.293.520,81SUMME VERBINDLICHKEITEN13.531.402,426.755.299,79",,,,
,,,,,
E.,RECHNUNGSABGRENZUNGSPOSTEN,"702.160,00","802.527,00",,
,,,,,
SUMME PASSIVA,"54.730.508,82","41.952.871,74",,,
