SÄUGETIERE,MAMMALIA,Unnamed: 0,2015,geboren,Zugänge,gestorben,Abgabe,2016,Unnamed: 1,Unnamed: 2,Unnamed: 3,Unnamed: 4,Unnamed: 5,Unnamed: 6,Unnamed: 7,Unnamed: 8,Unnamed: 9,Unnamed: 10,Unnamed: 11
Nachtaffe,m,w,u,m,w,u,m,w,u,m,w,u,m,w,u,m,w,u,
Bolivien-Nachtaffe,Aotus azarae,3,3,0,0,1,0,0,0,0,0,0,0,0,1,0,3,3,0
Sakiaffen,m,w,u,m,w,u,m,w,u,m,w,u,m,w,u,m,w,u,
Roter Springaffe,Callicebus cupreus,2,2,0,0,0,1,0,0,0,0,0,0,0,0,0,2,2,1
Klammerschwanzaffen,m,w,u,m,w,u,m,w,u,m,w,u,m,w,u,m,w,u,
Schwarzer Brüllaffe,Alouatta caraya,0,1,0,0,0,0,0,0,0,0,0,0,0,0,0,0,1,0
,Ateles fusciceps,1,1,0,0,0,0,0,0,0,0,0,0,0,0,0,1,1,
Meerkatzenartige,m,w,u,m,w,u,m,w,u,m,w,u,m,w,u,m,w,u,
Eulenkopf-Meerkatze,Cercopithecus hamlyni,1,2,0,0,0,0,0,0,0,0,0,0,0,0,0,1,2,0
Bärenmakak,m,w,u,m,w,u,m,w,u,m,w,u,m,w,u,m,w,u,
Bärenmakaken,Macaca arctoides,2,7,0,0,0,0,0,0,0,0,1,0,0,0,0,2,6,0
,Macaca silenus,3,7,0,1,1,1,0,0,0,0,0,0,2,0,0,2,8,
Ceylon-Hutaffe,Macaca sinica,7,5,0,2,0,0,0,0,0,1,0,0,0,0,0,8,5,0
Pavianartige,,m,w,u,m,w,u,m,w,u,m,w,u,m,w,u,m,w,u
Mandrill,Mandrillus sphinx,3,3,0,0,0,0,0,0,0,0,1,0,0,0,0,3,2,0
,Papio hamadryas,14,21,3,0,0,8,0,0,0,1,2,6,0,0,0,14,19,
Schlankaffen,m,w,u,m,w,u,m,w,u,m,w,u,m,w,u,m,w,u,
Hulman,Semnopithecus entellus,2,4,0,0,1,0,0,0,0,1,0,0,0,0,0,1,5,0
,Trachypithecus auratus,1,3,0,0,0,0,0,0,0,0,0,0,0,0,0,1,3,
Gibbons,m,w,u,m,w,u,m,w,u,m,w,u,m,w,u,m,w,u,
Kappengibbon,Hylobates pileatus,1,0,0,0,0,0,0,0,0,0,0,0,0,0,0,1,0,0
,Symphalangus syndactylus,3,3,0,0,0,0,0,0,0,1,0,0,0,0,0,2,3,
Menschenaffen,m,w,u,m,w,u,m,w,u,m,w,u,m,w,u,m,w,u,
WestlicherFlachland-Gorilla,Gorilla gorilla,1,4,0,0,0,0,0,0,0,0,0,0,0,0,0,1,4,0
,Pan paniscus,3,5,0,0,0,0,0,0,0,0,0,0,2,2,0,1,3,
Schimpanse,Pan troglodytes,2,3,0,0,0,0,0,0,0,0,0,0,0,0,0,2,3,0
,Pongo pygmaeus,3,4,0,0,0,0,0,0,0,1,0,0,0,0,0,2,4,
Nagetiere: Hörnchen,m,w,u,m,w,u,m,w,u,m,w,u,m,w,u,m,w,u,
Prevosts Schönhörnchen,Callosciurus prevostii rafflesii,3,4,0,3,0,1,0,0,0,0,1,1,1,2,0,5,1,0
,Callosciurus prevostiibangkanus,1,0,0,0,0,0,0,0,0,0,0,0,0,0,0,1,0,
Echte Erdhörnchen,m,w,u,m,w,u,m,w,u,m,w,u,m,w,u,m,w,u,
Alpenmurmeltier,Marmota marmota,2,2,0,0,0,0,0,0,0,0,0,0,0,0,0,2,2,0
Marmota monax,1,1,0,0,0,0,0,0,0,0,0,0,0,0,0,1,1,,
