VÖGEL,AVES,2016,geboren,Zugänge,gestorben,Abgabe,2017,Unnamed: 0,Unnamed: 1,Unnamed: 2,Unnamed: 3,Unnamed: 4,Unnamed: 5,Unnamed: 6,Unnamed: 7,Unnamed: 8,Unnamed: 9,Unnamed: 10,Unnamed: 11
Laufvögel,Struthioniformes,m,w,u,m,w,u,m,w,u,m,w,u,m,w,u,m,w,u
SüdafrikanischerBlauhalsstrauß,Struthio camelus australis,1,1,0,0,0,0,0,0,0,0,0,0,0,0,0,1,1,0
,Rhea pennata,0,0,0,0,0,0,1,3,0,0,0,0,0,0,0,1,3,
Pinguine,Sphenisciformes,m,w,u,m,w,u,m,w,u,m,w,u,m,w,u,m,w,u
Brillenpinguin,Spheniscus demersus,9,5,0,0,0,0,0,0,0,0,0,0,0,0,0,9,5,0
,Spheniscus humboldti,16,17,0,0,0,0,0,0,0,0,4,0,0,0,0,16,13,
Ruderfüßer,Pelecaniformes,m,w,u,m,w,u,m,w,u,m,w,u,m,w,u,m,w,u
Brillenpelikan,Pelecanus conspicillatus,5,5,1,1,0,0,0,0,0,0,0,1,1,0,0,5,5,0
,Pelecanus crispus,4,6,0,0,0,0,0,0,0,0,0,0,0,0,0,4,6,
Nashornpelikan,Pelecanus erythrorhynchos,3,3,0,0,0,0,0,0,0,0,0,0,0,0,0,3,3,0
,Pelecanus onocrotalus,5,5,0,0,0,0,0,0,0,0,0,0,0,0,0,5,5,
Fleckschnabelpelikan,Pelecanus philippensis,2,2,0,0,0,0,0,0,0,0,0,0,0,0,0,2,2,0
,Pelecanus rufescens,7,4,0,2,0,2,0,0,0,1,0,1,1,0,0,7,4,
Chile-Pelikan,Pelecanus thagus,0,1,0,0,0,0,0,0,0,0,0,0,0,0,0,0,1,0
,Pelecanus occidentaliscarolinensis,2,3,0,0,0,0,0,0,0,0,1,0,0,0,0,2,2,
Kräuselscharbe,Phalacrocorax melanoleucos,3,5,0,0,0,0,1,1,0,2,1,0,0,0,0,2,5,0
,Sula bassana,1,1,0,0,0,0,0,0,0,0,0,0,1,1,0,0,0,
Schreitvögel,Ciconiiformes,m,w,u,m,w,u,m,w,u,m,w,u,m,w,u,m,w,u
Goliathreiher,Ardea goliath,2,1,0,0,0,0,0,0,0,0,1,0,0,0,0,2,0,0
,Ardeola grayii,4,0,0,0,0,0,0,0,0,2,0,0,0,0,0,2,0,
Prachtreiher,Ardeola speciosa,2,0,0,0,0,0,0,0,0,0,0,0,0,0,0,2,0,0
,Bubulcus ibis ibis,3,3,19,0,0,0,0,0,0,0,1,5,1,1,0,2,1,
Weißwangenreiher,Egretta novaehollandiae,3,2,0,0,0,0,0,0,0,0,0,0,0,0,0,3,2,0
,Nycticorax caledonicusmanillensis,3,4,0,1,0,0,0,0,0,0,1,0,1,1,0,3,2,
Hammerkopf /Schattenvogel,Scopus umbretta,1,1,0,0,0,0,0,0,0,0,0,0,0,0,0,1,1,0
,Ciconia abdimii,7,7,0,0,4,0,0,0,0,0,0,0,4,5,0,3,6,
Schwarzschnabelstorch,Ciconia boyciana,2,1,0,0,0,0,0,0,0,0,0,0,0,0,0,2,1,0
,Ciconia c. ciconia,4,3,0,0,0,0,0,0,0,0,0,0,2,1,0,2,2,
Sattelstorch,Ephippiorhynchussenegalensis,1,1,0,0,0,0,0,0,0,0,0,0,0,0,0,1,1,0
,Leptoptilos crumeniferus,1,1,0,0,0,0,0,0,0,0,0,0,0,0,0,1,1,
Afrikanischer Nimmersatt,Mycteria ibis,2,2,0,1,0,0,0,0,0,0,0,0,0,0,0,2,2,0
,Anastomus lamelligerus,2,2,0,0,2,1,1,0,0,0,1,1,0,0,0,3,3,
Waldrapp,Geronticus eremita,5,6,0,0,0,0,0,0,0,0,0,0,0,0,0,5,6,0
,Plegadis f. falcinellus,1,0,0,0,0,0,0,0,0,0,0,0,0,0,0,1,0,
Strohhalsibis,Carphibis spinicollis,8,5,0,1,1,1,0,0,0,0,0,1,0,0,0,9,6,0
,Threskiornis aethiopicus,3,3,0,0,0,0,0,0,0,0,0,0,0,0,0,3,3,
Hagedash,Hagedashia hagedash,2,2,0,0,0,0,0,1,0,0,1,0,0,0,0,2,2,0
