SÄUGETIERE,MAMMALIA,2017,geboren,Zugänge,gestorben,Abgabe,2018,Unnamed: 0,Unnamed: 1,Unnamed: 2,Unnamed: 3,Unnamed: 4,Unnamed: 5,Unnamed: 6,Unnamed: 7,Unnamed: 8,Unnamed: 9,Unnamed: 10,Unnamed: 11
,,,,,,,,,,,,,,,,,,,
,,,,,,,,,,,,,,,,,,,
Halsbandmaki,Eulemur collaris,1,1,0,0,1,0,0,0,0,0,0,0,0,0,0,1,2,0
,Eulemur macaco macaco,1,1,0,0,0,0,0,0,0,0,0,0,0,0,0,1,1,
Mongozmaki,Eulemur mongoz,1,1,0,0,0,0,0,0,0,0,0,0,0,0,0,1,1,0
,Eulemur rubriventer,1,3,0,1,0,0,0,0,0,0,0,0,0,0,0,1,3,
Blauaugenmaki,Eulemur flavifrons,0,0,0,0,0,0,1,1,0,0,0,0,0,0,0,1,1,0
,Lemur catta,1,2,0,1,1,0,0,0,0,0,1,0,1,0,0,1,2,
Roter Vari,Varecia variegata rubra,3,1,0,0,0,0,0,0,0,0,0,0,0,0,0,3,1,0
,Varecia variegata variegata,4,2,0,0,0,0,0,0,0,0,0,0,0,0,0,4,2,
Silberäffchen,Mico argentatus,1,4,0,2,0,0,0,0,0,0,0,0,0,0,0,3,4,0
,Saguinus imperatorsubgrisescens,1,2,0,0,0,0,0,0,0,0,0,0,1,2,0,0,0,
Rothandtamarin,Saguinus midas,2,0,0,0,0,0,0,0,0,0,0,0,0,0,0,2,0,0
,Cebus xanthosternos,4,2,0,0,0,0,0,0,0,0,0,0,0,0,0,4,2,
Weißkopfsaki,Pithecia pithecia,1,0,0,0,0,0,1,0,0,0,0,0,0,0,0,2,0,0
,Alouatta seniculus,3,2,0,1,0,0,0,0,0,0,1,0,0,0,0,4,1,
Rotscheitelmangabe,Cercocebus torquatustorquatus,2,3,0,0,0,0,0,0,0,0,0,0,0,0,0,2,3,0
,Cercopithecus diana,1,2,0,0,0,0,0,0,0,0,0,0,0,1,0,1,1,
Dschelada,Theropithecus gelada,7,10,0,0,0,1,0,0,0,0,1,0,0,0,0,7,9,1
,Macaca fuscata,9,8,0,0,0,0,0,0,0,0,0,0,9,8,0,0,0,
Schweinsaffe,Macaca nemestrinanemestrina,7,0,0,0,0,0,0,0,0,0,0,0,0,0,0,7,0,0
,Macaca sylvanus,6,7,0,0,0,0,0,0,0,0,0,0,0,0,0,6,7,
Weißhandgibbon,Hylobates lar,2,2,0,0,0,0,0,0,0,0,0,0,1,0,0,1,2,0
Nagetiere,Rodentia,m,w,u,m,w,u,m,w,u,m,w,u,m,w,u,m,w,u
Schwarzschwanz-Präriehund,Cynomys ludovicianus,0,0,14,0,0,0,9,4,0,1,0,2,0,0,0,0,0,24
,Tamiops macclellandi,1,0,0,0,0,0,0,0,0,0,0,0,0,0,0,1,0,
Chinesischer Zwerghamster,Cricetulus griseus,0,1,16,0,0,21,0,0,0,1,0,21,2,2,0,0,0,12
,Microtus guentheri,5,4,0,0,0,0,0,0,0,0,0,8,0,0,0,0,0,
Kreta-Stachelmaus,Acomys minous,0,3,8,0,0,1,0,0,0,0,0,4,0,0,0,0,3,5
,Arvicanthis neumanni,15,11,24,0,0,117,0,0,0,12,3,139,3,3,0,3,8,
Vielstreifen-Grasmaus,Lemniscomys barbarus,0,0,41,0,0,55,0,0,0,0,0,59,7,8,0,0,0,22
Hystrix leucura,2,3,0,0,0,0,0,0,0,0,1,0,1,0,0,1,2,,
