SÄUGETIERE,MAMMALIA,2016,geboren,Zugänge,gestorben,Abgabe,2017,Unnamed: 0,Unnamed: 1,Unnamed: 2,Unnamed: 3,Unnamed: 4,Unnamed: 5,Unnamed: 6,Unnamed: 7,Unnamed: 8,Unnamed: 9,Unnamed: 10,Unnamed: 11
Paarhufer,Artiodactyla,m,w,u,m,w,u,m,w,u,m,w,u,m,w,u,m,w,u
,,,,,,,,,,,,,,,,,,,
OstchinesischerSchopfhirsch,Elaphodus cephalophusmichianus,2,3,0,0,4,0,0,0,0,0,1,0,1,0,0,1,6,0
,Hydropotes inermis inermis,1,0,0,0,0,0,0,0,0,0,0,0,0,0,0,1,0,
Milu,Elaphurus davidianus,2,8,0,1,0,0,0,0,0,0,0,0,0,0,0,3,8,0
,Cervus albirostris,2,7,0,1,3,0,0,0,0,0,3,0,1,0,0,2,7,
Burma-Leierhirsch,Cervus eldii thamin,2,6,0,0,0,0,0,0,0,0,0,0,2,0,0,0,6,0
,Cervus timorensis,2,6,0,0,0,0,1,0,0,1,0,0,1,1,0,1,5,
HinterindischerPferdehirsch,Cervus unicolor malaccensis,3,5,0,0,1,0,0,0,0,0,0,0,2,1,0,1,5,0
,Giraffa camelopardalis,0,5,0,0,0,0,0,0,0,0,0,0,0,0,0,0,5,
Rothschild-Giraffe,Giraffa camelopardalisrothschildi,1,1,0,0,0,0,0,0,0,0,0,0,0,0,0,1,1,0
,Boselaphus tragocamelus,1,3,0,0,0,0,0,0,0,1,0,0,0,0,0,0,3,
Sibirisches Moschustier,Moschus moschiferusmoschiferus,1,1,0,0,0,0,0,0,0,0,0,0,0,0,0,1,1,0
,,1,2,0,2,0,0,0,0,0,0,0,0,1,0,0,2,2,
SchottischesHochlandrind,,0,2,0,0,0,0,0,0,0,0,0,0,0,0,0,0,2,0
,,1,2,0,0,1,0,0,0,0,0,1,0,0,0,0,1,2,
Watussi,,1,2,0,1,1,0,0,0,0,1,0,0,1,3,0,0,0,0
,,5,4,0,0,3,0,0,1,0,0,0,0,3,1,0,2,7,
Zwergzebu,,1,3,0,1,1,0,0,0,0,0,1,0,0,0,0,2,3,0
,,3,2,0,0,0,0,0,0,0,0,0,0,0,0,0,3,2,
Kerabau,,1,3,0,0,0,0,0,0,0,0,0,0,0,0,0,1,3,0
,,2,6,0,2,1,0,0,0,0,1,0,0,0,0,0,3,7,
Kaffernbüffel,Syncerus caffer caffer,1,5,0,0,0,0,0,0,0,0,0,0,0,0,0,1,5,0
,Syncerus caffer nanus,4,8,0,0,0,0,0,0,0,0,0,0,2,0,0,2,8,
Waldbison,Bison bison athabascae,2,6,0,1,0,0,0,0,0,0,0,0,1,0,0,2,6,0
,Bison bonasus,2,5,0,0,0,0,0,2,0,1,0,0,0,0,0,1,7,
Ellipsenwasserbock,Kobus ellipsiprymnusellipsiprymnus,3,5,0,3,0,0,0,0,0,2,1,0,0,0,0,4,4,0
,Redunca fulvorufulafulvorufula,3,4,0,1,0,0,1,0,0,2,1,0,1,1,0,2,2,
Arabische Oryx,Oryx leucoryx,1,3,0,0,1,0,0,0,0,0,0,0,0,0,0,1,4,0
,Addax nasomaculatus,1,6,0,1,0,0,0,0,0,0,2,0,0,0,0,2,4,
Mhorr-Gazelle,Gazella dama mhorr,4,9,0,0,0,0,1,0,0,0,0,0,4,0,0,1,9,0
,Litocranius walleri walleri,1,1,0,0,1,0,0,0,0,0,0,0,0,0,0,1,2,
Mishmi-Takin,Budorcas taxicolor taxicolor,4,11,0,0,0,0,1,0,0,0,2,0,2,2,0,3,7,0
,Budorcas taxicolor bedfordi,3,4,0,0,0,0,2,2,0,0,0,0,0,1,0,5,5,
Sichuan-Takin,Budorcas taxicolor tibetana,3,2,0,0,2,0,0,0,0,0,0,0,0,0,0,3,4,0
Ovibos moschatusmoschatus,1,8,0,0,0,0,1,0,0,0,0,0,1,2,0,1,6,,
