VÖGEL,AVES,2019,geboren,Zugänge,gestorben,Abgabe,2020,Unnamed: 0,Unnamed: 1,Unnamed: 2,Unnamed: 3,Unnamed: 4,Unnamed: 5,Unnamed: 6,Unnamed: 7,Unnamed: 8,Unnamed: 9,Unnamed: 10,Unnamed: 11
Papageien,Psittaciformes,m,w,u,m,w,u,m,w,u,m,w,u,m,w,u,m,w,u
,Eclectus roratus roratus,3,2,0,0,0,0,0,0,0,0,0,0,0,0,0,3,2,
,Psittacula derbiana,0,1,0,0,0,0,0,0,0,0,0,0,0,0,0,0,1,
,Agapornisscheri,1,1,0,0,0,0,0,0,0,0,0,0,0,0,0,1,1,
,Agapornis roseicollis,0,0,43,0,0,0,0,0,1,0,0,3,0,0,0,0,0,
,Amazona collaria,2,2,0,0,0,0,0,0,0,1,0,0,0,0,0,1,2,
,Amazona d. dufresniana,0,1,0,0,0,0,0,0,0,0,0,0,0,0,0,0,1,
,Amazona farinosa,1,0,0,0,0,0,0,0,0,0,0,0,0,0,0,1,0,
,Amazona festiva bodini,1,1,0,0,0,0,0,0,0,0,0,0,0,0,0,1,1,
,Coracopsis nigra libs,1,1,0,0,0,0,0,0,0,0,0,0,0,0,0,1,1,
,Psittacus e. erithacus,3,4,0,0,0,0,0,0,0,0,0,0,0,0,0,3,4,
,Anodorhynchushyacinthinus,4,3,0,0,0,0,0,1,0,0,0,0,1,0,0,3,4,
,Ara ambigua,1,2,0,1,0,0,0,0,0,0,0,0,0,0,0,2,2,
,Ara ararauna,1,1,0,0,0,0,0,0,0,0,0,0,1,1,0,0,0,
,Ara chloroptera,1,0,0,0,0,0,0,0,0,0,0,0,0,0,0,1,0,
,Ara glaucogularis,2,1,0,0,0,0,2,0,1,0,0,1,0,0,0,4,1,
,Ara macao,1,0,0,0,0,0,0,0,0,0,0,0,0,0,0,1,0,
,Ara rubrogenys,1,1,0,0,0,0,0,0,0,0,0,0,0,0,0,1,1,
,Aratinga jandaya,4,5,0,0,0,0,4,1,0,2,2,0,0,0,0,6,4,
,Caynoliseus patagonus,6,7,0,0,0,0,0,0,0,0,0,0,0,0,0,6,7,
,Loriculus galgulus,0,0,0,4,0,0,0,0,0,2,0,0,0,0,0,2,0,
,Nymphicus hollandicus,0,0,30,0,0,0,0,0,4,0,0,2,0,0,0,0,0,
,Melopsittacus undulatus,0,0,39,0,0,0,0,0,50,0,0,21,0,0,10,0,0,
Eulen,Strigiformes,m,w,u,m,w,u,m,w,u,m,w,u,m,w,u,m,w,u
Phodilus badius,4,2,0,0,0,0,1,1,0,0,0,0,2,0,0,3,3,,
Athene noctua,1,0,0,0,0,0,0,0,0,0,0,0,0,0,0,1,0,,
Bubo a. africanus,1,0,0,0,0,0,0,0,0,0,0,0,0,0,0,1,0,,
Bubo bubo bubo,0,1,0,0,0,0,0,0,0,0,0,0,0,0,0,0,1,,
Bubo b. omissus,1,1,0,0,0,0,0,0,0,0,0,0,0,0,0,1,1,,
Bubo b. sibiricus,1,1,0,0,0,0,0,0,0,0,0,0,0,0,0,1,1,,
Bubo capensis mackinderi,1,1,0,0,0,0,0,0,0,0,0,0,0,0,0,1,1,,
Bubo lacteus,1,1,0,0,0,0,1,0,0,0,0,0,1,0,0,1,1,,
Bubo nipalensis blighi,1,1,0,0,0,0,0,0,0,0,0,0,0,0,0,1,1,,
Bubo sumatranus,0,1,0,0,0,0,0,0,0,0,0,0,0,0,0,0,1,,
Bubo virginianus,1,1,0,0,0,0,0,0,0,0,0,0,0,0,0,1,1,,
Nyctea scandiaca,1,1,0,0,0,0,0,0,0,0,0,0,1,1,0,0,0,,
Otus megalotis,1,0,0,0,1,0,0,0,0,0,0,0,0,0,0,1,1,,
Otus kennicotti,1,1,0,0,0,0,0,3,0,0,0,0,0,0,0,1,4,,
Ptilopsis granti,1,1,0,0,0,0,0,0,0,0,1,0,0,0,0,1,0,,
