Interesses an der Entwicklung des Tierpark Berlin geführt.,"insgesamt rd. 503,8 T€ und sind damit gegenüber dem Vorjahr",Unnamed: 0
,"deutlich zurückgegangen (Vj.: 678,8 T€). Ursächlich hierfür sind",
Durch die deutliche Steigerung der Besucherzahlen und,einmalige Erträge aus der Auflösung von Rückstellungen im,
unterstützt durch die Eintrittspreisanpassungen konnten die,"Vorjahr, die im Berichtsjahr nicht mehr angefallen sind.",
Umsatzerlöse aus Eintritten im Vergleich zum Vorjahr um gut,,
"0,9 Mio. € gesteigert werden. Das entspricht einer Erhöhung",Der Tierpark Berlin-Friedrichsfelde GmbH sind im Berichtsjahr,
um rd. 16 %.,"2016 insgesamt rd. 1,009 Mio. € aus Spenden und Zuwendun-",LAGEBERICHT
,"gen zugeflossen (Vj.: 0,966 Mio. €). Damit sind diese Erträge im",
Das Geschäftsjahr war darüber hinaus geprägt durch den im,Vergleich zum Vorjahr leicht gestiegen. Unter anderem hat die,
Hinblick auf die zukünftige Entwicklung dringend notwendi-,Gesellschaft eine zweckgebundene Spende der Gemeinschaft,
