KNOCHENFISCHE,OSTEICHTHYES,Artenzahl,2020,geboren,Zugänge,gestorben,Abgabe,2021,Unnamed: 0,Unnamed: 1,Unnamed: 2,Unnamed: 3,Unnamed: 4,Unnamed: 5,Unnamed: 6,Unnamed: 7,Unnamed: 8,Unnamed: 9,Unnamed: 10,Unnamed: 11
,,,m,w,u,m,w,u,m,w,u,m,w,u,m,w,u,m,w,u
Armflosser,Lophiiformes,0.0,0,0,0,0,0,0,0,0,0,0,0,0,0,0,0,0,0,0
,Gadiformes,2.0,0,0,4,0,0,0,0,0,0,0,0,0,0,0,0,0,0,
Ährenfischartige,Atheriniformes,4.0,0,0,241,0,0,0,0,0,0,0,0,54,0,0,0,0,0,187
,Cyprinidontiformes,11.0,0,0,314,0,0,111,0,0,75,0,0,165,0,0,0,0,0,
Schleimkopfartige,Beryciformes,3.0,0,0,28,0,0,0,0,0,0,0,0,2,0,0,0,0,0,26
,Sygnathiformes,6.0,0,0,74,0,0,24,0,0,25,0,0,21,0,0,8,0,0,
Stachelaalartige,Synbranchiformes,0.0,0,0,0,0,0,0,0,0,0,0,0,0,0,0,0,0,0,0
,Scorpaeniformes,8.0,0,0,49,0,0,0,0,0,2,0,0,29,0,0,0,0,0,
Labyrinthfische,Anabantiformes,2.0,0,0,42,0,0,0,0,0,0,0,0,33,0,0,0,0,0,9
,Perciformes,126.0,0,0,1409,0,0,10,0,0,255,0,0,271,0,0,1,0,0,
Plattfische,Pleuronectiformes,4.0,0,0,13,0,0,0,0,0,16,0,0,5,0,0,0,0,0,24
Tetradontiformes,6,0.0,0,30,0,0,0,0,0,0,0,0,21,0,0,0,0,0,,
Lungenfischartige,Lepidosireniformes,3.0,0,0,5,0,0,0,0,0,0,0,0,0,0,0,0,0,0,5
