PASSIVA,2021,2020,Unnamed: 0
A.,EIGENKAPITAL,in €,in €
I.Gezeichnetes Kapital,,,
1.Grundkapital,"1.716.000,00","1.716.000,00",
2.Nennbetrag eigener Anteile,"-1.196,00","-1.196,00",
Summe Gezeichnetes Kapital,"1.714.804,00","1.714.804,00",
,"62.659,07",,
III.Gewinnrücklagen,,,
1.Gesetzliche Rücklage,"139.989,53","139.989,53",
2.Rücklagen für eigene Anteile,"1.196,00","1.196,00",
3.Andere Gewinnrücklagen,"63.540.926,01","63.540.926,01",
Summe Gewinnrücklagen,"63.682.111,54","63.682.111,54",
"10.623.633,78",,,
Summe Eigenkapital,"76.083.208,39","61.358.722,63",
