SÄUGETIERE,MAMMALIA,2019,geboren,Zugänge,gestorben,Abgabe,2020,Unnamed: 0,Unnamed: 1,Unnamed: 2,Unnamed: 3,Unnamed: 4,Unnamed: 5,Unnamed: 6,Unnamed: 7,Unnamed: 8,Unnamed: 9,Unnamed: 10,Unnamed: 11
Raubtiere,Carnivora,m,w,u,m,w,u,m,w,u,m,w,u,m,w,u,m,w,u
,Felis margarita,0,1,0,0,0,0,0,0,0,0,1,0,0,0,0,0,0,
,Leopardus pardalis,0,1,0,0,0,0,0,0,0,0,0,0,0,0,0,0,1,
,Prionailurus rubiginosus,0,1,0,0,0,0,0,0,0,0,0,0,0,0,0,0,1,
,Panthera leo,0,1,0,0,0,0,1,2,0,0,0,0,0,0,0,1,3,
,Panthera pardus saxicolor,1,0,0,0,0,0,0,0,0,0,0,0,0,0,0,1,0,
,Panthera tigris altaica,0,0,0,0,0,0,1,1,0,0,1,0,0,0,0,1,0,
,Galidia elegans,3,3,0,0,0,1,1,0,0,0,0,1,0,0,0,4,3,
,Mungotictis decemlineata,3,5,0,0,1,2,0,1,0,0,1,1,1,1,0,2,5,
,Helogale parvula,1,2,0,0,0,0,0,0,0,0,1,0,0,0,0,1,1,
,Suricata suricatta,1,4,0,7,3,0,0,0,0,1,0,0,0,2,0,7,5,
,Canis lupus hudsonicus,2,1,0,0,0,0,0,0,0,1,0,0,0,0,0,1,1,
,Lycaon pictus,5,2,0,0,0,0,0,0,0,0,0,0,0,0,0,5,2,
,Vulpes zerda,1,0,0,0,0,0,0,1,0,0,0,0,0,0,0,1,1,
,Ailuropoda melanoleuca,3,1,0,0,0,0,0,0,0,0,0,0,0,0,0,3,1,
,Melursus ursinus,2,2,0,0,0,0,0,0,0,0,0,0,0,0,0,2,2,
,Ursus maritimus,0,1,0,0,0,0,0,0,0,0,0,0,0,0,0,0,1,
,Ursus thibetanus,1,0,0,0,0,0,0,0,0,1,0,0,0,0,0,0,0,
,Arctocephalus pusillus,0,1,0,0,0,0,0,0,0,0,1,0,0,0,0,0,0,
,Zalophus californianus,3,7,0,1,0,0,0,0,0,0,0,0,0,1,0,4,6,
,Phoca vitulina,4,4,0,1,2,0,0,0,0,0,1,0,3,0,0,2,5,
,Aonyx cinereus,1,1,0,0,0,0,0,0,0,0,0,0,0,0,0,1,1,
,Eira barbata,1,1,0,0,0,0,0,0,0,0,0,0,0,0,0,1,1,
,Potosavus,3,2,0,1,0,0,0,0,0,0,0,0,0,0,0,4,2,
,Nasua narica,1,1,0,0,0,0,0,0,0,0,0,0,0,0,0,1,1,
Unpaarhufer,Perissodactyla,m,w,u,m,w,u,m,w,u,m,w,u,m,w,u,m,w,u
,Equus asinus f. asinus,1,3,0,0,0,0,0,0,0,0,0,0,0,0,0,1,3,
,Equus quagga boehmi,1,5,0,0,0,0,0,0,0,0,0,0,0,1,0,1,4,
,Equus grevyi,0,3,0,0,0,0,0,0,0,0,0,0,0,1,0,0,2,
,Equus przewalskii,0,1,0,0,0,0,0,0,0,0,0,0,0,0,0,0,1,
,Equus przewalskii f. caballus,3,1,0,0,0,0,0,0,0,0,0,0,0,0,0,3,1,
,Tapirus bairdii,1,0,0,0,0,0,0,0,0,0,0,0,1,0,0,0,0,
,Tapirus terrestris,1,1,0,0,0,0,0,0,0,0,0,0,0,0,0,1,1,
,Diceros bicornis,0,3,0,0,0,0,0,0,0,0,1,0,0,0,0,0,2,
,Rhinocerus unicornis,1,1,0,0,0,0,0,0,0,0,0,0,0,0,0,1,1,
Paarhufer,Artiodactyla,m,w,u,m,w,u,m,w,u,m,w,u,m,w,u,m,w,u
Babyrousa babyrussa,1,2,0,0,0,0,0,1,0,0,0,0,0,1,0,1,2,,
Sus b. barbatus,1,0,0,0,0,0,0,0,0,0,0,0,0,0,0,1,0,,
Sus cebifrons medinus,1,1,0,0,0,0,0,0,0,0,0,0,0,0,0,1,1,,
