grund noch nicht vollständig geklärter Vorfälle im Geschäfts-,III. AUFSICHTSRAT
jahr 2013 für die Jahre 2013 und 2014 noch keine Entlastung,III.1 UND 2
erteilt. Die Geschäftsführung hat ausschließlich im Interesse,Der Aufsichtsrat hat seine Aufgaben nach dem Gesellschafts-
des Unternehmens und dessen nachhaltiger Wertsteigerung,vertrag und der Geschäftsordnung für den Aufsichtsrat
gearbeitet; das Unternehmen benachteiligende Tätigkeiten,wahrgenommen. Er wurde in Entscheidungen von grundle-
wurden nicht ausgeübt. Für die Einhaltung der gesetzlichen,gender Bedeutung für das Unternehmen einbezogen und
Bestimmungen wurde von der Geschäftsführung Sorge ge-,sah keinen ergänzenden Regelungsbedarf. Er hat über die im
tragen. Die Geschäftsführung verfügt über Instrumente zum,Gesellschaftsvertrag und in der Geschäftsordnung festgeleg-
"Risikomanagement und Risikocontrolling, die ständig weiter-",ten Geschäfte hinaus keine weiteren an seine Zustimmung
entwickelt werden. So erfolgt ein regelmäßiges Reporting an,gebunden. Sitzungsfrequenzen und Zeitbudgets entsprechen
"den Aufsichtsrat, welches die wichtigsten Kennzahlen sowie",den Erfordernissen des Unternehmens.
einen Soll-Ist-Vergleich und einen Vergleich mit dem Vorjahr,
