GEWINN- UND VERLUSTRECHNUNG,2020,2019,Unnamed: 0
,,in €,in €
Erträge aus Zuschüssen des Landes Berlin,"7.318.600,15","6.706.562,11",
,Erträge aus Investitionszuschüssen des Landes Berlin,"6.962.812,19","7.653.956,69"
,Zuführung zum Sonderposten für Investitionszuschüsse,"-6.962.812,19","-7.653.956,69"
,Erträge aus der Aufl ösung des Sonderpostensfür Investitionszuschüsse,"304.451,05","50.499,36"
,Spenden und Zuwendungen,"1.394.600,53","1.574.835,27"
,Umsatzerlöse,"9.825.270,26","12.078.797,30"
,Sonstige betriebliche Erträge,"509.966,76","394.938,88"
,Gesamtleistung,"19.352.888,75","20.805.632,92"
,Materialaufwand,"-3.149.119,72","-3.096.178,58"
,"a) Roh-, Hilfs-, Betriebsstoff e und bezogene Waren","-1.291.873,44","-1.398.119,45"
,"b) Bezogene Leistungen- davon aus verbundenen Unternehmen € 704.117,17 (Vorjahr: € 548.714,86)","-1.857.246,28","-1.698.059,13"
,Mittelverwendung,"-49.499,69","-161.062,35"
,Personalaufwand,"-9.345.557,08","-9.537.274,22"
,a) Löhne und Gehälter,"-7.644.769,51","-7.866.012,12"
,"b) Soziale Abgaben und Aufwendungen für Altersversorgungund für Unterstützung- davon für Altersversorgung: € 28.358,68 (Vorjahr: € 43.411,72)","-1.700.787,57","-1.671.262,10"
,Abschreibungen auf immaterielle Vermögensgegenständeund Sachanlagen,"-823.700,04","-522.908,68"
,Sonstige betriebliche Aufwendungen,"-4.660.889,15","-6.020.637,66"
,Erträge aus anderen Wertpapieren des Finanzanlagevermögens,"30,10","27,50"
,Sonstige Zinsen und ähnliche Erträge,"506,00","0,00"
,"Zinsen und ähnliche Aufwendungen- davon Aufwendungen aus Aufzinsungen € 19.313,09 (Vorjahr: € 21.181,00)- davon aus verbundenen Unternehmen € 8.778,00 (Vorjahr: € 8.778,00)","-28.091,09","-29.959,00"
,Steuern vom Einkommen und vom Ertrag,"-130.427,25","-81.853,49"
,Ergebnis nach Steuern,"1.166.140,83","1.355.786,44"
,Sonstige Steuern,"-21.861,66","-22.148,17"
20.,Jahresüberschuss,"1.144.279,17","1.333.638,27"
