"Im Berichtsjahr konnte eine Masterarbeit (Melina Kurzawe,",Prof. Michael Brecht von der Humboldt-Universität Berlin
Goethe-Universität Frankfurt) zum Schlafverhalten von,führte im Berichtsjahr eine Studie zu haptischen Verhaltens-
afrikanischen Nashörnern abgeschlossen werden. Das Sam-,weisen bei Elefanten im Zoo Berlin durch. Die Ergebnisse
meln des Videomaterials hatte im Zeitraum vom 6. März 2020,"können z. B. dazu genutzt werden, um das Enrichment-"
bis zum 26. Mai 2020 stattgefunden. In diesem Zeitraum,Angebot für Elefanten in menschlicher Obhut weiterzu-
wurden Daten des Spitzmaulnashorns „Maburi“ samt ihrem,entwickeln.
weiblichen Nachwuchs „Maisha“ aufgezeichnet. Zudem,
konnte in dieser Studie auch Material des zum Zeitpunkt,Die genetische Diversifikation von Schuppenkriechtieren
der Datenerhebung weltweit ältesten Spitzmaulnashorns,in Kolumbien ist Thema der Dissertation von Juan Pablo
gesammelt werden. Das Weibchen „Kilaguli“ starb kurz,Hurtado Gómez von der Universität Dresden. Das Aquarium
nach der Datenaufnahme im Alter von stolzen 46 Jahren.,unterstützte das Vorhaben im Berichtsjahr mit Hautproben
,"von Leguanen der Familie Corytophanidae, welche als Ver-"
Unterstützt wurde eine noch nicht abgeschlossene Studie,gleichsproben für diese genetische Studie dienen sollen.
zur Verträglichkeit von Okapi-Paaren (João Pedro Gomes,
"Meireles, Universität Utrecht). Hierfür wurden die Auf-",
zeichnungen über Erinnerungen an 13 verschiedene Part-,
"nerzusammenstellungen, die im Zeitraum von 1989–2021",
"im Berliner Zoo gehalten wurden, ausgewertet. Weiter-",
hin wurden Daten zum Aufwachsen und zur Sozialisation,
der vier Nachzuchten (geboren 2006–2013) aufgearbeitet,
und dem vom EEP geförderten Wissenschaftler zur Ver-,
fügung gestellt.,
Paula Levold und Conn Heijungs von der Universität Leipzig,
stellten im Rahmen ihrer Bachelorarbeit Beobachtungen bei,
verschiedenen Primatenspezies im Zoo und Tierpark Berlin,
"an, um olfaktorische Verhaltensmuster zu detektieren, und",
"letztendlich zu verifizieren, ob es Unterschiede im Riech-",
verhalten zwischen Schmalnasenaffen und Breitnasenaffen,
gibt. Die Dissertation von Jonas Torfs von der Universität,
Antwerpen wurde durch das Sammeln von Kotproben der,
Bonobo-Gruppe unterstützt. Beim Menschen hat sich ge-,
"zeigt, dass das Darmmikrobiom eine entscheidende Rolle bei",
der Regulierung der physischen und mentalen Gesundheit,
spielt. Man spricht hier von einer Darm-Hirn-Achse. Da der,
"Bonobo der nächste Verwandte des Menschen ist, soll im",
Rahmen dieser Dissertation der Einfluss des Darmmikro-,
