SÄUGETIERE,MAMMALIA,2018,geboren,Zugänge,gestorben,Abgabe,2019,Unnamed: 0,Unnamed: 1,Unnamed: 2,Unnamed: 3,Unnamed: 4,Unnamed: 5,Unnamed: 6,Unnamed: 7,Unnamed: 8,Unnamed: 9,Unnamed: 10,Unnamed: 11
,,,,,,,,,,,,,,,,,,,
,,,,,,,,,,,,,,,,,,,
Halsbandmaki,Eulemur collaris,1,2,0,0,0,0,1,0,0,1,0,0,0,1,0,1,1,0
,Eulemur macaco macaco,1,1,0,0,0,0,0,0,0,0,0,0,0,0,0,1,1,
Mongozmaki,Eulemur mongoz,1,1,0,0,0,0,1,1,0,0,0,0,0,0,0,2,2,0
,Eulemur rubriventer,2,3,0,1,0,0,0,0,0,0,0,0,0,0,0,3,3,
Blauaugenmaki,Eulemur flavifrons,2,1,0,0,0,0,0,0,0,2,1,0,0,0,0,0,0,0
,Lemur catta,1,2,0,1,0,1,0,0,0,0,0,1,0,0,0,2,2,
Roter Vari,Varecia variegata rubra,3,1,0,0,0,0,0,0,0,0,0,0,0,0,0,3,1,0
,Varecia variegata variegata,4,2,0,0,0,0,0,1,0,0,0,0,0,2,0,4,1,
Silberäffchen,Mico argentatus,3,4,0,2,1,2,0,0,0,1,0,0,2,2,0,2,3,2
,Saguinus midas,2,0,0,0,0,0,0,0,0,0,0,0,0,0,0,2,0,
Gelbbrustkapuziner,Cebus xanthosternos,4,2,0,0,0,0,0,0,0,0,0,0,0,0,0,4,2,0
,Pithecia pithecia,2,0,0,0,0,0,1,0,0,0,0,0,0,0,0,2,0,
Roter Brüllaffe,Alouatta seniculus,4,1,0,0,0,1,0,0,0,0,0,0,0,0,0,4,1,1
,Cercocebus torquatustorquatus,2,3,0,0,1,0,0,0,0,0,0,0,2,4,0,0,0,
Dianameerkatze,Cercopithecus diana,1,1,0,0,0,0,0,0,0,0,0,0,0,0,0,1,1,0
,Theropithecus gelada,7,10,0,1,0,1,0,0,0,1,2,1,1,0,0,6,8,
Schweinsaffe,Macaca nemestrinanemestrina,7,0,0,0,0,0,0,0,0,0,0,0,1,0,0,6,0,0
,Macaca sylvanus,6,7,0,1,1,0,0,0,0,1,0,0,0,0,0,6,8,
Weißhandgibbon,Hylobates lar,1,2,0,0,0,0,0,0,0,0,0,0,0,0,0,1,2,0
Nagetiere,Rodentia,m,w,u,m,w,u,m,w,u,m,w,u,m,w,u,m,w,u
Schwarzschwanz-Präriehund,Cynomys ludovicianus,0,0,24,0,0,16,0,0,0,0,0,2,0,0,0,0,0,38
,Tamiops macclellandi,1,0,0,0,0,0,0,0,0,0,0,0,0,0,0,1,0,
Chinesischer Zwerghamster,Cricetulus griseus,0,0,12,0,0,69,0,0,0,0,1,24,0,0,8,0,0,48
,Microtus guentheri,0,0,1,0,0,0,0,0,0,0,0,1,0,0,0,0,0,
Kreta-Stachelmaus,Acomys minous,0,3,5,0,0,1,0,0,0,0,1,0,0,0,0,0,2,6
,Arvicanthis neumanni,0,0,2,0,0,65,0,0,0,0,2,25,3,0,0,0,1,
Vielstreifen-Grasmaus,Lemniscomys barbarus,0,0,23,0,0,55,3,2,0,0,0,9,4,7,13,3,2,40
,Hystrix leucura,1,2,0,0,0,0,0,0,0,0,0,0,0,0,0,1,2,
Baumstachler,Erethizon dorsatum,1,1,0,1,0,0,0,0,0,1,0,0,0,0,0,1,1,0
Cavia aperea,0,0,17,0,0,0,0,0,0,0,0,12,0,0,0,0,0,,
