C.,VERBINDLICHKEITEN,Unnamed: 0,Unnamed: 1
,1.Erhaltene Anzahlungen,"58.420,60","59.493,20"
,"2.Verbindlichkeiten aus Lieferungen und Leistungen- davon mit einer Restlaufzeit bis zu einem Jahr: € 780.622,47 (Vj.: T€ 628,3)","811.654,19","631.041,22"
,"3.Sonstige Verbindlichkeiten, davon- aus Steuern: € 71.950,22 (Vj.: T€ 64,6)- im Rahmen der sozialen Sicherheit: € 1.112,95 (Vj.: T€ 6,2)- gegenüber Gesellschafterin: € 19.065,49 (Vj.: T€ 61,8)- mit einer Restlaufzeit bis zu einem Jahr: € 886.732,45 (Vj.: T€ 847)","887.622,82","848.582,65"
Su,me Verbindlichkeiten,"1.757.697,61","1.539.117,07"
