SÄUGETIERE,MAMMALIA,2020,geboren,Zugänge,gestorben,Abgabe,2021,Unnamed: 0,Unnamed: 1,Unnamed: 2,Unnamed: 3,Unnamed: 4,Unnamed: 5,Unnamed: 6,Unnamed: 7,Unnamed: 8,Unnamed: 9,Unnamed: 10,Unnamed: 11
Unpaarhufer,Perissodactyla,m,w,u,m,w,u,m,w,u,m,w,u,m,w,u,m,w,u
Przewalskipferd,Equus przewalskii,1,8,0,0,0,0,0,2,0,0,1,0,0,2,0,1,7,0
,,0,2,0,0,0,0,0,0,0,0,0,0,0,0,0,0,2,
Shetlandpony,,1,3,0,0,0,0,0,0,0,0,0,0,0,0,0,1,3,0
,Equus hemionus kulan,1,5,0,0,0,0,0,0,0,0,1,0,0,0,0,1,4,
Östlicher Kiang,Equus kiang holdereri,2,8,0,0,0,0,0,2,0,0,1,0,0,0,0,2,9,0
,,1,3,0,0,0,0,0,0,0,0,0,0,0,1,0,1,2,
Zwergesel,,1,3,0,0,0,0,0,0,0,0,0,0,0,0,0,1,3,0
,Equus africanus somaliensis,1,5,0,0,0,0,0,1,0,0,1,0,0,0,0,1,5,
Grevy-Zebra,Equus grevyi,1,1,0,0,0,0,0,0,0,0,0,0,1,1,0,0,0,0
,Equus zebra hartmannae,1,4,0,0,0,0,1,0,0,0,1,0,1,0,0,1,3,
Paarhufer,Artiodactyla,m,w,u,m,w,u,m,w,u,m,w,u,m,w,u,m,w,u
Chaco-Pekari,Catagonus wagneri,11,12,0,7,7,1,0,0,0,3,2,1,1,2,0,14,14,0
,Potamochoerus porcus,3,0,0,0,0,0,0,0,0,0,0,0,0,0,0,3,0,
Hirscheber,Babyrousa babyrussa,2,2,0,0,0,0,0,0,0,0,0,0,0,0,0,2,2,0
,,2,7,0,2,1,0,0,0,0,1,1,0,1,0,0,2,7,
Dromedar,,0,7,0,2,1,0,0,0,0,1,1,0,0,1,0,1,6,0
,Lama guanicoe,1,6,0,1,2,0,0,0,0,0,1,0,1,0,0,1,7,
Lama,,1,8,0,0,0,0,0,0,0,0,0,0,0,0,0,1,8,0
,,1,3,0,0,2,0,0,0,0,0,0,0,0,0,0,1,5,
Vikunja,Vicugna vicugna,3,3,0,0,0,2,0,2,0,1,0,0,1,0,0,1,5,2
,Tragulus nigricans,0,0,0,0,0,0,0,1,0,0,0,0,0,0,0,0,1,
Europäischer Elch,Alces alces alces,2,0,0,0,0,0,1,0,0,0,0,0,0,0,0,3,0,0
,Rangifer tarandus,0,5,0,0,0,0,0,0,0,0,1,0,0,4,0,0,0,
Europäisches Waldrentier,Rangifer tarandus fennicus,0,0,0,0,0,0,4,0,0,3,0,0,0,0,0,1,0,0
,Axis kuhlii,1,4,0,2,0,0,0,0,0,1,0,0,0,0,0,2,4,
Schweinshirsch,Axis porcinus,3,2,0,1,1,0,0,2,0,0,0,0,0,0,0,4,5,0
,Cervus elaphus barbarus,1,3,0,0,1,0,0,0,0,1,1,0,0,0,0,0,3,
Wapiti,Cervus canadensiscanadensis,2,5,0,0,2,0,0,0,0,0,0,0,1,0,0,1,7,0
,Cervus elaphus sibiricus,3,6,0,1,0,0,0,0,0,0,0,0,1,0,0,3,6,
Bucharahirsch,Cervus elaphus bactrianus,3,6,0,2,1,0,0,0,0,1,3,0,1,0,0,3,4,0
,Cervus nippon pseudaxis,3,7,0,0,3,0,0,0,0,0,1,0,2,0,0,1,9,
MesopotamischerDamhirsch,Dama dama mesopotamica,2,8,0,2,0,0,0,0,0,2,3,0,0,0,0,2,5,0
,Elaphodus cephalophusmichianus,2,3,0,2,1,0,0,0,0,1,0,0,0,0,0,3,4,
Chinesisches Wasserreh,Hydropotes inermis inermis,1,0,0,0,0,0,0,0,0,0,0,0,0,0,0,1,0,0
,Elaphurus davidianus,3,9,0,0,3,0,0,0,0,0,1,0,0,2,0,3,9,
Barasingha,Rucervus duvaucelii,1,4,0,1,2,0,0,0,0,1,0,0,0,0,0,1,6,0
Cervus albirostris,0,7,0,0,0,0,1,2,0,0,0,0,0,0,0,1,9,,
