NACHHALTIGKEIT,Der größte Bedrohungsfaktor für die Biodiversität
"Zoo und Tierpark Berlin sind große, grüne Oa-","und damit vieler Tierarten, die in Zoo, Aquarium"
sen in der Großstadt. Die insgesamt knapp 200,"und Tierpark Berlin leben, ist der Verlust ihrer"
Hektar große parkähnliche Fläche mit ihrem,Lebensräume. Diese fallen dem zunehmenden
zum Teil jahrhundertealten Baumbestand von,Ressourcenbedar f einer stetig wachsenden
rund 15.000 Bäumen spielt eine wichtige Rolle,Weltbevölkerung und ihres Konsumverhaltens
für das lokale Stadtklima.,"zum Opfer. Ressourcen schonen, Lebensraum"
,"schützen, Arten retten – diese Gedanken ver-"
Als gemeinnützige Einrichtungen mit einer mehr,mitteln die drei Einrichtungen nicht nur an ihre
als 175-jährigen Tradition sind die Zoologischen,"Gäste, sondern streben auch bei der eigenen"
"Gärten Berlin nicht auf kurzfristige Gewinne,","Arbeitsweise einen ökologisch, ökonomisch und"
