SÄUGETIERE,MAMMALIA,2020,geboren,Zugänge,gestorben,Abgabe,2021,Unnamed: 0,Unnamed: 1,Unnamed: 2,Unnamed: 3,Unnamed: 4,Unnamed: 5,Unnamed: 6,Unnamed: 7,Unnamed: 8,Unnamed: 9,Unnamed: 10,Unnamed: 11
Paarhufer,Artiodactyla,m,w,u,m,w,u,m,w,u,m,w,u,m,w,u,m,w,u
WestafrikanischeSitatunga,Tragelaphus spekii gratus,2,1,0,0,1,0,0,0,0,1,0,0,0,0,0,1,2,0
,Tragelaphus strepsiceros,2,5,0,1,2,0,0,0,0,2,0,0,0,1,0,1,6,
Sichuan-Takin,Budorcas taxicolor tibetana,2,0,0,0,0,0,0,0,0,0,0,0,0,0,0,2,0,0
,Capra aegragrus f. hircus,1,8,0,6,1,0,0,0,0,2,2,0,4,0,0,1,7,
Mischlingsziege,Capra aegragrus f. hircus,1,0,0,0,0,0,0,0,0,0,0,0,0,0,0,1,0,0
,Capra ibex sibirica,3,12,0,5,4,0,0,0,0,1,4,0,4,0,0,3,12,
Himalaya-Tahr,Hemitragus jemlahicus,2,2,0,1,0,0,0,0,0,0,0,0,0,0,0,3,2,0
,Ovis ammon f. aries,1,3,0,2,4,0,0,0,0,2,0,0,0,4,0,1,3,
Kamerunschaf,Ovis ammon f. aries,1,6,0,4,5,0,0,0,0,3,1,0,2,2,0,1,6,0
,Cephalophus natalensis,2,3,0,3,2,0,0,0,0,2,2,0,0,0,0,3,3,
SüdafrikanischeRappenantilope,Hippotragus niger niger,0,3,0,0,0,0,0,0,0,0,0,0,0,0,0,0,3,0
,Oryx dammah,1,3,0,0,2,0,0,0,0,0,0,0,0,0,0,1,5,
Südliche Oryx,Oryx gazella gazella,1,3,0,0,0,0,0,0,0,0,0,0,0,0,0,1,3,0
,Kobus ellipsiprymnus defassa,1,2,0,1,0,0,0,0,0,0,0,0,0,0,0,2,2,
Kafue-Litschi-Moorantilope,Kobus leche kafuensis,2,8,0,0,0,0,0,0,0,0,1,0,0,0,0,2,7,0
