tet wird die Attraktion durch eine von der Tierparkschule,Festival wurde von Kulturprojekte Berlin in Zusammen-
n Hemelbergentwickelte thematische Familienrallye mit den Figuren,arbeit mit über 90 Programmpartnern auf Initiative der
"Pit tiplatsch, Moppi und Schnatterinchen, die auf der",Senatsverwaltung für Kultur und Europa konzipiert und
Website für einen interaktiven Familienausflug kostenfrei,umgesetzt. Am 9. September 2022 war das Festival mit
"zur Verfügung steht. Für alle Kinder, die erfolgreich an",einem vielfältigen Kulturprogramm zu Gast im Tierpark
"der Pitti-Rallye teilgenommen haben, wartete im Shop",Berlin. An dem Freitag galt für alle 3.519 begrüßten Gäste
am Eingang Bärenschaufenster ein Preis als Belohnung.,ganztägig kostenfreier Eintritt. Neben Musikkonzerten
,auf der Kiekemal-Wald- sowie der Kakadu-Bühne gab es
PITTIS GROSSE GEBURTSTAGSPARTY,"überall im Park Artistik-Shows, Walking Acts sowie span-"
"Zu Ehren der beliebten Koboldfigur Pittiplatsch, die 60",nende Spielangebote für Kinder. Bei der Umsetzung des
"Jahre alt wurde, richtete am 18. Juni 2022 die rbb media ein",Familienprogramms haben 26 Künstler und 13 Künstle-
"großes Familienfest aus, welches fast 6.500 Gäste aus ganz",rinnen mitgewirkt.
Deutschland in den Tierpark Berlin lockte. Highlight der,
Veranstaltung waren zwei 45-minütige Bühnenshows mit,SCHLOSSKONZERTE
dem Entertainer Bürger Lars Dietrich sowie den Walking-Acts,Im Schloss Friedrichsfelde fanden erneut klassische Kon-
"Pittiplatsch und Sandmännchen, welche allein jeweils über",zertreihen mit erstklassigen Preisträger*innen statt. Für
1.100 Zuschauende zählten. Dabei präsentierte der Sänger,"die Schlosskonzerte, die an vier Terminen im Frühjahr"
auch seinen Jubiläumssong „Pitti Pitti Birthday“ erstmals,vom 24. März bis 5. Mai 2022 sowie an sechs Terminen
live vor großem Publikum. Zudem gab es auf der Wiese am,im Herbst vom 15. September bis 24. November 2022 im
Bretzel-Fritz eine bunte Aktionsfläche mit verschiedenen,"historischen Ballsaal statt fanden, wurden Plakate und"
"Kinderattraktionen wie Leselounge, Torwandschießen,","Programmflyer entworfen, die sowohl an den Kassen als"
"Glücksrad, Kinderschminken sowie Mal- und Bastelak-",auch in umliegenden Geschäften in Tierparknähe ausgelegt
tionen. Im Vorfeld riefen das KiKA-Baumhaus sowie die,und ausgehangen wurden. Zudem wurden interessierte
"Social-Media-Kanäle von KiKA, Sandmann und Pittiplatsch",Musikfreund*innen der Klavier- und Kammermusik über
zu einer großen Malaktion auf und verlosten unter allen,Anzeigen in der Berliner Woche und im Bezirksjournal
Einsendungen eine Reise für die ganze Familie nach Berlin,von Lichtenberg auf die Termine aufmerksam und konn-
