VÖGEL,AVES,2018,geboren,Zugänge,gestorben,Abgabe,2019,Unnamed: 0,Unnamed: 1,Unnamed: 2,Unnamed: 3,Unnamed: 4,Unnamed: 5,Unnamed: 6,Unnamed: 7,Unnamed: 8,Unnamed: 9,Unnamed: 10,Unnamed: 11
Flamingos,Phoenicopteriformes,m,w,u,m,w,u,m,w,u,m,w,u,m,w,u,m,w,u
Zwergflamingo,Phoeniconaias minor,18,9,4,0,0,0,0,0,0,2,0,0,0,0,0,19,10,0
,Phoenicoparrus andinus,7,7,0,0,0,0,0,0,0,0,1,0,0,0,0,7,6,
Jamesflamingo,Phoenicoparrus jamesi,4,6,0,0,0,0,0,0,0,2,1,0,0,0,0,2,5,0
,Phoenicopterus chilensis,11,14,0,0,0,0,0,0,0,0,1,0,0,0,0,11,13,
Rosaflamingo,Phoenicopterus ruber roseus,17,10,0,0,0,0,0,0,0,1,1,0,0,0,0,16,9,0
,Phoenicopterus chilensis xPhoenicopterus ruber roseus,0,1,0,0,0,0,0,0,0,0,1,0,0,0,0,0,0,
Schreitvögel,Ciconiiformes,m,w,u,m,w,u,m,w,u,m,w,u,m,w,u,m,w,u
Hammerkopf,Scopus umbretta,1,1,0,1,2,3,0,0,0,0,0,0,1,2,0,1,1,0
,Ciconia nigra,1,0,0,0,0,0,0,1,0,1,0,0,0,0,0,0,1,
Abdimstorch,Ciconia abdimii,6,14,0,1,1,0,0,0,0,0,1,0,2,5,0,5,9,0
,Ciconia ciconia,1,1,0,0,0,0,0,0,0,0,0,0,0,0,0,1,1,
Marabu,Leptoptilos crumenifer,1,2,0,0,0,0,0,0,0,0,1,0,0,0,0,1,1,0
,Eudocimus ruber,7,4,0,0,0,0,0,0,0,2,1,0,5,3,0,0,0,
Brillenibis,Theristicus caudatus,0,1,1,0,0,0,0,0,0,0,0,1,0,0,0,0,1,0
,Geronticus eremita,3,2,12,0,2,0,1,0,0,0,0,0,0,0,0,11,9,
Schopfibis,Lophotibis cristata,1,1,0,1,0,2,0,0,0,0,0,1,0,0,0,2,1,1
,Platalea leucorodia,0,0,2,0,0,0,0,0,0,0,0,0,0,0,0,2,0,
Kuhreiher,Bubulcus ibis,5,1,0,1,0,0,0,0,0,0,0,0,0,0,0,6,1,0
,Ardeola grayii,1,0,0,0,0,0,0,0,0,0,0,0,0,0,0,1,0,
Prachtreiher,Ardeola speciosa,2,1,0,0,0,0,0,0,0,0,0,0,0,0,0,2,1,0
,Cochlearius cochlearius,0,1,0,0,0,0,0,0,0,0,0,0,0,1,0,0,0,
Zwergdommel,Ixobrychus minutus,2,2,0,0,0,0,0,0,0,0,0,0,1,1,0,1,1,0
Ruderfüßer,Pelicaniformes,m,w,u,m,w,u,m,w,u,m,w,u,m,w,u,m,w,u
Brillenpelikan,Pelecanus conspicillatus,3,4,0,0,0,0,0,0,0,1,0,0,0,0,0,2,4,0
,Pelecanus crispus,4,7,1,0,0,5,0,0,0,1,1,0,0,0,0,8,7,
Nashornpelikan,Pelecanus erythrorhynchos,2,2,0,0,0,1,0,0,0,0,0,1,0,0,0,2,2,0
,Pelecanus rufescens,4,3,0,0,0,0,0,0,0,0,0,0,0,0,0,4,3,
Greifvögel,Falconiformes,m,w,u,m,w,u,m,w,u,m,w,u,m,w,u,m,w,u
Schopf-Karakara,Caracara plancus,1,1,0,0,0,0,0,0,0,0,0,0,0,0,0,1,1,0
,Aquila chrysaetos,1,1,0,0,2,0,0,0,0,0,0,0,0,1,0,1,2,
Bartgeier,Gypaetus barbatus,1,1,0,0,0,0,0,0,0,0,0,0,0,0,0,1,1,0
,Gypohierax angolensis,1,2,0,0,0,,0,0,0,0,0,0,0,0,0,1,2,
Gänsegeier,Gyps fulvus,2,1,0,0,0,0,1,0,0,0,0,0,0,0,0,3,1,0
,Haliaetus leucocephalus,1,1,0,0,0,0,0,0,0,0,0,0,0,0,0,1,1,
Schreiseeadler,Haliaetus vocifer,0,1,0,0,0,0,0,0,0,0,0,0,0,0,0,0,1,0
,Necrosyrtes monachus,3,2,0,0,0,0,0,0,0,0,0,0,0,0,0,3,2,
Schmutzgeier,Neophron percnopterus,1,1,0,0,0,0,0,0,0,0,0,0,0,0,0,1,1,0
