VÖGEL,AVES,2017,geboren,Zugänge,gestorben,Abgabe,2018,Unnamed: 0,Unnamed: 1,Unnamed: 2,Unnamed: 3,Unnamed: 4,Unnamed: 5,Unnamed: 6,Unnamed: 7,Unnamed: 8,Unnamed: 9,Unnamed: 10,Unnamed: 11
Taubenvögel,Columbiformes,m,w,u,m,w,u,m,w,u,m,w,u,m,w,u,m,w,u
Schöneberger Streifige,Columbia livia f. domestica,3,3,10,0,0,4,0,0,0,0,0,4,0,0,0,3,3,10
,Columbia livia f. domestica,0,0,7,0,0,0,0,0,0,0,0,0,0,0,0,0,0,
Bartletts Dolchstichtaube,Gallicolumba criniger,3,3,0,0,0,0,0,0,0,0,1,0,0,0,0,3,2,0
,Gallicolumba luzonica,3,2,0,1,0,2,0,0,0,1,0,1,1,0,0,2,2,
Goldbrust-Erdtaube,Gallicolumba rufigula,1,0,0,0,0,0,0,0,0,0,0,0,0,0,0,1,0,0
,Gallicolumba tristigmata,0,1,0,0,0,0,0,0,0,0,0,0,0,0,0,0,1,
Jamaica-Erdtaube,Leptotila jamaicensis,1,1,0,0,0,0,0,0,0,0,0,0,0,0,0,1,1,0
,Leucosarcia melanoleuca,3,1,0,0,0,0,0,0,0,0,0,0,2,0,0,1,1,
Schopftaube,Ocyphaps lophotes,2,0,0,0,0,0,0,0,0,0,0,0,0,0,0,2,0,0
,Oena capensis,2,0,0,0,0,0,0,0,0,0,0,0,0,0,0,2,0,
Fasanentaube,Otidiphaps nobilis,1,0,0,0,0,0,0,0,0,0,0,0,0,0,0,1,0,0
,Otidiphaps aruensis,0,0,0,0,0,0,1,1,0,0,0,0,0,0,0,1,1,
Goldstirnfruchttaube,Ptilinopus aurantiifrons,1,2,0,0,0,0,0,0,0,0,0,0,0,0,0,1,2,0
,Ptilinopus coronulatus,0,1,0,0,0,0,0,0,0,0,0,0,0,0,0,0,1,
Greyfruchttaube,Ptilinopus greyii,2,2,0,0,0,2,2,0,0,0,0,0,0,0,0,4,2,2
,Ptilinopus iozonus,1,1,0,0,0,0,0,0,0,0,0,0,0,0,0,1,1,
Schwarznacken-fruchttaube,Ptilinopus melanospilus,1,2,0,0,0,0,1,0,0,0,0,0,0,0,0,2,2,0
,Nesoenas picturata,1,0,0,0,0,0,0,0,0,0,0,0,0,0,0,1,0,
Senegaltaube,Spilopelia senegalensis,0,0,2,0,0,0,0,0,0,0,0,0,0,0,0,0,0,2
Papageien,Psittaciformes,m,w,u,m,w,u,m,w,u,m,w,u,m,w,u,m,w,u
Erzlori,Loiusus domicella,0,0,0,0,0,0,1,1,0,0,0,0,0,0,0,1,1,0
,Trichoglossus haematodus,0,0,1,0,0,0,0,0,0,0,0,0,0,0,0,0,0,
Veilchenlori,Psitteuteles goldiei,1,0,1,0,0,0,0,0,0,0,0,0,1,0,1,0,0,0
,Nestor notabilis,1,1,0,0,0,0,0,0,0,0,0,0,0,0,0,1,1,
Springsittich,Cyanoramphus auricens,0,0,0,0,0,0,1,1,0,0,0,0,0,0,0,1,1,0
,Psephotos chrysopteryglus,1,1,0,0,0,0,0,0,0,0,0,0,0,0,0,1,1,
Schönsittich,Neophema pulchella,1,0,0,0,0,0,1,1,0,1,0,0,0,0,0,1,1,0
,Melopsittacus undulatus,22,10,0,2,1,3,20,9,0,5,2,0,18,7,0,22,10,
Edelpapagei,Ecletus roratus,1,1,0,0,0,0,0,0,0,0,0,0,1,1,0,0,0,0
,Andorhynchus hyacinthinus,1,1,0,0,0,0,0,0,0,0,0,0,0,0,0,1,1,
Marakana,Primolius maracana,1,2,0,0,0,0,1,0,0,0,0,0,0,0,0,2,2,0
,Ara militaris militaris,1,1,0,0,0,2,1,1,0,0,0,2,0,0,0,2,2,
Rotkopfsittich,Pyrrhura rhodocephala,1,1,0,0,0,0,0,0,0,0,0,0,1,1,0,0,0,0
,Bolborhynchus aurifrons,2,0,0,0,0,0,0,0,0,0,0,0,0,0,0,2,0,
Blaustirnamazone,Amazona aestiva,0,0,1,0,0,0,0,0,0,0,0,0,0,0,0,0,0,1
,Amazona albifrons,1,0,0,0,0,0,0,0,0,0,0,0,1,0,0,0,0,
Gelbwangenamazone,Amazona autumnalis,0,0,1,0,0,0,0,0,0,0,0,0,0,0,0,0,0,1
