SÄUGETIERE,MAMMALIA,Unnamed: 0,2016,Unnamed: 1,geboren,Zugänge,gestorben,Abgabe,Unnamed: 2,Unnamed: 3,2017,Unnamed: 4
Beuteltiere,Marsupialia,m,w,u,m w u,m w u,m w u,m w u,,m,w,u
Parma Känguru,Macropus parma,5,4,0,3 0 1,0 0 0,1 1 0,0 0 0,,7,3,1
Rotes Riesenkänguru,Macropus rufus,1,4,2,1 1 0,0 0 0,0 1 0,2 1 0,,2,3,0
Tanrekartige,Insectivora,m,w,u,m w u,m w u,m w u,m w u,,m,w,u
Kleiner Igeltanrek,Echinops telfairi,1,1,0,0 0 0,0 0 0,0 0 0,0 0 0,,1,1,0
Röhrchenzähner,Tubulidendata,m,w,u,m w u,m w u,m w u,m w u,,m,w,u
Erdferkel,Orycteropus afer,1,1,0,1 0 1,0 0 0,1 0 1,0 0 0,,1,1,0
Rüsseltiere,Proboscidae,m,w,u,m w u,m w u,m w u,m w u,,m,w,u
Asiatischer Elefant,Elephas maximus,1,6,0,0 0 0,0 0 0,0 0 0,0 0 0,,1,6,0
Zahnarme,Pilosa,m,w,u,m w u,m w u,m w u,m w u,,m,w,u
Weißborstengürteltier,Euphractus sexcinctus,3,2,0,0 2 1,0 0 0,0 2 1,2 0 0,,1,2,0
Südliches Kugelgürteltier,Tolypiotes matacus,1,2,0,1 0 0,0 0 0,0 0 0,0 1 0,,2,1,0
Zweifingerfaultier,Choloepus didactylus,1,1,0,0 0 0,0 0 0,0 0 0,0 0 0,,1,1,0
Großer Ameisenbär,Myrmecophaga tridactyla,1,1,0,0 0 0,0 0 0,0 0 0,0 0 0,,1,1,0
Primaten,Primates,m,w,u,m w u,m w u,m w u,m w u,,m,w,u
Grauer Mausmaki,Microcebus murinus,0,2,0,0 0 0,0 0 0,0 0 0,0 0 0,,0,2,0
Weißkopfmaki,Eulemur albifrons,4,2,0,0 1 0,0 0 0,0 1 0,1 0 0,,3,2,0
Bengalischer Plumplori,Nycticebus bengalensis,1,1,0,0 0 0,0 0 0,0 0 0,0 0 0,,1,1,0
Plumplori,Nycticebus coucang,0,1,0,0 0 0,0 0 0,0 0 0,0 0 0,,0,1,0
Senegal-Galago,Galago senegalensis,2,5,0,1 0 4,0 0 0,0 0 4,0 0 0,,3,5,0
Springtamarin,Callimico goeldii,2,1,0,0 0 0,0 0 0,0 0 0,0 0 0,,2,1,0
Geoffroys Seidenäffchen,Callithrix geoffroyi,1,3,0,0 0 0,0 0 0,0 0 0,0 1 0,,1,2,0
Schwarzrücken-Tamarin,Saguinus nigricollis,1,0,0,0 0 0,0 0 0,0 0 0,0 0 0,,1,0,0
Lisztaffe,Saguinus oedipus,1,1,0,0 0 0,0 0 0,0 0 0,0 0 0,,1,1,0
Brauner Kapuziner,Cebus olivaceus,4,3,1,0 0 1,0 0 0,1 0 0,0 0 0,,4,3,1
Totenkopfäffchen,Saimiri sciureus,3,11,0,0 0 0,0 0 0,0 0 0,1 6 0,,2,5,0
Bolivien-Nachtaffe,Aotus azarae,3,3,0,0 0 1,0 0 0,0 0 0,0 0 0,,3,3,1
Roter Springaffe,Callicebus cupreus,2,2,1,0 0 0,0 0 0,0 0 0,0 0 0,,3,2,0
Schwarzer Brüllaffe,Alouatta caraya,0,1,0,0 0 0,0 0 0,0 0 0,0 0 0,,0,1,0
Braunkopfklammeraffe,Ateles fusciceps,1,1,0,0 0 0,0 0 0,0 0 0,0 0 0,,1,1,0
Eulenkopf-Meerkatze,Cercopithecus hamlyni,1,2,0,0 0 0,0 0 0,0 0 0,0 0 0,,1,2,0
Bärenmakak,Macaca arctoides,2,6,0,0 0 0,0 0 0,0 1 0,0 0 0,,2,5,0
Wanderu,Macaca silenus,2,8,1,0 1 0,0 0 0,0 2 1,0 0 0,,2,7,0
