SÄUGETIERE,MAMMALIA,2017,geboren,Zugänge,gestorben,Abgabe,2018,Unnamed: 0,Unnamed: 1,Unnamed: 2,Unnamed: 3,Unnamed: 4,Unnamed: 5,Unnamed: 6,Unnamed: 7,Unnamed: 8,Unnamed: 9,Unnamed: 10,Unnamed: 11
Paarhufer,Artiodactyla,m,w,u,m,w,u,m,w,u,m,w,u,m,w,u,m,w,u
WestafrikanischeSitatunga,Tragelaphus spekei gratus,2,4,0,0,0,0,0,0,0,0,0,0,1,0,0,1,4,0
,Tragelaphus strepsiceros,1,2,0,0,1,0,0,0,0,0,0,0,0,0,0,1,3,
Sichuan-Takin,Budorcas taxicolor tibetana,1,1,0,0,0,0,1,0,0,0,0,0,0,0,0,2,1,0
,Capra aegragrus f. hircus,1,8,0,4,7,0,0,0,0,4,3,0,0,4,0,1,8,
Mischlingsziege,Capra aegragrus f. hircus,1,0,0,0,0,0,0,0,0,0,0,0,0,0,0,1,0,0
,Capra ibex sibirica,4,9,0,3,3,0,0,0,0,0,2,0,1,3,0,6,7,
Himalya-Tahr,Hemitragus jemlahicus,1,0,0,0,0,0,0,1,0,0,0,0,0,0,0,1,1,0
,Ovis ammon f. aries,1,3,0,3,2,0,0,0,0,3,2,0,0,0,0,1,3,
Kamerunschaf,Ovis ammon f. aries,1,9,0,3,4,0,0,0,0,3,6,0,0,0,0,1,7,0
,Cephalophus natalensis,3,3,0,1,2,0,0,0,0,0,2,0,1,0,0,3,3,
SüdafrikanischeRappenantilope,Hippotragus niger niger,1,3,0,0,0,0,0,0,0,0,0,0,0,1,0,1,2,0
,Oryx  dammah,1,3,0,0,0,0,0,0,0,0,1,0,0,0,0,1,2,
Südliche Oryx,Oryx gazella gazella,1,4,0,0,0,0,0,0,0,0,0,0,0,0,0,1,4,0
,Kobus ellipsiprymnus defassa,1,2,0,0,0,0,1,0,0,1,0,0,0,0,0,1,2,
Kafue-Litschi-Moorantilope,Kobus leche kafuensis,3,9,0,0,0,0,0,0,0,1,0,0,0,0,0,2,9,0
