VÖGEL,AVES,2020,geboren,Zugänge,gestorben,Abgabe,2021,Unnamed: 0,Unnamed: 1,Unnamed: 2,Unnamed: 3,Unnamed: 4,Unnamed: 5,Unnamed: 6,Unnamed: 7,Unnamed: 8,Unnamed: 9,Unnamed: 10,Unnamed: 11
Hühnervögel,Galliformes,m,w,u,m,w,u,m,w,u,m,w,u,m,w,u,m,w,u
Schopfkarakara,Caracara plancus,0,0,0,0,0,0,1,0,0,0,0,0,0,0,0,1,0,0
,Falco tinnunculus,0,1,0,0,0,0,0,0,0,0,0,0,0,0,0,0,1,
Lannerfalke,Falco biarmicus,1,1,0,0,0,0,0,0,0,0,0,0,0,0,0,1,1,0
,Falco cherrug,1,0,0,0,0,0,0,0,0,0,0,0,1,0,0,0,0,
Wanderfalke,Falco peregrinus,2,0,0,0,0,0,0,0,0,0,0,0,2,0,0,0,0,0
,Alectoris melanocephala,1,1,0,0,0,0,0,1,0,0,1,0,0,0,0,1,1,
China-Waldrebhuhn,Arborophila gingica,2,0,0,0,0,0,0,0,0,0,0,0,0,0,0,2,0,0
,Tragopan caboti,2,1,0,0,0,0,0,0,0,0,0,0,0,0,0,2,1,
Satyr-Tragoan,Tragopan satyra,1,1,0,0,0,0,0,0,0,0,0,0,0,0,0,1,1,0
,Tragopan temminckii,1,1,0,1,1,1,0,0,0,0,0,1,0,0,0,2,2,
Straußwachtel,Rollulus rouloul,3,3,0,0,1,5,0,0,0,2,2,5,0,0,0,1,2,0
,Pavo christatus,4,5,0,1,1,0,0,0,0,0,0,0,0,0,0,5,6,
Ährenträgerpfau,Pavo m. muticus,1,1,0,0,0,0,0,0,0,0,0,0,0,0,0,1,1,0
,Catreus wallichi,1,0,0,0,0,0,0,0,0,1,0,0,0,0,0,0,0,
Diamantfasan,Chrysolophus amherstiae,1,1,0,0,0,0,0,1,0,0,1,0,0,0,0,1,1,0
,Chrysolophus pictus,1,1,0,0,0,0,0,0,0,0,0,0,0,0,0,1,1,
Palawan-Pfaufasan,Polyplectron napoleonis,2,1,0,0,0,0,0,0,0,0,1,0,0,0,0,2,0,0
,Crossoptilon auritum,1,1,0,0,0,0,0,0,0,0,0,0,0,0,0,1,1,
Weißer Ohrfasan,Crossoptilon crossoptilon,1,1,0,0,0,0,0,0,7,1,0,0,0,0,0,0,1,7
,Crossoptilon mantchuricum,1,1,0,0,0,0,0,1,0,0,1,0,0,0,0,1,1,
Himalaya-Glanzfasan,Lophophorus impejanus,1,2,0,1,1,4,3,0,0,0,0,4,0,1,0,5,2,0
,Lophura hatinhensis,1,1,0,0,0,1,0,0,0,0,0,1,0,0,0,1,1,
Vietnamesischer Fasan,Lophura edwardsi,0,1,0,0,0,0,1,1,0,0,0,0,0,0,0,1,2,0
,Lophura nycthemera berliozi,1,1,0,0,0,0,0,0,0,0,0,0,0,0,0,1,1,
Swinhoefasan,Lophura swinhoii,1,1,0,3,2,1,0,0,0,0,0,1,0,0,0,4,3,0
,Syrmaticus ellioti,1,1,0,0,0,1,0,0,0,0,0,1,0,0,0,1,1,
Mikadofasan,Syrmaticus mikado,1,1,0,2,5,0,0,0,0,0,0,0,0,0,0,3,6,0
,Syrmaticus reevesii,2,1,0,0,0,0,0,0,0,1,0,0,0,0,0,1,1,
Brahma-Huhn,Gallus gallus f. domestica,4,5,0,0,0,0,0,0,0,2,1,0,0,0,0,2,4,0
,Gallus gallus f. domestica,0,1,0,0,0,0,0,0,0,0,1,0,0,0,0,0,0,
Orloff-Zwerghuhn,Gallus gallus f. domestica,6,3,0,0,0,0,0,0,0,0,0,0,0,0,0,6,3,0
,Meleagris gallopavo f.domestica,1,1,0,0,0,0,0,2,0,0,0,0,0,0,0,1,3,
,,,,,,,,,,,,,,,,,,,
,,,,,,,,,,,,,,,,,,,
Sandflughuhn,Pterocles orientalis,2,1,0,0,0,0,0,0,0,0,0,0,0,0,0,2,1,0
Kranichvögel,Gruiformes,m,w,u,m,w,u,m,w,u,m,w,u,m,w,u,m,w,u
Sonnenralle,Eurypyga helias,2,0,0,0,0,0,0,0,0,0,0,0,2,0,0,0,0,0
Psophia crepitans,1,1,0,0,0,0,0,0,0,0,0,0,0,0,0,1,1,,
