SÄUGETIERE,MAMMALIA,2017,geboren,Zugänge,gestorben,Abgabe,2018,Unnamed: 0,Unnamed: 1,Unnamed: 2,Unnamed: 3,Unnamed: 4,Unnamed: 5,Unnamed: 6,Unnamed: 7,Unnamed: 8,Unnamed: 9,Unnamed: 10,Unnamed: 11
Raubtiere,Carnivora,m,w,u,m,w,u,m,w,u,m,w,u,m,w,u,m,w,u
Persischer Leopard,Panthera pardus saxicolor,1,2,0,0,0,0,0,0,0,0,1,0,0,0,0,1,1,0
,Herpaillurus yaguaroundi,0,1,0,0,0,0,0,0,0,0,0,0,0,0,0,0,1,
Ringelschwanzmungo,Galidia elegans,2,5,0,0,1,1,0,0,0,0,2,0,0,0,0,2,4,1
,Mungotictis decemlineata,3,4,0,0,0,2,0,0,0,0,0,1,0,0,0,3,4,
Zwergmanguste,Helogale parvula,6,3,0,0,0,0,0,0,0,0,0,0,0,0,0,6,3,0
,Suricata suricatta,2,2,0,0,0,0,0,0,0,1,0,0,0,0,0,1,2,
Tundrawolf,Canis lupus hudsonicus,2,1,0,0,0,0,0,0,0,0,0,0,0,0,0,2,1,0
,Lycaon pictus,2,0,0,3,1,0,0,2,0,0,1,0,0,0,0,5,2,
Fennek,Vulpes zerda,0,1,0,0,1,0,0,0,0,0,0,0,0,0,0,0,1,0
,Ailuropoda melanoleuca,1,1,0,0,0,0,0,0,0,0,0,0,0,0,0,1,1,
Lippenbär,Melursus ursinus,3,2,0,0,0,0,0,0,0,1,0,0,0,0,0,2,2,0
,Ursus maritimus,0,1,0,0,0,0,1,0,0,0,0,0,0,0,0,1,1,
Kragenbär,Ursus thibetanus,1,0,0,0,0,0,0,0,0,0,0,0,0,0,0,1,0,0
,Arctocephalus pusillus,0,1,0,0,0,0,0,0,0,0,0,0,0,0,0,0,1,
Kalifornischer Seelöwe,Zalophus californianus,2,5,0,0,0,1,0,0,0,0,0,0,0,0,0,2,6,0
,Phoca vitulina,3,4,0,0,2,0,0,0,0,0,0,0,0,2,0,3,4,
Zwergotter,Aonyx cinereus,1,2,0,0,0,0,0,0,0,0,1,0,0,0,0,1,1,0
,Eira barbata,1,1,0,0,0,0,0,0,0,0,0,0,0,0,0,1,1,
Wickelbär,Potos flavus,3,2,0,0,2,0,0,0,0,0,1,0,1,1,0,2,2,0
,Nasua nasua,0,2,0,0,0,0,0,0,0,0,0,0,0,0,0,0,2,
Unpaarhufer,Perissodactyla,m,w,u,m,w,u,m,w,u,m,w,u,m,w,u,m,w,u
Zwergesel,Equus asinus f. asinus,1,3,0,0,0,0,0,0,0,0,0,0,0,0,0,1,3,0
,Equus quagga boehmi,1,6,0,0,2,0,0,0,0,0,2,0,0,0,0,1,6,
Grévy-Zebra,Equus grevyi,2,2,0,0,1,0,0,0,0,0,0,0,1,0,0,1,3,0
,Equus przewalskii,0,3,0,0,0,0,0,0,0,0,2,0,0,0,0,0,1,
Shetland-Pony,Equus przewalskii f. caballus,3,2,0,0,0,0,0,0,0,0,0,0,0,1,0,3,1,0
,Tapirus bairdii,1,0,0,0,0,0,0,0,0,0,0,0,0,0,0,1,0,
Flachlandtapir,Tapirus terrestris,1,1,0,0,0,0,0,0,0,0,0,0,0,0,0,1,1,0
,Diceros bicornis,1,4,0,0,1,0,0,0,0,0,1,0,1,1,0,0,3,
Panzernashorn,Rhinocerus unicornis,0,2,0,0,0,0,0,0,0,0,0,0,0,0,0,0,2,0
Paarhufer,Artiodactyla,m,w,u,m,w,u,m,w,u,m,w,u,m,w,u,m,w,u
Hirscheber,Babyrousa babyrussa,1,2,0,0,0,0,0,0,0,0,0,0,0,0,0,1,2,0
,Phacochoerus africanus,0,1,0,0,0,0,0,0,0,0,1,0,0,0,0,0,0,
Pinselohrschwein,Potamochoerus porcus pictus,1,1,0,0,0,0,0,0,0,1,1,0,0,0,0,0,0,0
,Sus b. barbatus,1,0,0,0,0,0,0,0,0,0,0,0,0,0,0,1,0,
Visaya-Pustelschwein,Sus cebifrons medinus,1,1,0,0,0,0,0,0,0,0,0,0,0,0,0,1,1,0
,Sus scrofa f. domestica,1,0,0,0,0,0,0,0,0,1,0,0,0,0,0,0,0,
VietnamesischesHängebauchschwein,Sus scrofa f. domestica,0,1,0,0,0,0,0,0,0,0,0,0,0,0,0,0,1,0
