VÖGEL,AVES,2015,geboren,Zugänge,gestorben,Abgabe,2016,Unnamed: 0,Unnamed: 1,Unnamed: 2,Unnamed: 3,Unnamed: 4,Unnamed: 5,Unnamed: 6,Unnamed: 7,Unnamed: 8,Unnamed: 9,Unnamed: 10,Unnamed: 11
Neuweltgeier,m,w,u,m,w,u,m,w,u,m,w,u,m,w,u,m,w,u,
Königsgeier,Sarcoramphus papa,1,1,0,0,0,0,0,0,0,0,0,0,0,0,0,1,1,0.0
,Vultur gryphus,1,2,0,0,0,0,0,0,0,0,0,0,0,0,0,1,2,
Kranichvögel: Trappen,m,w,u,m,w,u,m,w,u,m,w,u,m,w,u,m,w,u,
Senegaltrappe,Eupodotis senegalensis,1,0,0,0,0,0,0,0,0,0,0,0,0,0,0,1,0,0.0
Kagus,m,w,u,m,w,u,m,w,u,m,w,u,m,w,u,m,w,u,
Kagu,Rhynochetus jubatus,1,1,0,0,0,0,0,0,0,0,0,0,0,0,0,1,1,0.0
Seriemas,m,w,u,m,w,u,m,w,u,m,w,u,m,w,u,m,w,u,
Seriema,Cariama cristata,1,1,0,0,0,0,0,0,0,0,0,0,0,0,0,1,1,0.0
Sonnenrallen,m,w,u,m,w,u,m,w,u,m,w,u,m,w,u,m,w,u,
Sonnenralle,Eurypyga helias,1,1,0,0,0,0,0,0,0,0,0,0,0,0,0,1,1,0.0
Rallen,m,w,u,m,w,u,m,w,u,m,w,u,m,w,u,m,w,u,
Wachtelkönig,Crex crex,0,0,0,0,0,0,2,2,0,1,0,0,0,0,0,1,2,0.0
Kraniche,m,w,u,m,w,u,m,w,u,m,w,u,m,w,u,m,w,u,
Heller Kronenkranich,Balearica pavoninagibbericeps,3,1,0,0,0,0,0,0,0,0,0,0,1,0,0,2,1,0.0
,Grus antigone,0,1,0,0,0,0,0,0,0,0,0,0,0,0,0,0,1,
Mandschurenkranich,Grus japonensis,1,1,0,0,0,0,0,0,0,0,0,0,0,0,0,1,1,0.0
Wat- und Möwenvögel: Triele,m,w,u,m,w,u,m,w,u,m,w,u,m,w,u,m,w,u,
Kap-Triel,Burhinus capensis,3,2,0,0,0,1,0,0,0,0,0,0,1,0,0,2,2,1.0
Säbelschnäbler & Stelzenläufer,m,w,u,m,w,u,m,w,u,m,w,u,m,w,u,m,w,u,
Schwarznacken-Stelzenläufer,Himantopus mexicanus,3,1,4,0,0,2,0,0,0,0,0,3,0,0,0,3,1,3.0
,Recurvirostra avosetta,0,0,30,1,1,0,0,0,0,0,0,0,0,0,0,1,1,
Regenpfeifer,m,w,u,m,w,u,m,w,u,m,w,u,m,w,u,m,w,u,
Langzehenkiebitz,Vanellus crassirostris,0,3,0,0,0,0,0,0,0,0,0,0,0,0,0,0,3,0.0
,Vanellus miles miles,3,4,0,0,0,0,0,0,0,0,0,0,0,1,0,3,3,
Schnepfenvögel,m,w,u,m,w,u,m,w,u,m,w,u,m,w,u,m,w,u,
Großer Brachvogel,Numenius arquata,0,1,0,0,0,0,0,0,0,0,0,0,0,0,0,0,1,0.0
,Tringa totanus,0,0,1,0,0,0,0,0,0,0,0,0,0,0,0,0,0,
Steinwälzer,Arenaria interpres,2,0,0,0,0,0,0,0,0,0,0,0,0,0,0,2,0,0.0
,Philomachus pugnax,0,1,0,0,0,0,0,0,8,0,0,0,0,0,0,0,1,
Seeschwalben,m,w,u,m,w,u,m,w,u,m,w,u,m,w,u,m,w,u,
Küstenseeschwalbe,Sterna paradisaea,0,0,1,0,0,0,0,0,0,0,0,0,0,0,0,0,0,1.0
,Larosterna inca,0,0,12,0,0,8,0,0,0,0,0,3,0,0,0,0,0,
Taubenvögel: Eigentliche Tauben,m,w,u,m,w,u,m,w,u,m,w,u,m,w,u,m,w,u,
Mähnentaube,Caloenas nicobarica,0,1,0,0,0,0,1,0,0,0,0,0,0,0,0,1,1,0.0
,Chalcophaps indica,1,0,0,0,0,0,0,0,0,0,0,0,0,0,0,1,0,
Felsentaube,Columbia livia,0,0,15,0,0,0,0,0,0,0,0,3,0,0,0,0,0,12.0
,Columbia livia f. domestica,0,0,9,0,0,0,0,0,0,0,0,0,0,0,0,0,0,
Deutsche Nonne,Columbia livia f. domestica,0,0,8,0,0,0,0,0,0,0,0,0,0,0,0,0,0,8.0
