VÖGEL,AVES,2016,geboren,Zugänge,gestorben,Abgabe,2017,Unnamed: 0,Unnamed: 1,Unnamed: 2,Unnamed: 3,Unnamed: 4,Unnamed: 5,Unnamed: 6,Unnamed: 7,Unnamed: 8,Unnamed: 9,Unnamed: 10,Unnamed: 11
Gänsevögel,Anseriformes,m,w,u,m,w,u,m,w,u,m,w,u,m,w,u,m,w,u
Mähnengans,Chenonetta jubata,1,1,0,0,0,0,0,0,0,0,0,0,0,0,0,1,1,0
,Bucephala albeola,2,3,0,0,0,0,0,0,0,0,0,0,0,0,0,2,3,
Schellente,Bucephala c. clangula,1,2,0,0,0,0,0,0,0,0,0,0,0,0,0,1,2,0
,Bucephala islandica,1,0,0,0,0,0,0,0,0,1,0,0,0,0,0,0,0,
Zwergsäger,Mergus albellus,2,3,1,0,0,0,0,0,0,0,0,0,0,0,0,2,3,1
,Mergus cucullatus,1,1,0,0,0,0,0,0,0,1,1,0,0,0,0,0,0,
Gänsesäger,Mergus m. merganser,1,0,0,0,0,0,0,0,0,0,0,0,1,0,0,0,0,0
,Mergus squamatus,1,2,0,1,0,0,0,0,0,0,0,0,1,0,0,1,2,
Schwarzkopfruderente,Oxyura jamaicensis,0,3,0,0,0,0,0,0,0,0,0,0,0,0,0,0,3,0
,Oxyura maccoa,0,1,0,0,0,0,0,0,0,0,0,0,0,1,0,0,0,
Argentinische Ruderente,Oxyura vittata,1,1,0,0,0,0,0,0,0,1,1,0,0,0,0,0,0,0
,Anser anser f. domestica,1,1,0,0,0,0,0,0,0,0,0,0,0,0,0,1,1,
Pommerngans,Anser anser f. domestica,0,1,0,0,0,0,2,2,0,0,1,0,0,0,0,2,2,0
,Anas platyrhynchosf. domestica,9,6,0,0,0,0,0,0,0,3,2,0,0,0,0,6,4,
Greifvögel,Falconiformes,m,w,u,m,w,u,m,w,u,m,w,u,m,w,u,m,w,u
Truthahngeier,Cathartes aura,2,3,0,0,0,0,0,0,0,0,0,0,0,0,0,2,3,0
,Cathartes burrovianus,2,2,0,1,1,0,0,0,0,0,1,0,0,0,0,3,2,
Königsgeier,Sarcorhamphus papa,2,1,0,0,0,0,0,0,0,0,0,0,0,0,0,2,1,0
,Sagittarius serpentarius,1,1,0,0,0,0,0,0,0,0,0,0,0,0,0,1,1,
Kaiseradler,Aquila heliaca,1,1,0,0,0,0,0,0,0,0,0,0,0,0,0,1,1,0
,Aquila nipalensis,1,2,0,0,0,0,0,0,0,0,0,0,0,0,0,1,2,
Königsbussard,Buteo regalis,2,1,0,0,0,0,0,0,0,0,0,0,0,0,0,2,1,0
,Parabuteo  unicinctus,0,3,0,0,0,0,0,0,0,0,0,0,0,0,0,0,3,
Aguja,Geranoaetus melanoleucus,1,1,0,0,0,0,1,0,0,0,0,0,0,0,0,2,1,0
,Haliaeetus a. albicilla,1,1,0,0,0,0,0,0,0,0,0,0,0,0,0,1,1,
Weißkopfseeadler,Haliaeetus leucocephalus,3,1,0,0,0,0,0,0,0,0,0,0,1,0,0,2,1,0
,Haliaeetus pelagicus,2,1,0,0,2,0,0,0,0,0,0,0,1,2,0,1,1,
Harpyie,Harpia harpyia,1,0,0,0,0,0,0,0,0,0,0,0,0,0,0,1,0,0
,Polemaetus bellicosus,1,1,0,0,0,0,0,0,0,0,0,0,0,0,0,1,1,
Kuttengeier,Aegypius monachus,2,1,0,0,0,0,0,0,0,0,0,0,0,0,0,2,1,0
,Gypaetus barbatus,2,2,0,0,1,0,0,0,0,0,0,0,0,1,0,2,2,
Zwerggänsegeier,Gyps africanus,1,1,0,0,0,0,0,0,0,0,0,0,0,0,0,1,1,0
,Gyps fulvus,6,6,0,0,0,0,0,0,0,0,0,0,3,3,0,3,3,
Schneegeier,Gyps himalayensis,1,2,0,0,0,0,0,0,0,0,0,0,0,0,0,1,2,0
,Gyps ruepelli,2,2,0,0,0,0,0,0,0,0,0,0,0,0,0,2,2,
Kappengeier,Necrosyrtes monachus,1,2,0,0,1,0,0,0,0,0,0,0,0,0,0,1,3,0
Neophron percnopterusginginianus,1,1,0,0,0,0,0,0,0,0,0,0,0,0,0,1,1,,
