VÖGEL,AVES,2015,Zugänge,geboren,gestorben,Abgabe,2016,Unnamed: 0,Unnamed: 1,Unnamed: 2,Unnamed: 3,Unnamed: 4,Unnamed: 5,Unnamed: 6,Unnamed: 7,Unnamed: 8,Unnamed: 9,Unnamed: 10,Unnamed: 11
Gänsevögel,Anseriformes,m,w,u,m,w,u,m,w,u,m,w,u,m,w,u,m,w,u
Bahamaente,Anas bahamensis,4,6,0,0,0,0,0,0,0,1,2,0,0,0,0,3,4,0
,Anas bernieri,1,2,0,0,0,0,0,0,0,0,1,0,0,0,0,1,1,
Kastanienente,Anas castanea,1,0,0,0,0,0,0,0,0,1,0,0,0,0,0,0,0,0
,Anas clypeata,4,4,0,0,0,0,0,0,0,0,4,0,0,0,0,4,0,
Europäische Krickente,Anas crecca,2,1,0,0,0,0,1,0,0,1,0,0,0,0,0,2,1,0
,Anas cyanoptera,4,3,0,0,0,0,0,0,0,1,2,0,0,0,0,3,1,
Rotschnabelente,Anas erythrorhynchos,3,2,0,0,0,0,0,0,0,0,0,0,0,0,0,3,2,0
,Anas falcata,2,2,0,0,0,0,4,0,0,2,0,0,0,0,0,4,2,
Spitzschwingenente,Anas flavirostris oxyptera,1,3,0,0,0,0,0,0,0,0,1,0,0,0,0,1,2,0
,Anas formosa,9,7,0,0,0,0,0,0,0,3,0,0,0,0,0,6,7,
Spitzschwanzente,Anas georgica spinicauda,2,3,0,0,0,0,0,0,0,2,0,0,0,0,0,0,3,0
,Anas luzonica,5,2,0,0,0,0,0,0,0,3,1,0,0,0,0,2,1,
Madagaskar Stockente,Anas melleri,3,3,0,0,0,0,0,0,0,0,1,0,0,0,0,3,2,0
,Anas penelope,2,3,0,0,0,0,0,0,0,0,0,0,0,0,0,2,3,
SüdamerikanischeLöffelente,Anas platalea,1,1,0,0,0,0,0,0,0,1,0,0,0,0,0,0,1,0
,Anas p. peocilorhyncha,3,0,0,0,0,0,0,0,0,0,0,0,0,0,0,3,0,
Hottentottenente,Anas punctata,0,1,0,0,0,0,0,0,0,0,0,0,0,0,0,0,1,0
,Anas querquedula,0,1,0,0,0,0,0,0,0,0,0,0,0,0,0,0,1,
Chilepfeifente,Anas sibilatrix,2,3,0,0,0,0,0,0,0,1,2,0,0,0,0,1,1,0
,Anas sparsa,0,1,0,0,0,0,0,0,0,0,0,0,0,0,0,0,1,
Gelbschnabelente,Anas undulata,3,7,0,0,0,0,2,1,0,2,4,0,0,0,0,3,4,0
,Anas versicolor,2,0,0,0,0,0,0,0,0,0,0,0,0,0,0,2,0,
Spatelschnabelente,Malacorhynchusmembranaceus,1,2,0,0,0,0,0,0,0,0,0,0,0,0,0,1,2,0
,Marmaronetta angustirostris,4,4,0,0,0,0,0,0,0,0,0,0,1,3,0,3,1,
Plüschkopfente,Somateria fischeri,1,1,0,0,0,0,0,0,0,0,1,0,0,0,0,1,0,0
,Somateria m. mollissima,2,2,0,0,0,0,0,0,0,2,1,0,0,0,0,0,1,
Rotkopfente,Aythya americana,1,1,0,0,0,0,0,0,0,0,0,0,0,0,0,1,1,0
,Aythya australis,2,3,0,0,0,0,0,0,0,0,0,0,0,0,0,2,3,
Schwarzkopfmoorente,Aythya baeri,4,5,0,0,0,0,0,0,0,1,2,0,0,0,0,3,3,0
,Aythya fuligula,1,3,0,0,0,0,0,0,0,0,0,0,0,0,0,1,3,
Bergente,Aythya m. marila,3,4,0,0,0,0,0,0,0,0,0,0,0,0,0,3,4,0
,Aythya novaeseelandiae,7,6,0,0,0,0,0,0,0,3,0,0,0,0,0,4,6,
Moorente,Aythya nyroca,4,14,0,0,0,0,0,0,0,0,3,0,0,0,0,4,11,0
,Aythya valisineria,0,1,0,0,0,0,0,0,0,0,0,0,0,0,0,0,1,
AfrikanischeRotaugenente,Netta erythrophthalmabrunnea,2,2,0,0,0,0,0,0,0,0,0,0,0,0,0,2,2,0
,Netta peposaca,4,5,0,0,0,0,0,0,0,1,0,0,0,0,0,3,5,
Kolbenente,Netta rufina,10,7,0,0,0,0,0,0,0,0,0,0,0,0,0,10,7,0
