PASSIVA,2019,2018,Unnamed: 0
A.,EIGENKAPITAL,in €,in €
,I.Gezeichnetes Kapital,"409.100,00","409.100,00"
,II.Andere Gewinnrücklagen,"3.686.156,67","2.982.987,58"
,III.Jahresüberschuss,"1.333.638,27","703.169,09"
Su,me Eigenkapital,"5.428.894,94","4.095.256,67"
,,,
B.,SONDERPOSTEN FÜR INVESTITIONSZUSCHÜSSE ZUM ANLAGEVERMÖGEN,"11.065.431,73","3.461.974,40"
,,,
C.,RÜCKSTELLUNGEN,,
1.Rückstellungen für Pensionen und ähnliche Verpflichtungen,"674.206,00",,
2.Steuerrückstellung,"1.003,94",,
3.Sonstige Rückstellungen,"1.924.389,10",,
me Rückstellungen,"2.599.599,04",,
