VÖGEL,AVES,2017,geboren,Zugänge,gestorben,Abgabe,2018,Unnamed: 0,Unnamed: 1,Unnamed: 2,Unnamed: 3,Unnamed: 4,Unnamed: 5,Unnamed: 6,Unnamed: 7,Unnamed: 8,Unnamed: 9,Unnamed: 10,Unnamed: 11
Sperlingsvögel,Passeriformes,m,w,u,m,w,u,m,w,u,m,w,u,m,w,u,m,w,u
Rotbrust-Samenknacker,Spermophaga haematina,2,1,0,0,0,0,1,1,0,0,0,0,0,0,0,3,2,0
,Uraeginthus bengalus,2,2,0,0,0,0,0,0,0,1,1,0,1,0,0,0,1,
Blaukopfschmetterlingsfink,Uraeginthus cyanocephalus,1,2,0,0,1,1,0,0,0,0,1,0,0,0,0,1,2,1
,Euschistospiza dybowskii,2,0,0,0,0,0,0,0,0,0,0,0,0,0,0,2,0,
Grüner Tropfenastrild,Hypargos nitidula,2,2,0,0,0,0,0,0,0,1,1,0,0,0,0,1,1,0
,Hypargos niveaoguttatus,1,0,0,0,0,0,0,0,0,0,0,0,0,0,0,1,0,
Auroraastrild,Pytilia phoenicoptera,3,2,0,0,0,0,0,0,0,1,1,0,0,0,0,2,1,0
,Lagonosticta senegalaruberrima,1,1,0,0,0,0,0,0,0,0,0,0,0,0,0,1,1,
Schwarzkehlamarant,Lagonosticta larvata,5,4,0,1,0,1,0,0,0,6,4,1,0,0,0,0,0,0
,Amadina fasciata,1,1,0,0,0,0,0,0,0,0,0,0,0,0,0,1,1,
Goldbrüstchen,Amandava subflava,1,1,0,0,0,0,0,0,0,0,0,0,0,0,0,1,1,0
,Amandava amandava,1,1,0,0,0,0,0,0,0,0,0,0,0,0,0,1,1,
Rebhuhnastrild,Ortygospiza atricollis,1,0,0,0,0,0,6,3,0,0,0,0,0,0,0,7,3,0
,Neochmia ruficauda,2,0,0,0,0,0,0,1,0,0,0,0,0,0,0,2,1,
Zebrafink,Taeniopygia guttata,1,1,3,0,0,0,0,0,0,0,0,0,1,1,3,0,0,0
,Taeniopygia bichenoviibichenovii,1,0,0,0,0,9,0,1,0,0,0,0,0,0,0,1,1,
Spitzschwanzamadine,Poephila acuticauda,0,2,0,0,0,0,0,0,0,0,1,0,0,0,0,0,1,0
,Phoephila cincta,1,0,2,0,0,0,2,2,0,1,0,1,0,0,0,2,2,
Forbes-Papageiamadine,Erythrura tricolor,1,2,0,0,0,0,0,0,0,0,1,0,0,0,0,1,1,0
,Erythrura cyaneovirens,2,0,0,0,0,0,0,0,0,1,0,0,0,0,0,1,0,
Rotköpfige Gouldamadine,Erythura gouldiae,1,1,0,0,0,1,4,1,0,1,1,0,0,0,0,4,1,1
,Euodice cantans,0,0,4,0,0,0,0,0,0,0,1,1,0,0,0,0,2,
Braunbrüstiger Schilffink,Lonchura castaneothorax,1,1,0,0,0,0,0,0,0,0,0,0,0,0,0,1,1,0
,Lonchura oryzivora,1,1,27,0,0,4,0,0,0,0,0,2,0,0,0,1,1,
Mozambiquegirlitz,Serinus mozambica,1,1,0,0,0,0,0,0,0,0,0,0,0,0,0,1,1,0
,Amblyrhamphus holose-riceus,0,1,0,0,0,0,0,0,0,0,1,0,0,0,0,0,0,
Rotbürzelstirnvogel,Cacicus haemorrhous,2,0,0,0,0,0,0,0,0,1,0,0,0,0,0,1,0,0
,Icterus oberi,0,0,0,0,0,0,1,1,0,0,0,0,0,0,0,1,1,
Trauerpfäffchen,Sporophila luctuosa,1,0,0,0,0,0,0,0,0,0,0,0,0,0,0,1,0,0
,Tiaris canora,0,4,0,0,0,0,0,0,0,0,0,0,0,0,0,0,4,
Roter Kardinal,Cardinalis cardinalis,2,1,0,0,1,0,0,1,0,0,0,0,0,0,0,2,2,0
,Passerina caerulea,1,1,0,0,0,0,0,0,0,0,0,0,0,0,0,1,1,
Maskenpitpit,Dacnis lineata,1,1,0,0,0,0,0,0,0,0,0,0,0,0,0,1,1,0
,Ramphocelus bresilius,1,1,0,0,0,0,0,0,0,0,0,0,0,0,0,1,1,
Paradiestangare,Tangara chilensis,2,2,0,0,0,0,0,0,0,0,0,0,0,0,0,2,2,0
Thraupis episcopus,2,3,0,0,0,0,0,0,0,0,1,0,0,0,0,2,2,,
