VÖGEL,AVES,2018,geboren,Zugänge,gestorben,Abgabe,2019,Unnamed: 0,Unnamed: 1,Unnamed: 2,Unnamed: 3,Unnamed: 4,Unnamed: 5,Unnamed: 6,Unnamed: 7,Unnamed: 8,Unnamed: 9,Unnamed: 10,Unnamed: 11
Papageien,Psittaciformes,m,w,u,m,w,u,m,w,u,m,w,u,m,w,u,m,w,u
Kuba-Amazone,Amazona leucocephala,1,1,0,0,0,0,0,0,0,0,0,0,0,0,0,1,1,0
,Probosciger aterrimus,1,0,0,0,0,0,0,0,0,0,0,0,0,0,0,1,0,
Banks Rabenkakadu,Calytorhynchus banksii,3,1,0,0,0,0,0,0,0,0,0,0,0,0,0,3,1,0
,Cacatua alba,2,0,0,0,0,0,0,0,0,0,0,0,0,0,0,2,0,
Goffins-Kakadu,Cacatua goffini,1,1,0,0,0,0,0,0,0,0,0,0,0,0,0,1,1,0
,Cacatua leadbeateri,2,2,0,0,0,0,0,0,0,0,1,0,0,0,0,2,1,
Orangehaubenkakadu,Cacatua sulphureacitrinocristata,0,1,0,0,0,0,0,0,0,0,0,0,0,0,0,0,1,0
Kuckucksvögel,Cuculiformes,m,w,u,m,w,u,m,w,u,m,w,u,m,w,u,m,w,u
Rotkopfturako,Tauraco erythrolophus,1,1,0,0,0,0,0,0,0,0,0,0,0,0,0,1,1,0
,Tauraco leucotis,0,1,0,0,0,0,0,0,0,0,0,0,0,0,0,0,1,
Schildturako,Musophaga violacea,1,1,0,0,0,0,0,0,0,0,0,0,0,0,0,1,1,0
,Corythalxoides personatus,2,0,0,0,0,0,0,0,0,0,0,0,0,0,0,2,0,
Weißbauch-Lärmvogel,Criniferoides leucogaster,1,0,0,0,0,0,0,0,0,0,0,0,0,0,0,1,0,0
,Scythrops novaehollandiae,1,0,0,0,0,0,0,0,0,0,0,0,0,0,0,1,0,
Guira-Kuckuck,Guira guira,1,5,3,2,6,0,0,0,0,2,1,2,0,2,0,1,8,1
,Geococcyx californianus,2,1,0,0,0,0,0,0,0,1,0,0,1,0,0,0,1,
Eulen,Strigiformes,m,w,u,m,w,u,m,w,u,m,w,u,m,w,u,m,w,u
Europäischer Uhu,Bubo bubo bubo,0,2,0,0,0,0,0,0,0,0,0,0,0,0,0,0,2,0
,Bubo scandiacus,5,0,0,0,0,0,1,0,0,1,0,0,0,0,0,5,0,
Sperbereule,Surnia ulula,0,0,0,0,0,0,1,0,0,0,0,0,0,0,0,1,0,0
,Otus scops,1,0,0,0,0,0,0,0,0,0,0,0,0,0,0,1,0,
Brillenkauz,Pulsatrix perspicillata,1,3,0,0,0,0,0,0,0,0,1,0,0,0,0,1,2,0
,Strix nebulosa,0,1,0,0,0,0,0,0,0,0,0,0,0,0,0,0,1,
Schwalmvögel,Caprimulgiformes,m,w,u,m,w,u,m,w,u,m,w,u,m,w,u,m,w,u
Eulenschwalm,Podargus strigoides,1,0,0,0,0,1,1,2,0,1,0,1,0,1,0,1,1,0
Mausvögel,Coliiformes,m,w,u,m,w,u,m,w,u,m,w,u,m,w,u,m,w,u
Braunflügel-Mausvogel,Colius striatus kikujuensis,0,0,1,0,0,0,0,0,0,0,0,1,0,0,0,0,0,0
,Urocolius macrourus,1,0,0,0,0,0,0,0,0,0,0,0,0,0,0,1,0,
Rackenvögel,Coraciiformes,m,w,u,m,w,u,m,w,u,m,w,u,m,w,u,m,w,u
Strichelracke,Coracias naevia,1,1,0,0,0,0,0,0,0,0,0,0,0,0,0,1,1,0
,Coracias cyanogaster,2,2,0,0,0,0,0,0,0,1,0,0,0,1,0,1,1,
Blauscheitelmotmot,Momotus momota,0,0,0,0,0,0,1,1,0,0,0,0,0,0,0,1,1,0
,Dacelo leachii,2,1,0,1,0,0,0,0,0,0,0,0,1,0,0,2,1,
Lachender Hans,Dacelo novaeguineae,1,1,0,0,0,0,0,0,0,0,0,0,0,0,0,1,1,0
,Halcyon albiventris,1,1,0,0,0,0,0,0,0,0,1,0,0,0,0,1,0,
Europäische Bienenfresser,Merops apiaster,0,0,0,0,0,0,2,8,0,0,2,0,0,0,0,2,6,0
,Merops bullockoides,1,3,0,0,0,0,0,0,0,0,0,0,0,0,0,1,3,
Scharlachspint,Merops nubicus,0,1,0,0,0,0,0,0,0,0,1,0,0,0,0,0,0,0
