VÖGEL,AVES,2018,geboren,Zugänge,gestorben,Abgabe,2019,Unnamed: 0,Unnamed: 1,Unnamed: 2,Unnamed: 3,Unnamed: 4,Unnamed: 5,Unnamed: 6,Unnamed: 7,Unnamed: 8,Unnamed: 9,Unnamed: 10,Unnamed: 11
Sperlingsvögel,Passeriformes,m,w,u,m,w,u,m,w,u,m,w,u,m,w,u,m,w,u
Zebrafink,Taeniopygia guttata,0,0,141,0,0,62,0,0,0,0,0,50,0,0,13,0,0,140
,Leucopsar rothschildi,0,0,0,0,0,0,0,3,0,0,0,0,0,0,0,0,3,
Elsterstar,Sturnus contra,0,0,0,0,0,0,1,1,0,0,0,0,0,0,0,1,1,0
,Cyanopica cyanus,1,1,0,0,0,1,0,0,0,0,0,1,0,0,0,1,1,
Rotschnabelkitta,Urocissa erythrorhyncha,1,1,0,0,0,0,0,0,0,0,0,0,0,0,0,1,1,0
