KRIECHTIERE,REPTILIA,Artenzahl,Unnamed: 0,2020,Unnamed: 1,geboren,Zugänge,gestorben,Abgabe,Unnamed: 2,Unnamed: 3,2021,Unnamed: 4
,,,m,w,u,m w u,m w u,m w u,m w u,,m,w,u
Schnabelköpfe,Sphenodontia,1.0,1,3,0,0 0 0,0 0 0,0 0 0,0 0 0,,1,3,0
Schildkröten,Testudines,10.0,11,14,24,0 0 6,1 0 0,0 0 2,0 0 0,,12,14,28
Krokodile,Crocodylia,3.0,2,4,0,0 0 0,0 0 0,0 0 0,0 0 0,,2,4,0
Echsen,Lacertilia,35.0,10,41,70,0 0 42,1 0 10,0 0 18,0 0 24,,11,41,80
Schlangen,Serpentes,15.0,22,10,6,0 0 7,1 0 4,0 0 3,0 0 2,,23,10,12
