PASSIVA,2018,2017,Unnamed: 0
A.,EIGENKAPITAL,in €,in €
,I.Gezeichnetes Kapital,"409.100,00","409.033,50"
,II.Andere Gewinnrücklagen,"2.982.987,58","1.206.734,47"
,III.Gewinnvortrag,"0,00","1.185.170,85"
,IV.Jahresüberschuss,"703.169,09","591.148,76"
Su,me Eigenkapital,"4.095.256,67","3.392.087,58"
,,,
B.,SONDERPOSTEN FÜR INVESTITIONSZUSCHÜSSE ZUM ANLAGEVERMÖGEN,"3.461.974,40","0,00"
,,,
C.,RÜCKSTELLUNGEN,,
1.Rückstellungen für Pensionen und ähnliche Verpflichtungen,"654.112,00",,
2.Sonstige Rückstellungen,"976.468,00",,
me Rückstellungen,"1.630.580,00",,
