SÄUGETIERE,MAMMALIA,2015,Zugänge,geboren,gestorben,Abgabe,2016,Unnamed: 0,Unnamed: 1,Unnamed: 2,Unnamed: 3,Unnamed: 4,Unnamed: 5,Unnamed: 6,Unnamed: 7,Unnamed: 8,Unnamed: 9,Unnamed: 10,Unnamed: 11
Rüsseltiere,Proboscidea,m,w,u,m,w,u,m,w,u,m,w,u,m,w,u,m,w,u
Asiatischer Elefant,Elephas maximus,0,6,0,0,0,0,1,0,0,0,0,0,0,0,0,1,6,0
,Loxodonta africana,2,4,0,0,0,0,0,0,0,0,1,0,0,0,0,2,3,
Unpaarhufer,Perissodactyla,m,w,u,m,w,u,m,w,u,m,w,u,m,w,u,m,w,u
Przewalskipferd,Equus przewalskii,1,5,0,0,0,0,2,0,0,1,0,0,0,1,0,2,4,0
,,0,2,0,0,0,0,0,0,0,0,0,0,0,0,0,0,2,
Shetlandpony,,1,3,0,0,0,0,0,0,0,0,0,0,0,0,0,1,3,0
,Equus hemionus kulan,2,8,0,0,0,0,0,0,0,0,0,0,0,0,0,2,8,
Östlicher Kiang,Equus kiang holdereri,3,11,0,0,0,0,0,0,0,1,0,0,0,0,0,2,11,0
,,2,1,0,0,0,0,0,0,0,0,0,0,0,0,0,2,1,
Zwergesel,,1,8,0,0,0,0,0,0,0,0,0,0,0,2,0,1,6,0
,Equus africanus somaliensis,1,6,0,1,0,0,0,0,0,0,0,0,1,0,0,1,6,
Chapman-Zebra,Equus burchellii chapmanni,2,3,0,0,0,0,0,1,0,0,0,0,1,0,0,1,4,0
,Equus grevyi,2,3,0,0,0,0,0,0,0,0,0,0,2,0,0,0,3,
Hartmann-Bergzebra,Equus zebra hartmannae,1,6,0,0,0,0,0,0,1,0,1,1,0,0,0,1,5,0
,Rhinoceros unicornis,2,1,0,0,0,0,0,0,0,0,0,0,0,0,0,2,1,
Paarhufer,Artiodactyla,m,w,u,m,w,u,m,w,u,m,w,u,m,w,u,m,w,u
Chaco-Pekari,Catagonus wagneri,8,9,0,0,0,0,5,3,2,4,1,2,2,2,0,7,9,0
,,1,3,0,0,0,0,10,8,0,3,2,0,6,1,0,2,8,
Mangalizaschwein,,1,2,0,0,0,0,0,0,0,0,0,0,0,0,0,1,2,0
,,2,6,0,0,0,0,1,0,0,0,0,0,1,0,0,2,6,
Dromedar,,0,5,0,1,0,0,1,0,1,1,0,1,0,0,0,1,5,0
,Lama guanicoe,0,9,0,1,0,0,0,0,0,0,2,0,0,0,0,1,7,
Lama,,4,9,0,0,2,0,1,1,0,0,0,0,3,3,0,2,9,0
,,4,8,0,0,0,0,0,0,0,0,2,0,3,1,0,1,5,
Vikunja,Vicugna vicugna,4,7,0,1,2,0,0,0,0,0,0,0,4,2,0,1,7,0
,Alces alces alces,1,3,0,0,0,0,3,0,0,1,2,0,0,0,0,3,1,
Rentier,Rangifer tarandus,1,4,0,0,0,0,0,0,0,0,0,0,0,0,0,1,4,0
,Axis porcinus,2,4,0,0,0,0,1,0,0,0,0,0,0,0,0,3,4,
Atlashirsch,Cervus elaphus barbarus,1,3,0,0,0,0,0,1,0,0,0,0,0,0,0,1,4,0
,Cervus elaphus manitobensis,2,5,0,0,0,0,0,1,0,0,0,0,0,0,0,2,6,
Altai-Maral,Cervus elaphus sibiricus,2,3,0,0,0,0,0,1,1,0,0,1,1,0,0,1,4,0
,Cervus elaphus nannodes,1,5,0,0,0,0,1,2,0,0,0,0,0,0,0,2,7,
Bucharahirsch,Cervus elaphus bactrianus,2,5,0,0,0,0,2,2,0,0,2,0,1,0,0,3,5,0
,Cervus nippon pseudaxis,2,9,0,0,0,0,4,1,0,2,3,0,1,3,0,3,4,
MesopotamischerDamhirsch,Dama dama mesopotamica,3,6,0,1,0,0,0,1,0,1,1,0,1,0,0,2,6,0
,Elaphodus cephalophusmichianus,1,5,0,0,0,0,2,1,0,1,0,0,0,3,0,2,3,
Chinesisches Wasserreh,Hydropotes inermis inermis,0,0,0,1,2,0,0,0,0,0,2,0,0,0,0,1,0,0
