KRIECHTIERE,REPTILIA,Artenzahl,Unnamed: 0,2019,Unnamed: 1,geboren,Zugänge,gestorben,Abgabe,Unnamed: 2,Unnamed: 3,2020,Unnamed: 4
,,,m,w,u,m w u,m w u,m w u,m w,u,m,w,u
Schnabelköpfe,Sphenodontia,1.0,1,3,0,0 0 0,0 0 0,0 0 0,0 0,0,1,3,0
Schildkröten,Testudines,10.0,11,14,25,0 0 1,0 0 0,0 0 1,0 0,1,11,14,24
Krokodile,Crocodylia,3.0,2,4,0,0 0 0,0 0 0,0 0 0,0 0,0,2,4,0
Echsen,Lacertilia,34.0,24,45,62,0 0 13,0 1 0,14 5 2,0 0,3,10,41,70
Schlangen,Serpentes,14.0,25,14,6,0 0 0,1 0 0,4 4 0,0 0,0,22,10,6
