SÄUGETIERE,MAMMALIA,2016,geboren,Zugänge,gestorben,Abgabe,2017,Unnamed: 0,Unnamed: 1,Unnamed: 2,Unnamed: 3,Unnamed: 4,Unnamed: 5,Unnamed: 6,Unnamed: 7,Unnamed: 8,Unnamed: 9,Unnamed: 10,Unnamed: 11
Paarhufer,Artiodactyla,m,w,u,m,w,u,m,w,u,m,w,u,m,w,u,m,w,u
Okapi,Okapi johnstoni,1,1,0,0,0,0,0,0,0,0,0,0,0,0,0,1,1,0
,Damaliscus pygargus,2,2,0,1,0,0,0,0,0,0,0,0,1,1,0,2,1,
Springbock,Antidorcas marsupialis,3,0,0,0,0,0,0,0,0,1,0,0,0,0,0,2,0,0
,Antilope cervicapra,1,8,0,0,0,0,0,0,0,0,0,0,0,0,0,1,8,
Südliche Giraffengazellen,Litocranius walleri,1,0,0,0,0,0,0,0,0,0,0,0,0,0,0,1,0,0
,Madoqua kirkii,3,2,0,3,0,0,0,1,0,1,1,0,2,0,0,3,2,
Präriebison,Bison bison,2,4,0,2,0,0,0,0,0,1,0,0,1,2,0,2,2,0
,Bison bonasus,2,1,0,1,0,0,0,0,0,0,0,0,1,0,0,2,1,
Java-Banteng,Bos javanicus javanicus,2,6,0,0,2,0,0,0,0,0,3,0,1,0,0,1,5,0
,Bos taurus,1,2,0,0,3,0,0,0,0,0,0,0,0,2,0,1,3,
Watussi-Rind,Bos taurus taurus watusi,0,1,0,0,0,0,1,1,0,0,0,0,0,0,0,1,2,0
,Bos gaurus gaurus,2,4,0,0,0,0,0,0,0,0,1,0,1,0,0,1,3,
Wasserbüffel,Bubalus bubalis,2,4,0,1,1,0,0,0,0,0,0,0,1,2,0,2,3,0
,Bubalus (Anoa)depressicornis,1,2,0,0,0,0,0,0,0,0,0,0,0,0,0,1,2,
Rotbüffel,Syncerus caffer nanus,1,4,0,0,0,0,0,0,0,1,1,0,0,0,0,0,3,0
,Tragelaphus oryx,5,5,0,0,0,0,0,0,0,0,1,0,4,1,0,1,3,
Nyala,Tragelaphus angasii,2,3,0,1,1,0,0,0,0,1,0,0,1,0,0,1,4,0
,Tragelaphus euryceros,1,6,0,0,0,0,0,0,0,0,1,0,0,4,0,1,1,
WestafrikanischeSitatunga,Tragelaphus spekei gratus,4,3,0,0,1,0,0,0,0,1,0,0,1,0,0,2,4,0
,Tragelaphus strepsiceros,1,3,0,0,1,0,0,0,0,0,2,0,0,0,0,1,2,
Sichuan-Takin,Budorcas taxicolor tibetana,1,1,0,0,0,0,0,0,0,0,0,0,0,0,0,1,1,0
,Capra aegragrus f. hircus,0,8,0,0,0,0,1,0,0,0,0,0,0,0,0,1,8,
Mischlingsziege,Capra aegragrus f. hircus,1,0,0,0,0,0,0,0,0,0,0,0,0,0,0,1,0,0
,Capra ibex sibirica,5,8,0,1,5,0,1,0,0,1,2,0,2,2,0,4,9,
Himalya-Tahr,Hemitragus jemlahicus,1,0,0,0,0,0,0,0,0,0,0,0,0,0,0,1,0,0
,Ovis ammon f. aries,1,3,0,2,3,0,0,0,0,2,3,0,0,0,0,1,3,
Kamerunschaf,Ovis ammon f. aries,1,9,0,7,5,0,0,0,0,7,4,0,0,0,0,1,9,0
,Cephalophus natalensis,4,6,0,3,0,0,0,0,0,2,1,0,2,2,0,3,3,
SüdafrikanischeRappenantilope,Hippotragus niger niger,1,2,0,0,1,0,0,0,0,0,0,0,0,0,0,1,3,0
,Oryx dammah,2,3,0,0,0,0,0,0,0,0,0,0,1,0,0,1,3,
Südliche Oryx,Oryx gazella gazella,1,6,0,1,0,0,0,0,0,1,1,0,0,1,0,1,4,0
,Kobus ellipsiprymnus defassa,2,2,0,0,2,0,0,0,0,1,2,0,0,0,0,1,2,
Kafue-Litschi-Moorantilope,Kobus leche kafuensis,3,9,0,0,0,0,0,0,0,0,0,0,0,0,0,3,9,0
