VÖGEL,AVES,2017,geboren,Zugänge,gestorben,Abgabe,2018,Unnamed: 0,Unnamed: 1,Unnamed: 2,Unnamed: 3,Unnamed: 4,Unnamed: 5,Unnamed: 6,Unnamed: 7,Unnamed: 8,Unnamed: 9,Unnamed: 10,Unnamed: 11
Sperlingsvögel,Passeriformes,m,w,u,m,w,u,m,w,u,m,w,u,m,w,u,m,w,u
Rotschnabelkitta,Urocissa erythroryncha,1,1,0,0,0,0,0,0,0,0,0,0,0,0,0,1,1,0
,Laniarius barbarus,0,0,0,0,0,0,1,1,0,0,0,0,0,0,0,1,1,
Langschwanzwürger,Lanius cabanisi,2,1,0,0,0,0,0,0,0,0,0,0,0,0,0,2,1,0
,Corvus albicollis,1,1,0,0,0,0,0,0,0,0,0,0,0,0,0,1,1,
Schildrabe,Corvus albus,1,0,0,0,0,0,0,0,0,0,0,0,0,0,0,1,0,0
,Phonygammus keraudrenii,1,0,0,0,0,0,0,0,0,0,0,0,0,0,0,1,0,
Rotohrbülbül,Pycnonotus jocosus,2,3,0,0,0,2,0,0,0,0,1,0,0,0,0,2,2,2
,Pycnonotus xanthorrous,1,1,0,0,0,0,0,0,0,0,0,0,0,0,0,1,1,
Graubülbül,Pycnonotus barbatus,1,0,0,0,0,0,0,0,0,0,0,0,0,0,0,1,0,0
,Pycnonotus leucogenys,1,0,0,0,0,0,0,0,0,0,0,0,0,0,0,1,0,
Berg (Kikuyu)-Brillenvogel,Zosterops kikuyuensis,0,0,2,0,0,0,0,0,0,0,0,0,0,0,0,0,0,2
,Chloropsis hardwickii,0,0,0,0,0,0,2,1,0,0,0,0,0,0,0,2,1,
Elfenblauvogel,Irena puella,0,1,0,0,0,0,1,1,0,0,1,0,0,0,0,1,1,0
,Acridotheres melanopterus,0,0,0,0,0,0,0,1,0,0,0,0,0,0,0,0,1,
Hirtenmania,Acridotheres tristis,0,1,0,0,0,0,0,0,0,0,0,0,0,0,0,0,1,0
,Aplonis panayensis,2,7,10,0,0,1,0,0,0,0,1,0,0,0,1,2,6,
Amethystglanzstar,Cinnyricinclus leucogaster,3,4,0,0,0,0,0,0,0,0,0,0,0,0,0,3,4,0
,Cosmopsarus regius,6,4,0,1,0,0,1,0,0,1,0,0,0,0,0,7,4,
Lappenstar,Creatophora cinerea,3,2,0,0,0,0,0,1,0,0,0,0,0,0,0,3,3,0
,Gracula religiosa intermedia,1,0,0,0,0,0,0,1,0,0,1,0,0,0,0,1,0,
Grünschwanzglanzstar,Lamprotomis chalybaeus,0,0,1,0,0,0,0,0,0,0,0,0,0,0,0,0,0,1
,Lamprotornis iris,0,1,0,0,0,0,0,0,0,0,0,0,0,0,0,0,1,
Schweifglanzstar,Lamprotomis purpuropterus,1,1,0,0,0,0,0,0,0,0,0,0,0,0,0,1,1,0
