SÄUGETIERE,MAMMALIA,2019,geboren,Zugänge,gestorben,Abgabe,2020,Unnamed: 0,Unnamed: 1,Unnamed: 2,Unnamed: 3,Unnamed: 4,Unnamed: 5,Unnamed: 6,Unnamed: 7,Unnamed: 8,Unnamed: 9,Unnamed: 10,Unnamed: 11
Primaten,Primates,m,w,u,m,w,u,m,w,u,m,w,u,m,w,u,m,w,u
Microcebus murinus,1,2,0,0,0,0,0,0,0,1,1,0,0,0,0,0,1,,
Nycticebus bengalensis,0,1,0,0,0,0,0,0,0,0,0,0,0,0,0,0,1,,
Nycticebus coucang,1,1,0,0,0,0,0,0,0,0,1,0,0,0,0,1,0,,
Galago senegalensis,1,5,0,0,0,0,0,0,0,0,1,0,0,0,0,1,4,,
Callimico goeldii,1,1,0,0,0,0,0,0,0,0,1,0,0,0,0,1,0,,
Callithrix geo  royi,1,1,0,0,0,0,0,0,0,0,1,0,0,0,0,1,0,,
Saguinus imperatorsubgrisecens,1,1,0,0,0,0,0,0,0,1,0,0,0,0,0,0,1,,
Saguinus nigricollis,1,0,0,0,0,0,0,0,0,0,0,0,0,0,0,1,0,,
Saguinus oedipus,1,1,0,0,1,1,0,0,0,0,1,1,0,0,0,1,1,,
Cebus olivaceus,5,3,0,0,0,0,0,0,0,2,0,0,0,0,0,3,3,,
Saimiri sciureus,1,5,3,0,0,5,0,0,0,0,0,2,2,0,0,1,6,,
Aotus azarae,3,4,0,0,0,0,0,0,0,0,0,0,0,0,0,3,4,,
Callicebus cupreus,3,1,0,0,0,0,0,0,0,0,0,0,0,0,0,3,1,,
Alouatta caraya,0,1,0,0,0,0,0,0,0,0,0,0,0,1,0,0,0,,
Ateles fusciceps ru  ventris,1,1,0,0,0,0,0,0,0,0,0,0,0,0,0,1,1,,
Cercopithecus hamlyni,1,2,0,0,1,0,0,0,0,0,0,0,0,0,0,1,3,,
Macaca fuscata,8,8,0,0,0,0,0,0,0,0,0,0,0,0,0,8,8,,
Macaca silenus,2,7,0,0,0,0,0,0,0,0,0,0,0,0,0,2,7,,
Macaca sinica,8,5,0,0,0,0,0,0,0,0,0,0,0,0,0,8,5,,
Mandrillus sphinx,2,2,0,0,0,0,0,0,0,0,0,0,0,0,0,2,2,,
Papio hamadryas,17,24,0,1,0,8,0,0,0,0,3,7,0,0,0,18,21,,
Semnopithecus entellus,1,3,0,0,0,0,0,0,0,0,1,0,0,0,0,1,2,,
Trachypithecus auratus,0,2,0,0,0,0,0,0,0,0,0,0,0,2,0,0,0,,
Hylobates pileatus,1,0,0,0,0,0,0,0,0,0,0,0,0,0,0,1,0,,
Symphalangus syndactylus,3,1,0,0,0,0,0,0,0,1,0,0,0,0,0,2,1,,
Gorilla gorilla gorilla,1,4,0,0,0,0,0,0,0,0,0,0,0,0,0,1,4,,
Pan paniscus,3,3,0,0,1,0,0,0,0,0,0,0,0,0,0,3,4,,
Pan troglodytes,1,2,0,0,0,0,0,0,0,0,0,0,0,0,0,1,2,,
Pan troglodytes schweinfurthii,1,0,0,0,0,0,0,0,0,0,0,0,0,0,0,1,0,,
Pan troglodytes verus,0,1,0,0,0,0,0,0,0,0,0,0,0,0,0,0,1,,
Pongo pygmaeus,2,3,0,0,0,0,0,0,0,0,0,0,0,1,0,2,2,,
