der Entwicklung der Bilanz in der Stärkung des langfristigen,"Das Fremdkapital (einschl. Rechnungsabgrenzungsposten,"
Bereiches wider. Die Gesellschaft wies zum Bilanzstichtag,ohne Sonderposten für Investitionszuschüsse) hat sich vor
"ein Gesamtvermögen in Höhe von 130,635 Mio. € aus (Vj.:",allem durch die Erhöhung der Verbindlichkeiten im Ver-
"117,245 Mio. €). Damit ist es gegenüber dem Vorjahr weiter","gleich zum Vorjahr um rd. 3,208 Mio. € (+9 %) erhöht und"
um rd. 11 % gestiegen.,"beträgt zum Bilanzstichtag rd. 40,077 Mio. € (Vj.: 36,869"
,Mio. €). In den Verbindlichkeiten gegenüber Kreditinsti-
"Das Anlagevermögen beträgt zum Bilanzstichtag rd. 111,505",tuten ist das Investitionsdarlehen zur Mitfinanzierung des
"Mio. € (Vj.: 92,398 Mio. €) und hat sich damit sowohl durch",Vorhabens Neubau Nashornhaus in Höhe von insgesamt
Investitionen in das Sachanlagevermögen als auch in die,"3,0 Mio. € enthalten. Des Weiteren sind in den Sonstigen"
Finanzanlagen gegenüber dem Vorjahr um rd. 21 % erhöht.,Verbindlichkeiten zweckgebundene Spenden in Höhe von
Der Anteil am Gesamtvermögen ist gegenüber dem Vorjahr,"rd. 3,583 Mio. € enthalten, die zum überwiegenden Teil für"
von 79 % auf 85 % gestiegen.,den geplanten Neu-/Umbau des Affenhauses zugewendet
,wurden. Darüber hinaus werden hier auch Verbindlichkeiten
Im Berichtsjahr 2022 wurden Investitionen in Sachanlagen,"aus GRW-Fördermitteln für das Nashornhaus ausgewiesen,"
"in Höhe von rd. 13,788 Mio. € (Vj.: 10,924 Mio. €) vorgenom-",die zum Bilanzstichtag noch nicht verwendet worden sind.
men. Hier sind vor allem die Großprojekte Umgestaltung,
Raubtierhaus und Neubau Nashornanlage sowie die Mo-,Durch die Maßnahmen der Vorjahre und die gute Ge-
dernisierung der Anlagen für die Bären und Wölfe und die,"schäftsentwicklung im Berichtsjahr ist es gelungen, trotz"
Planungsmaßnahmen für das Aquarium enthalten. Darüber,der immensen Umsatzverluste der beiden Pandemiejahre
hinaus wurden die Mittel vor allem für die Fortführung,2020 und 2021 die Eigenfinanzierungskraft der Zoologi-
der Erneuerung der technischen Ausstattung und der,scher Garten Berlin AG zu stabilisieren und insbesondere
technischen Infrastruktur sowie für die Verbesserung der,die Finanzierung der geplanten Bauprojekte und damit die
Besucherinfrastruktur und des Besucherkomforts eingesetzt.,langfristige Existenz des Zoo Berlin zu sichern. Die beste-
,henden Verpflichtungen aus Rückstellungen in Höhe von
Das Finanzanlagevermögen ist im Vergleich zum Vorjahr,"25,292 Mio. € und die Verbindlichkeiten in Höhe von 13,652"
"gestiegen und beträgt zum Bilanzstichtag rd. 38,236",Mio. € sowie auch darüber hinaus bestehende finanzielle
"Mio. € (Vj.: 28,317 Mio. €). Hier sind neben dem seit 2017",Verpflichtungen aus Investitionen (ohne fördermittelfinan-
bestehenden Gesellschafterdarlehen an die Tierpark Ber-,"zierten Teil) in Höhe von 6,384 Mio. € könnten durch die"
"lin-Friedrichsfelde GmbH (1,756 Mio. €; Vj.: 1,756 Mio. €)",zum 31. Dezember 2022 vorhandenen liquiden Mittel von
"auch Wertpapiere mit einem Buchwert von rd. 36,479","16,889 Mio. € zu rund 37,3 % (Vj.: 60 %) finanziert werden."
