Für den Bau tiergärtnerischer Anlagen sind bis 2025 ff. laut,36 Mitarbeitende im Besucherservice sowie 32 Mitarbei-
"Investitionsplan eigene Mittel in Höhe von rd. 52,12 Mio. €",tende in den Bereichen kaufmännische Verwaltung und
vorgesehen. Diese Investitionen stellen eine dauerhafte,Kommunikation und Marketing beschäftigt. Außerdem
Mittelverwendung für satzungsgemäße Zwecke im ideellen,erhielten durchschnittlich zehn Auszubildende im Unter-
Bereich dar. Diese Mittel finden sich in den Gewinnrück-,nehmen ihre Ausbildung.
"lagen wieder. Der Vorstand schlägt daher vor, im Rahmen",
der Ergebnisverwendung den Jahresüberschuss des Be-,Das Gesamthonorar des Abschlussprüfers für das Ge-
"richtsjahres in Höhe von 4.191.868,39 € in die anderen","schäftsjahr 2022 betrug 38,1 T€ (inkl. Umsatzsteuer) für"
Gewinnrücklagen einzustellen.,Abschlussprüfungshonorare.
VI. NACHTRAGSBERICHT,Die Bezüge des Vorstandes werden unter Ausübung des
Besondere Ereignisse haben sich seit dem Ende des,Wahlrechtes gem. § 286 Abs. 4 HGB nicht angegeben.
Geschäftsjahres nicht ereignet.,
,Die Gesamtbezüge ehemaliger Vorstandsmitglieder oder
VII. SONSTIGE ANGABEN,"deren Witwen betrugen 244.870,77 €. Die gebildete"
Sonstige finanzielle Verpflichtungen,Rückstellung für Pensionsverpf lichtungen gegenüber
Der Gesamtbetrag der sonstigen finanziellen Verpflich-,ehemaligen Vorstandsmitgliedern oder Hinterbliebenen
tungen für Investitionen betrug zum Bilanzstichtag rd.,"ehemaliger Vorstandsmitglieder beträgt 3.945.017,00 €."
"6,384 Mio. €. Hiervon entfielen rd. 1,088 Mio. € auf den",
Eigenmittelanteil im Rahmen der GRW-mittelfinanzier-,Die Mitglieder des Aufsichtsrates erhalten gem. § 14 Abs.
ten Maßnahmen. Diese betreffen u. a. den Neubau des,2 der Satzung der Zoologischer Garten Berlin AG ein
"Nashornhauses, der im laufenden Jahr 2023 beendet wird.",Sitzungsgeld für die Teilnahme an den Sitzungen des
"Des Weiteren sind hier auch noch rd. 777,1 T€ für den",Aufsichtsrates und seiner Ausschüsse. Die Bezüge des
Bau der Großvolieren des Raubtierhauses sowie für die,Aufsichtsrates im Geschäftsjahr 2022 betrugen insgesamt
Umgestaltung des Aquariums enthalten.,"14.865,00 € und teilen sich wie folgt auf:"
Weiterhin bestehen finanzielle Verpflichtungen aus der,"Horst-Achim Kern ......................................................... 2.380,00 €"
Ar tenschutzkooperation für die Pandas in Höhe von,"Prof. Dr. Klaus Neumann ............................................ 2.082,50 €"
"1,0 Mio. US-Dollar pro Jahr über die gesamte Laufzeit des","Prof. Dr. Leo Brunnberg............................................... 1.487,50 €"
Vertrages von 15 Jahren. Die Restlaufzeit des Vertrages,"Stefanie Frensch ............................................................ 1.000,00 €"
"beträgt 9,5 Jahre. Diese Summe wird dem Giant Panda","Maria Gleichmann-Pieroth ......................................... 1.487,50 €"
"Conservation Fund zur Verfügung gestellt. 1,0 Mio. US-Dol-","Prof. Swantje Kühn ........................................................1.190,00 €"
lar entsprachen zum Bilanzstichtag am 31.12.2022 einem,"Christian Pandula ......................................................... 1.250,00 €"
"Betrag von 934.579,43 €.","Prof. Dr. Joachim Schindler ........................................ 1.487,50 €"
,"Peter Stanke ................................................................... 1.000,00 €"
Des Weiteren bestehen Verpflichtungen aus Leasingverträ-,"Dr. Petra Warnecke ...................................................... 1.500,00 €"
"gen (213,1 T€) für eine Kehrmaschine, einen Teleskopkran",
sowie vier Pkw mit Restlaufzeiten zwischen zehn und 32,"Für die Organmitglieder besteht eine D&O-Versicherung,"
Monaten.,"für die im Berichtsjahr eine Prämie in Höhe von 21.577,51 €"
,gezahlt wurde.
Darüber hinaus bestehen Wartungsverträge für die tur-,
nusmäßigen und gesetzlich vorgeschriebenen Wartungen,Vorstand und Aufsichtsrat der Zoologischer Gar ten
