VÖGEL,AVES,2020,geboren,Zugänge,gestorben,Abgabe,2021,Unnamed: 0,Unnamed: 1,Unnamed: 2,Unnamed: 3,Unnamed: 4,Unnamed: 5,Unnamed: 6,Unnamed: 7,Unnamed: 8,Unnamed: 9,Unnamed: 10,Unnamed: 11
Taubenvögel,Columbiformes,m,w,u,m,w,u,m,w,u,m,w,u,m,w,u,m,w,u
Rote Lockentaube,Columbia livia f. domestica,0,0,8,0,0,4,0,0,0,0,0,2,0,0,0,0,0,10
,Columbia livia f. domestica,3,3,8,0,0,6,0,0,0,0,0,10,0,0,0,3,3,
"Südd. Mönchstaube,blau-weiß geschultert",Columbia livia f. domestica,0,0,6,0,0,0,0,0,0,0,0,0,0,0,0,0,0,6
,Gallicolumba criniger,4,1,0,0,0,0,0,0,0,0,0,0,1,0,0,3,1,
Dolchstichtaube,Gallicolumba luzonica,3,4,2,0,0,0,0,0,0,0,1,0,0,1,0,4,3,0
,Gallicolumba rufigula,1,0,0,1,0,0,0,0,0,0,0,0,0,0,0,1,0,
Celebes-Erdtaube,Gallicolumba tristigmata,0,1,0,0,0,0,0,0,0,0,1,0,0,0,0,0,0,0
,Leucosarcia melanoleuca,1,1,0,0,0,0,0,0,0,0,0,0,0,0,0,1,1,
Schopftaube,Ocyphaps lophotes,2,0,0,0,0,0,0,0,0,1,0,0,0,0,0,1,0,0
,Oena capensis,2,0,0,0,0,0,0,0,0,0,0,0,0,0,0,2,0,
Fasanentaube,Otidiphaps nobilis,1,0,0,0,0,0,0,0,0,0,0,0,0,0,0,1,0,0
,Otidiphaps aruensis,1,1,0,0,0,1,0,0,0,0,0,1,0,0,0,1,1,
Goldstirnfruchttaube,Ptilinopus aurantiifrons,3,2,1,0,0,2,0,0,0,1,1,1,1,0,0,2,2,0
,Ptilinopus coronulatus,0,1,0,0,0,0,0,0,0,0,0,0,0,0,0,0,1,
Greyfruchttaube,Ptilinopus greyii,5,2,0,1,0,0,0,0,0,1,0,0,1,0,0,4,2,0
,Ptilinopus iozonus,1,2,0,0,0,0,0,0,0,0,0,0,0,0,0,1,2,
Schwarznacken-fruchttaube,Ptilinopus melanospilus,2,2,0,1,0,0,0,0,0,0,0,0,0,0,0,3,2,0
Papageien,Psittaciformes,m,w,u,m,w,u,m,w,u,m,w,u,m,w,u,m,w,u
Erzlori,Lorius domicella,1,1,0,1,1,0,0,0,0,0,0,0,0,0,0,2,2,0
,Lathamus discolor,0,1,0,0,0,0,0,0,0,0,0,0,0,0,0,0,1,
Kea,Nestor notabilis,2,2,0,0,0,0,0,0,0,1,1,0,0,0,0,1,1,0
,Aratinga solstitialis,1,1,0,0,0,0,1,1,0,0,0,0,0,0,0,2,2,
Springsittich,Cyanoramphus auricens,1,1,0,0,0,0,0,0,0,0,0,0,0,0,0,1,1,0
,Psephotos chrysopteryglus,1,1,0,0,0,0,0,0,0,0,1,0,0,0,0,1,0,
Schönsittich,Neophema pulchella,1,1,0,0,0,0,0,0,0,0,0,0,0,0,0,1,1,0
,Melopsittacus undulatus,21,13,0,8,0,0,0,0,0,3,3,0,0,0,0,26,10,
Hyazinthara,Andorhynchus hyacinthinus,1,1,0,0,0,0,0,0,0,0,0,0,0,0,0,1,1,0
,Primolius maracana,1,3,0,0,0,0,0,0,0,0,0,0,0,0,0,1,3,
Soldatenara,Ara militaris mexicana,1,2,0,0,0,0,0,0,0,0,0,0,0,0,0,1,2,0
,Amazone lilacina,1,1,0,0,0,0,0,0,0,0,0,0,0,0,0,1,1,
Kuba-Amazone,Amazona leucocephala,1,1,0,0,0,0,0,0,0,0,0,0,0,0,0,1,1,0
,Calytorhynchus banksii,3,1,0,0,0,0,0,0,0,0,0,0,0,0,0,3,1,
Weißhaubenkakadu,Cacatua alba,2,0,0,0,0,0,0,0,0,0,0,0,0,0,0,2,0,0
,Cacatua goffini,1,1,0,0,0,0,0,0,0,0,0,0,0,0,0,1,1,
Inka-Kakadu,Cacatua leadbeateri,1,0,0,0,0,0,0,0,0,0,0,0,0,0,0,1,0,0
Cacatua sulphureacitrinocristata,0,1,0,0,0,0,0,0,0,0,0,0,0,0,0,0,1,,
