PASSIVA,2017,2016,Unnamed: 0
A.,EIGENKAPITAL,in €,in €
I.Gezeichnetes Kapital,,,
1.Grundkapital,"1.716.000,00","1.716.000,00",
2.Nennbetrag eigener Anteile,"-832,00","-676,00",
Summe Gezeichnetes Kapital,"1.715.168,00","1.715.324,00",
,,"62.659,07",
,,,
,,"139.989,53",
,,"832,00",
,,"55.756.316,72",
,,"55.897.138,25",
IV.Gewinnvortrag,"0,00","391.518,01",
V.Jahresüberschuss,"2.691.386,12","3.660.064,77",
,,"60.366.351,44",
B.,RÜCKSTELLUNGEN,,
,,,
1.Rückstellungen für Pensionen und ähnliche Verpflichtungen,"11.954.450,68","15.398.797,93",
2.Steuerrückstellungen,"5.969,00","5.969,00",
3.Sonstige Rückstellungen,"2.025.166,00","1.190.030,00",
Summe Rückstellungen,"13.985.585,68","16.594.796,93",
