""
Tagestickets Zoo,Eintrittskarten 2019,Eintrittskarten 2018,+/- Vorjahr in %
Erwachsene,745.352,706.671,5 %
"",160.687,159.150,
Kinder,116.381,101.863,14 %
"",308.832,279.320,
Andere Eintrittsgelder,18.832,15.995,18 %
Summe Tagestickets Zoo,1.350.084,1.262.999,7 %
Tagestickets Zoo-Aquarium,Eintrittskarten 2019,Eintrittskarten 2018,+/- Vorjahr in %
Erwachsene,357.713,326.756,9 %
"",76.752,72.482,
Kinder,53.556,45.275,18 %
"",199.027,174.919,
Andere Eintrittsgelder,1.956,1.153,70 %
Summe Tagestickets Zoo-Aquarium,689.004,620.585,11 %
SUMME TAGESTICKETS TOTAL,2.039.088,1.883.584,8 %
Jahreskarten Zoo,Eintrittskarten 2019,Eintrittskarten 2018,+/- Vorjahr in %
Erwachsene,14.983,14.003,7 %
"",3.583,3.401,
Kinder,459,410,12 %
"",21.207,20.641,
1-2-3-Card,7.705,5.523,40 %
Summe Jahreskarten Zoo,47.937,43.978,9 %
Jahreskarten Zoo-Aquarium,Eintrittskarten 2019,Eintrittskarten 2018,+/- Vorjahr in %
"",5.047,4.202,
Ermäßigte,1.295,1.192,9 %
"",245,208,
Familien,9.412,8.903,6 %
"",7.705,5.523,
Summe Jahreskarten Zoo-Aquarium,23.704,20.028,18 %
SUMME JAHRESKARTEN  TOTAL,71.641,64.006,12 %
Sonstige Tickets Zoo*,127.090,131.691,-3 %
"",61.616,56.868,
Summe Tickets Zoo,1.525.111,1.438.668,6 %
"",774.324,697.481,
EINTRITTSKARTEN GESAMT,2.299.435,2.136.149,8 %
Ermittelte Besucher**,3.729.999,3.573.763,4 %
Im Aquarium Berlin,Diese etwas anspruchsvollere Art konnte im Berliner,"zone, um schließlich im Karibischen Meer zu enden."
""
""
AKTIVA,2019,2018,
A.,ANLAGEVERMÖGEN,in €,in €
"I.Immaterielle Vermögensgegenstände, gewerblicheSchutzrechte und ähnliche Rechte und Werte","164.160,00","244.176,00",
II.Sachanlagen,,,
1.Grundstücke und Bauten,"38.182.608,00","39.195.149,00",
2.Technische Anlagen und Maschinen,"1.875.970,00","2.009.074,00",
"3.Andere Anlagen, Betriebs- und Geschäftsausstattung","1.889.645,00","1.831.222,00",
4.Geleistete Anzahlungen und Anlagen im Bau,"9.611.621,31","3.678.218,41",
Summe Sachanlagen,"51.559.844,31","46.713.663,41",
"",,,
"1.755.608,92","1.755.608,92",,
"15.227.695,76","11.449.068,19",,
"1.120,00","1.120,00",,
"16.984.424,68","13.205.797,11",,
Summe Anlagevermögen,"68.708.428,99","60.163.636,52",
B.,UMLAUFVERMÖGEN,,
I.Vorräte,,,
"1.Roh-, Hilfs- und Betriebsstoffe","171.543,00","172.596,00",
2.Fertige Erzeugnisse,"6.520,00","8.563,00",
Summe Vorräte,"178.063,00","181.159,00",
"",,,
"","311.627,55","252.585,19",
"","350.280,92","125.833,23",
"","264.113,88","277.792,82",
"","926.022,35","656.211,24",
"III.WertpapiereSonstige Wertpapiere","1,00","1,00",
"","20.310.125,18","22.068.389,15",
Summe Umlaufvermögen,"21.414.211,53","22.905.760,39",
C.,RECHNUNGSABGRENZUNGSPOSTEN,"549.818,25","508.449,07"
SUMME AKTIVA,"90.672.458,77","83.577.845,98"
""
PASSIVA,2019,2018,
A.,EIGENKAPITAL,in €,in €
I.Gezeichnetes Kapital,,,
1.Grundkapital,"1.716.000,00","1.716.000,00",
2.Nennbetrag eigener Anteile,"-156,00","-156,00",
Summe Gezeichnetes Kapital,"1.715.844,00","1.715.844,00",
"","62.659,07","62.659,07",
III.Gewinnrücklagen,,,
1.Gesetzliche Rücklage,"139.989,53","139.989,53",
2.Rücklagen für eigene Anteile,"156,00","156,00",
3.Andere Gewinnrücklagen,"61.857.814,96","58.447.702,84",
Summe Gewinnrücklagen,"61.997.960,49","58.587.848,37",
"1.683.111,05","3.410.112,12",,
Summe Eigenkapital,"65.459.574,61","63.776.463,56",
B.,SONDERPOSTEN FÜR INVESTITIONSZUSCHÜSSE ZUM ANLAGEVERMÖGEN,"438.184,32","135.482,02"
"",,,
C.,RÜCKSTELLUNGEN,,
"",,,
1.Rückstellungen für betriebliche Altersversorgung und ähnliche Verpflichtungen,"18.380.424,13","14.273.651,07",
2.Steuerrückstellungen,"18.120,25","0,00",
3.Sonstige Rückstellungen,"1.155.755,00","1.302.366,00",
Summe Rückstellungen,"19.554.299,38","15.576.017,07",
D.,VERBINDLICHKEITEN,,
"1.Erhaltene Anzahlungen auf Bestellungen- davon mit einer Restlaufzeit bis zu einem Jahr € 167.425,50 (Vorjahr: T€ 99)","167.425,50","98.815,10",
"2.Verbindlichkeiten aus Lieferungen und Leistungen- davon mit einer Restlaufzeit bis zu einem Jahr € 2.871.910,19 (Vorjahr: T€ 2.139)","2.929.570,29","2.296.312,66",
"3.Sonstige Verbindlichkeiten:- davon mit einer Restlaufzeit bis zu einem Jahr € 810.103,67 (Vorjahr: T€ 543)","810.103,67","542.912,57",
Summe Verbindlichkeiten,"3.907.099,46","2.938.040,33",
E.,RECHNUNGSABGRENZUNGSPOSTEN,"1.313.301,00","1.151.843,00"
SUMME PASSIVA,"90.672.458,77","83.577.845,98"
""
GEWINN- UND VERLUSTRECHNUNG,2019,2018
"",,
"",,
"1.Erträge aus Investitionszuschüssen","302.702,30","135.482,02"
2.Zuführung zum Sonderposten für Investitionszuschüsse,"-302.702,30","-135.482,02"
3.Spenden und Zuwendungen,"6.132.732,40","6.770.789,51"
4.Umsatzerlöse,"27.563.179,09","25.196.703,06"
5.Sonstige betriebliche Erträge,"795.180,54","878.771,01"
6.Gesamtleistung,"34.491.092,03","32.846.263,58"
"","-4.560.109,88","-3.837.498,68"
"","-1.751.013,02","-1.602.765,46"
"","-2.809.096,86","-2.234.733,22"
8.Mittelverwendung,"-978.906,10","-1.269.823,71"
"","-16.974.345,83","-14.000.474,50"
"","-10.513.932,63","-9.920.041,07"
"","-6.460.413,20","-4.080.433,43"
"10.Abschreibungen auf Immaterielle Vermögensgegenständeund Sachanlagen","-2.545.884,45","-2.451.153,28"
"","-7.481.083,84","-7.071.666,45"
12.Erträge aus anderen Wertpapieren des Finanzanlagevermögens,"153.800,52","98.174,63"
"","9.000,44","11.788,49"
"14.Zinsen und ähnliche Aufwendungen- davon Aufwendungen aus Aufzinsung € 707.697,00 (Vorjahr: T€ 726)","-349.985,06","-865.160,39"
"","-45.309,61","-14.540,95"
"16.Ergebnis nach Steuern","1.718.268,22","3.445.908,74"
"","-35.157,17","-35.796,62"
"18.Jahresüberschuss","1.683.111,05","3.410.112,12"
""
EIGENKAPITALSPIEGEL,01.01.2019,Entnahme,Einstellung,31.12.2019
Eigenkapital,in €,in €,in €,in €
I.   Gezeichnetes Kapital,"1.715.844,00","0,00","0,00","1.715.844,00"
1. Grundkapital,"1.716.000,00","0,00","0,00","1.716.000,00"
2. Nennbetrag eigener Anteile,"-156,00","0,00","0,00","-156,00"
"","62.659,07","0,00","0,00",
III.  Gewinnrücklagen,"58.587.848,37","0,00","3.410.112,12","61.997.960,49"
1. Gesetzliche Rücklage,"139.989,53","0,00","0,00","139.989,53"
2. Rücklage für eigene Anteile,"156,00","0,00","0,00","156,00"
3. Andere Gewinnrücklagen,"58.447.702,84","0,00","3.410.112,12","61.857.814,96"
"","0,00","0,00","0,00",
V.  Jahresüberschuss,"3.410.112,12","-3.410.112,12","1.683.111,05","1.683.111,05"
"63.776.463,56","-3.410.112,12","5.093.223,17",,
""
""
VERBINDLICHKEITEN,RESTLAUFZEITEN,,,,,,
"",bis zu einem Jahr,"zwischen einemund fünf Jahren",mehr als fünf Jahre,Gesamt,,,
"",2019,2018,2019,2018,2019,2018,2019
"",,,,,,,
"",in €,in T€,in €,in T€,in €,in T€,in €
"1.Erhaltene Anzahlungenauf Bestellungen","167.425,50","98,8","0,00","0,0","0,00","0,0","167.425,50"
"","2.871.910,19","2.139,2","57.660,10","157,1","0,00","0,0",
"3.Sonstige Verbindlichkeiten- davon aus Steuern: 0,00 €(Vj.: 0,00 T€)- davon im Rahmen der sozialenSicherheit: 0,00 € (Vj.: 0,00 T€)","810.103,67","542,9","0,00","0,0","0,00","0,0","810.103,67"
"3.849.439,36","2.780,90","57.660,10","157,10","0,00","0,00",,
""
""
UMSATZERLÖSE,2019,2018,
"",,in €,in €
"",itte,"23.986.149,29",
Füh,ungsgebühren,"252.270,00","240.378,00"
"",handising,"6.453,22",
Mie,en und Pachten,"1.448.347,90","1.338.029,27"
"",etingpartnerschaften,"394.018,69",
Lize,zen,"0,00","384,64"
"",tige Umsatzerlöse,"1.475.939,99",
Um,atzerlöse,"27.563.179,09","25.196.703,06"
"",der Berlinwasser Holding GmbH
"",(Vorsitzender)
Horst-Achim Kern . . . . . . . . . . . . . . . . . . . . . . . . . . . . . . . . . . . . . . . . . . . . . . . . . . . . . . . . . . . . . . . . .,Geschäftsführer PROHACON GmbH
"",(1. stellv. Vorsitzender)
Prof. Dr. rer. hort. Klaus Neumann . . . . . . . . . . . . . . . . . . . . . . . . . . . . . . . . . . . . . . . . . . .,"Landschaftsarchitekt, Professor an"
"",der Beuth-Hochschule für Technik Berlin
"",(2. stellv. Vorsitzender)
Thomas Albrecht . . . . . . . . . . . . . . . . . . . . . . . . . . . . . . . . . . . . . . . . . . . . . . . . . . . . . . . . . . . . . . . . . .,Beirat der August Storck KG
Prof. Dr. med. vet. Leo Brunnberg . . . . . . . . . . . . . . . . . . . . . . . . . . . . . . . . . . . . . . . . . . .,Direktor der Klinik und Poliklinik für kleine Haustiere Berlin i. R.
Dr. Johannes Evers . . . . . . . . . . . . . . . . . . . . . . . . . . . . . . . . . . . . . . . . . . . . . . . . . . . . . . . . . . . . . . . .,Vorsitzender des Vorstands der Berliner Sparkasse
Prof. Swantje Kühn . . . . . . . . . . . . . . . . . . . . . . . . . . . . . . . . . . . . . . . . . . . . . . . . . . . . . . . . . . . . . . . .,"Architektin, Partnerin GKK Architekten BDA,"
"",Professorin an der Hochschule Ostwestfalen-Lippe
Prof. Dr. Joachim Schindler . . . . . . . . . . . . . . . . . . . . . . . . . . . . . . . . . . . . . . . . . . . . . . . . . . . .,Wirtschaftsprüfer und Steuerberater
Maria Gleichmann-Pieroth . . . . . . . . . . . . . . . . . . . . . . . . . . . . . . . . . . . . . . . . . . . . . . . . . . . .,Beirätin Pieroth Wein AG und Beirätin Kohl GmbH & Co. KG
Christian Toll . . . . . . . . . . . . . . . . . . . . . . . . . . . . . . . . . . . . . . . . . . . . . . . . . . . . . . . . . . . . . . . . . . . . . . . .,"Tierpfleger, Zoo Berlin AG"
Dr. Petra Warnecke . . . . . . . . . . . . . . . . . . . . . . . . . . . . . . . . . . . . . . . . . . . . . . . . . . . . . . . . . . . . . . .,Bereichsleiterin Auftraggeber und Geschäftsentwicklung
Alle Werte in €,Stand am 01.01.2019,,Zugang,Abgang,Umbuchung,Stand am 31.12.2019
"77.049.811,48","14.309.921,26","3.385.837,07","0,00","87.973.895,67"
"","426.767,35","35.831,16","37.328,81","0,00","425.269,70"
II.  Sachanlagen,,,,,
1. Grundstücke und Bauten,"49.639.902,88","710.718,18","0,00","0,00","50.350.621,06"
2. Technische Anlagen und,,,,,
Maschinen,"4.643.576,50","191.597,10","0,00","0,00","4.835.173,60"
"3. Andere Anlagen, Betriebs-",,,,,
und Geschäftsausstattung,"5.455.549,23","459.801,01","148.564,92","0,00","5.766.785,32"
4. Geleistete Anzahlungen und,,,,,
Anlagen im Bau,"3.678.218,41","5.933.402,90","0,00","0,00","9.611.621,31"
"","63.417.247,02","7.295.519,19","148.564,92","0,00","70.564.201,29"
III.  Finanzanlagen,,,,,
1. Ausleihungen an ver-,,,,,
bundene Unternehmen,"1.755.608,92","0,00","0,00","0,00","1.755.608,92"
"","182.591,35","98.429,16","19.910,81","261.109,70","164.160,00","244.176,00"
II.  Sachanlagen,,,,,,
1. Grundstücke und Bauten,"10.444.753,88","1.723.259,18","0,00","12.168.013,06","38.182.608,00","39.195.149,00"
2. Technische Anlagen und,,,,,,
Maschinen,"2.634.502,50","324.701,10","0,00","2.959.203,60","1.875.970,00","2.009.074,00"
"3. Andere Anlagen, Betriebs-",,,,,,
und Geschäftsausstattung,"3.624.327,23","399.495,01","146.681,92","3.877.140,32","1.889.645,00","1.831.222,00"
4. Geleistete Anzahlungen und,,,,,,
Anlagen im Bau,"0,00","0,00","0,00","0,00","9.611.621,31","3.678.218,41"
"","16.703.583,61","2.447.455,29","146.681,92","19.004.356,98","51.559.844,31","46.713.663,41"
III.  Finanzanlagen,,,,,,
1. Ausleihungen an ver-,,,,,,
bundene Unternehmen,"0,00","0,00","0,00","0,00","1.755.608,92","1.755.608,92"
Außerdem sind die gesetzlichen Vertreter verantwortlich für,,"durch sowie erlangen Prüfungsnachweise, die ausreichend"
"die Aufstellung des Lageberichts, der insgesamt ein zutref-",,"und geeignet sind, um als Grundlage für unsere Prüfungs-"
fendes Bild von der Lage der Gesellschaft vermittelt sowie,,"urteile zu dienen. Das Risiko, dass wesentliche falsche"
in allen wesentlichen Belangen mit dem Jahresabschluss,,"Darstellungen nicht aufgedeckt werden, ist bei Verstößen"
"in Einklang steht, den deutschen gesetzlichen Vorschriften",,"höher als bei Unrichtigkeiten, da Verstöße betrügerisches"
entspricht und die Chancen und Risiken der zukünftigen,,"Zusammenwirken, Fälschungen, beabsichtigte Unvollstän-"
Entwicklung zutreffend darstellt. Ferner sind die gesetzlichen,,"digkeiten, irreführende Darstellungen bzw. das Außer-"
Vertreter verantwortlich für die Vorkehrungen und Maßnah-,,kraftsetzen interner Kontrollen beinhalten können.
"men (Systeme), die sie als notwendig erachtet haben, um die",,
Aufstellung eines Lageberichts in Übereinstimmung mit den,•,gewinnen wir ein Verständnis von dem für die Prüfung des
PERSONALKENNZAHLEN,2015,2016,2017,2018,2019
SÄUGETIERE MAMMALIA,,2018,,geboren,Zugänge,gestorben,Abgabe,,,2019,
Beuteltiere Marsupialia,m,w,u,m w u,m w u,m w u,m w u,,m,w,u
Kurzschwanzoppossum Monodelphis domestica,0,2,0,7 8 0,1 0 0,0 0 0,2 2 0,,6,8,0
Parma Känguru Macropus parma,7,3,1,1 2 1,0 0 0,1 1 0,3 0 0,,4,5,1
Rotes Riesenkänguru Macropus rufus,2,2,0,0 0 0,0 0 0,0 0 0,0 0 0,,2,2,0
Insektenfresser Insectivora,m,w,u,m w u,m w u,m w u,m w u,,m,w,u
Kleiner Igeltanrek Echinops telfairi,1,0,2,0 0 0,0 0 0,0 0 0,0 0 0,,1,0,2
Röhrchenzähner Tubulidendata,m,w,u,m w u,m w u,m w u,m w u,,m,w,u
Erdferkel Orycteropus afer,1,1,0,1 0 0,1 1 0,1 0 0,1 1 0,,1,1,0
Rüsseltiere Proboscidae,m,w,u,m w u,m w u,m w u,m w u,,m,w,u
Asiatischer Elefant Elephas maximus,1,5,0,0 0 0,0 0 0,0 1 0,0 0 0,,1,4,0
Zahnarme Pilosa,m,w,u,m w u,m w u,m w u,m w u,,m,w,u
Weißborstengürteltier Euphractus sexcinctus,1,2,0,1 1 0,0 0 0,0 0 0,0 0 0,,2,3,0
Südliches Kugelgürteltier Tolypiotes matacus,1,1,0,1 0 1,0 0 0,1 0 0,0 0 0,,1,1,1
Zweifingerfaultier Choloepus didactylus,1,1,0,0 0 1,0 0 0,0 0 1,0 0 0,,1,1,0
Großer Ameisenbär Myrmecophaga tridactyla,1,1,0,0 0 0,0 0 0,0 0 0,0 0 0,,1,1,0
Primaten Primates,m,w,u,m w u,m w u,m w u,m w u,,m,w,u
Grauer Mausmaki Microcebus murinus,1,3,0,0 0 0,0 0 0,0 1 0,0 0 0,,1,2,0
Weißkopfmaki Eulemur albifrons,3,2,0,0 0 0,0 0 0,2 0 0,1 2 0,,0,0,0
Bengalischer Plumplori Nycticebus bengalensis,0,1,0,0 0 0,0 0 0,0 0 0,0 0 0,,0,1,0
Plumplori Nycticebus coucang,1,1,0,0 0 0,0 0 0,0 0 0,0 0 0,,1,1,0
Senegal-Galago Galago senegalensis,3,5,0,0 0 1,0 0 0,2 0 1,0 0 0,,1,5,0
Springtamarin Callimico goeldii,1,1,0,0 0 0,0 0 0,0 0 0,0 0 0,,1,1,0
Geoffroys Seidenäffchen Callithrix geoffroyi,1,1,0,0 0 0,0 0 0,0 0 0,0 0 0,,1,1,0
Saguinus imperator  Kaiserschnurrbarttamarin 0subgrisecens,1,2,0,0 1 0,0 0 0,0 2 0,0 0 0,,1,1,
Schwarzrücken-Tamarin Saguinus nigricollis,1,0,0,0 0 0,0 0 0,0 0 0,0 0 0,,1,0,0
Lisztaffe Saguinus oedipus,1,1,0,2 0 0,0 0 0,2 0 0,0 0 0,,1,1,0
Brauner Kapuziner Cebus olivaceus,5,3,0,0 0 0,0 0 0,0 0 0,0 0 0,,5,3,0
Totenkopfäffchen Saimiri sciureus,2,5,0,1 1 4,0 0 0,1 1 1,1 0 0,,1,5,3
Bolivien-Nachtaffe Aotus azarae,2,4,1,0 0 0,0 0 0,0 0 0,0 0 0,,3,4,0
Roter Springaffe Callicebus cupreus,2,1,1,0 0 0,0 0 0,0 0 0,0 0 0,,3,1,0
Schwarzer Brüllaffe Alouatta caraya,0,1,0,0 0 0,0 0 0,0 0 0,0 0 0,,0,1,0
Braunkopfklammeraffe Ateles fusciceps rufiventris,1,1,0,0 0 0,0 0 0,0 0 0,0 0 0,,1,1,0
Eulenkopf-Meerkatze Cercopithecus hamlyni,1,3,0,1 0 0,0 0 0,1 1 0,0 0 0,,1,2,0
""
SÄUGETIERE,MAMMALIA,2018,geboren,Zugänge,gestorben,Abgabe,2019,,,,,,,,,,,,
Primaten,Primates,m,w,u,m,w,u,m,w,u,m,w,u,m,w,u,m,w,u
Rotgesichtsmakak,Macaca fuscata,8,8,0,0,0,0,0,0,0,0,0,0,0,0,0,8,8,0
"",Macaca silenus,2,7,0,0,0,0,0,0,0,0,0,0,0,0,0,2,7,
Ceylon-Hutaffe,Macaca sinica,9,5,0,0,0,0,0,0,0,1,0,0,0,0,0,8,5,0
"",Mandrillus sphinx,2,2,0,0,0,0,0,0,0,0,0,0,0,0,0,2,2,
Mantelpavian,Papio hamadryas,17,23,1,0,2,4,0,0,0,1,1,4,0,0,0,17,24,0
"",Semnopithecus entellus,1,4,0,0,0,0,0,0,0,0,1,0,0,0,0,1,3,
Haubenlangur,Trachypithecus auratus,0,2,0,0,0,0,0,0,0,0,0,0,0,0,0,0,2,0
"",Hylobates pileatus,1,0,0,0,0,0,0,0,0,0,0,0,0,0,0,1,0,
Siamang,Symphalangus syndactylus,2,1,1,0,0,0,0,0,0,0,0,0,0,0,0,3,1,0
"",Gorilla gorilla gorilla,1,4,0,0,0,0,1,0,0,0,0,0,1,0,0,1,4,
Bonobo,Pan paniscus,2,4,0,1,0,0,0,0,0,0,0,0,0,1,0,3,3,0
"",Pan troglodytes,2,3,0,0,0,0,0,0,0,0,0,0,0,0,0,2,3,
Sumatra-Orang-Utan,Pongo pygmaeus,2,3,0,0,0,0,0,0,0,0,0,0,0,0,0,2,3,0
Nagetiere,Rodentia,m,w,u,m,w,u,m,w,u,m,w,u,m,w,u,m,w,u
Prevosts Schönhörnchen,Callosciurus prevostii rafflesii,1,1,0,0,0,0,0,0,0,0,1,0,0,0,0,1,0,0
"","Callosciurus prevostiibangkanus",1,0,0,0,0,0,0,0,0,0,0,0,0,0,0,1,0,
Alpenmurmeltier,Marmota marmota,2,2,0,0,0,0,0,0,0,0,0,0,0,0,0,2,2,0
"",Castor fiber,1,2,0,0,0,0,0,0,0,0,1,0,0,0,0,1,1,
Roborowski-Zwerghamster,Phodopus roborovskii,2,2,0,2,2,0,0,0,0,2,2,0,0,0,0,2,2,0
"",Mus minutoides,2,6,0,7,4,0,0,0,0,5,2,0,0,0,0,4,8,
Blasse Wüstenspringmaus,Gerbillus perpallidus,4,9,0,7,0,9,0,0,0,7,8,0,0,0,0,4,10,0
"",Pedetes capensis,4,5,0,3,0,0,0,0,0,2,4,0,0,0,0,5,1,
Graumull,Cryptomys anselli,9,2,2,0,0,8,0,0,0,1,0,1,0,0,0,10,2,7
"",Atherurus africanus,2,1,0,0,0,0,0,0,0,0,0,0,0,0,0,2,1,
"SüdafrikanischesStachelschwein",Hystrix africaeaustralis,1,2,0,0,0,0,0,0,0,0,0,0,0,0,0,1,2,0
"",Cavia aperea f. percellus,0,0,15,0,0,0,0,0,0,0,0,0,0,0,0,0,0,
Große Mara,Dolichotis patagonum,5,0,0,0,0,0,0,0,0,0,0,0,0,0,0,5,0,0
"",Hydrochaeris hydrochaeris,1,2,0,0,0,0,0,1,0,0,0,0,0,2,0,1,1,
Moko,Kerodon rupestris,2,2,0,0,0,1,0,0,0,2,2,1,0,0,0,0,0,0
Dasyprocta leporina,0,1,0,0,0,0,0,0,0,0,0,0,0,0,0,0,1,,
"Blaue Degu-Maus, Cururo",Spalacopus cyaneus,3,3,0,0,0,1,0,0,0,1,0,0,0,0,0,2,3,1
""
SÄUGETIERE,MAMMALIA,2018,geboren,Zugänge,gestorben,Abgabe,2019,,,,,,,,,,,,
Hasenartige,Lagomorpha,m,w,u,m,w,u,m,w,u,m,w,u,m,w,u,m,w,u
Grauer Wiener,"Oryctolagus cuniculusf. domestica",0,1,0,0,0,0,0,0,0,0,1,0,0,0,0,0,0,0
"","Oryctolagus cuniculusf. domestica",1,1,0,0,0,0,0,0,0,1,1,0,0,0,0,0,0,
Roter Neuseeländer,"Oryctolagus cuniculusf. domestica",0,1,0,0,0,0,0,0,0,0,1,0,0,0,0,0,0,0
"","Oryctolagus cuniculusf. domestica",1,5,0,1,2,0,0,0,0,1,5,0,0,0,0,1,2,
Fledertiere,Chiroptera,m,w,u,m,w,u,m,w,u,m,w,u,m,w,u,m,w,u
Gemeiner Vampir,Desmodus rotundus,1,4,0,0,0,0,0,0,0,0,1,0,0,0,0,1,3,0
"",Glossophaga soricina,17,16,0,6,3,0,0,0,0,1,0,0,0,0,0,22,19,
Brillenblattnase,Carollia perspillicata,38,39,0,17,8,0,0,0,0,5,2,0,0,0,0,50,45,0
Raubtiere,Carnivora,m,w,u,m,w,u,m,w,u,m,w,u,m,w,u,m,w,u
Sandkatze,Felis margarita,0,1,0,0,0,0,0,0,0,0,0,0,0,0,0,0,1,0
"",Leopardus pardalis,0,0,0,0,1,0,0,0,0,0,0,0,0,0,0,0,1,
Rostkatze,Prionailurus rubiginosus,1,1,0,0,0,0,0,0,0,1,0,0,0,0,0,0,1,0
"",Panthera leo,0,2,0,0,0,0,0,0,0,0,0,0,0,1,0,0,1,
Persischer Leopard,Panthera pardus saxicolor,1,1,0,0,0,0,0,0,0,0,0,0,0,1,0,1,0,0
"",Herpaillurus yaguaroundi,0,1,0,0,0,0,0,0,0,0,1,0,0,0,0,0,0,
Ringelschwanzmungo,Galidia elegans,2,4,1,1,0,0,0,0,0,0,0,0,1,1,0,3,3,0
"",Mungotictis decemlineata,3,4,1,0,1,1,0,0,0,1,0,1,0,0,0,3,5,
Zwergmanguste,Helogale parvula,6,3,0,0,0,0,0,2,0,0,0,0,5,3,0,1,2,0
"",Suricata suricatta,1,2,0,0,0,0,0,2,0,0,0,0,0,0,0,1,4,
Tundrawolf,Canis lupus hudsonicus,2,1,0,0,0,0,0,0,0,0,0,0,0,0,0,2,1,0
""
SÄUGETIERE,MAMMALIA,2018,geboren,Zugänge,gestorben,Abgabe,2019,,,,,,,,,,,,
Raubtiere,Carnivora,m,w,u,m,w,u,m,w,u,m,w,u,m,w,u,m,w,u
"Afrikanischer Wildhund,Hyänenhund",Lycaon pictus,5,2,0,0,0,0,0,0,0,0,0,0,0,0,0,5,2,0
"",Vulpes zerda,0,1,0,0,0,0,1,0,0,0,0,0,0,1,0,1,0,
Großer Panda,Ailuropoda melanoleuca,1,1,0,2,0,0,0,0,0,0,0,0,0,0,0,3,1,0
"",Melursus ursinus,2,2,0,0,0,0,0,0,0,0,0,0,0,0,0,2,2,
Eisbär,Ursus maritimus,1,1,0,0,0,0,0,0,0,0,0,0,1,0,0,0,1,0
"",Ursus thibetanus,1,0,0,0,0,0,0,0,0,0,0,0,0,0,0,1,0,
Südafrikanischer Seebär,Arctocephalus pusillus,0,1,0,0,0,0,0,0,0,0,0,0,0,0,0,0,1,0
"",Zalophus californianus,2,6,0,1,1,0,0,0,0,0,0,0,0,0,0,3,7,
Seehund,Phoca vitulina,3,4,0,2,0,0,0,0,0,1,0,0,0,0,0,4,4,0
"",Aonyx cinereus,1,1,0,0,0,0,0,0,0,0,0,0,0,0,0,1,1,
Tayra,Eira barbata,1,1,0,0,0,0,0,0,0,0,0,0,0,0,0,1,1,0
"",Potos flavus,2,2,0,0,0,1,0,0,0,0,0,0,0,0,0,3,2,
Roter Nasenbär,Nasua nasua,0,2,0,0,0,0,0,0,0,0,1,0,0,1,0,0,0,0
"",Nasua narica,0,0,0,0,0,0,1,1,0,0,0,0,0,0,0,1,1,
Unpaarhufer,Perissodactyla,m,w,u,m,w,u,m,w,u,m,w,u,m,w,u,m,w,u
Zwergesel,Equus asinus f. asinus,1,3,0,0,0,0,0,0,0,0,0,0,0,0,0,1,3,0
"",Equus quagga boehmi,1,6,0,0,1,0,0,0,0,0,0,0,0,2,0,1,5,
Grévy-Zebra,Equus grevyi,1,3,0,0,0,0,0,0,0,0,0,0,1,0,0,0,3,0
"",Equus przewalskii,0,1,0,0,0,0,0,0,0,0,0,0,0,0,0,0,1,
Shetland-Pony,Equus przewalskii f. caballus,3,1,0,0,0,0,0,0,0,0,0,0,0,0,0,3,1,0
"",Tapirus bairdii,1,0,0,0,0,0,0,0,0,0,0,0,0,0,0,1,0,
Flachlandtapir,Tapirus terrestris,1,1,0,0,0,0,0,0,0,0,0,0,0,0,0,1,1,0
"",Diceros bicornis,0,3,0,0,0,0,0,0,0,0,0,0,0,0,0,0,3,
Panzernashorn,Rhinocerus unicornis,0,2,0,0,0,0,1,1,0,0,0,0,0,2,0,1,1,0
Paarhufer,Artiodactyla,m,w,u,m,w,u,m,w,u,m,w,u,m,w,u,m,w,u
Hirscheber,Babyrousa babyrussa,1,2,0,0,0,0,0,0,0,0,0,0,0,0,0,1,2,0
"",Sus b. barbatus,1,0,0,0,0,0,0,0,0,0,0,0,0,0,0,1,0,
Visaya-Pustelschwein,Sus cebifrons medinus,1,1,0,0,0,0,0,0,0,0,0,0,0,0,0,1,1,0
"",Sus scrofa f. domestica,0,1,0,0,0,0,0,0,0,0,0,0,0,0,0,0,1,
Weißbartpekari,Tayassu pecari,14,20,0,5,4,0,0,0,0,4,4,0,2,4,0,13,16,0
"",Cheoropsis liberiensis,1,1,0,0,0,0,0,0,0,0,0,0,0,0,0,1,1,
Flusspferd,Hippopotamus amphibius,1,3,0,0,0,0,0,0,0,0,0,0,0,0,0,1,3,0
"",Camelus dromedarius,0,2,0,0,0,0,0,0,0,0,0,0,0,2,0,0,0,
Guanako,Lama guanicoe,0,4,0,0,0,0,0,0,0,0,0,0,0,4,0,0,0,0
"",Lama pacos,3,4,0,2,0,0,0,0,0,1,0,0,1,0,0,3,4,
Vikugna,Vicugna vicugna,1,2,0,0,0,0,0,0,0,0,0,0,0,0,0,1,2,0
Tragulus javanicus,2,1,0,0,0,0,1,1,0,1,0,0,0,0,0,2,2,,
""
SÄUGETIERE,MAMMALIA,2018,geboren,Zugänge,gestorben,Abgabe,2019,,,,,,,,,,,,
Paarhufer,Artiodactyla,m,w,u,m,w,u,m,w,u,m,w,u,m,w,u,m,w,u
Weißwedelhirsch,Odocoileus virginianus,0,2,0,0,0,0,0,0,0,0,0,0,0,0,0,0,2,0
"",Pudu pudu,1,2,0,0,1,0,0,0,0,1,0,0,0,1,0,0,2,
Europäisches Waldrentier,Rangifer tarandus fennicus,1,5,0,0,0,0,0,0,0,0,0,0,0,0,0,1,5,0
"",Cervus nippon nippon,0,2,0,0,0,0,0,0,0,0,0,0,0,0,0,0,2,
"MesopotamischerDamhirsch",Dama dama mesopotamica,3,0,0,0,0,0,0,0,0,1,0,0,0,0,0,2,0,0
"",Muntiacus reevesi,4,0,0,0,0,0,0,0,0,1,0,0,2,0,0,1,0,
Barasinghahirsch,Rucervus duvauceli,1,2,0,0,1,0,0,0,0,0,0,0,1,0,0,0,3,0
"",Cervus alfredi,2,1,0,0,1,0,0,0,0,0,0,0,1,0,0,1,2,
Chinesisches Wasserreh,Hydropotes inermis,1,3,0,0,2,0,0,0,0,0,2,0,0,0,0,1,3,0
"","Giraffa camelopardalisreticulata",1,0,0,0,0,0,0,0,0,0,0,0,0,0,0,1,0,
Rothschildgiraffe,"Giraffa camelopardalisrothschildi",1,0,0,0,0,0,0,0,0,0,0,0,0,0,0,1,0,0
"",Okapi johnstoni,1,1,0,0,0,0,0,0,0,0,0,0,0,0,0,1,1,
Blessbock,Damaliscus pygargus,1,2,0,0,1,0,0,0,0,0,0,0,0,1,0,1,2,0
"",Antidorcas marsupialis,2,0,0,0,0,0,0,0,0,1,0,0,0,0,0,1,0,
Hirschziegenantilope,Antilope cervicapra,1,7,0,0,0,0,0,0,0,0,0,0,0,0,0,1,7,0
"",Litocranius walleri,1,0,0,0,0,0,1,0,0,0,0,0,1,0,0,1,0,
Kirkdikdik,Madoqua kirkii,3,3,0,1,4,0,0,0,0,1,1,0,2,1,0,1,4,0
"",Bison bison,2,3,0,1,1,0,0,0,0,2,0,0,1,1,0,0,3,
Wisent,Bison bonasus,2,1,0,0,0,0,0,0,0,0,0,0,0,0,0,2,1,0
"",Bos javanicus javanicus,1,5,0,2,0,0,0,0,0,0,0,0,0,0,0,3,5,
Hinterwälder Rind,Bos taurus,2,3,0,0,1,0,1,0,0,0,1,0,2,1,0,1,2,0
"",Bos taurus taurus watusi,1,4,0,0,1,0,0,0,0,0,0,0,0,2,0,1,3,
Vorderindischer Gaur,Bos gaurus gaurus,1,4,0,0,0,0,0,0,0,1,0,0,0,0,0,0,4,0
"",Bubalus bubalis,3,4,0,0,0,1,0,0,0,0,0,0,1,1,0,2,4,
Tieflandanoa,"Bubalus (Anoa)depressicornis",1,2,0,0,0,0,0,0,0,0,0,0,0,0,0,1,2,0
"",Syncerus caffer nanus,0,3,0,0,0,0,0,0,0,0,0,0,0,0,0,0,3,
Elenantilope,Tragelaphus oryx,1,3,0,1,1,0,0,0,0,0,1,0,0,0,0,2,3,0
"",Tragelaphus angasii,1,3,0,0,0,0,0,0,0,0,0,0,1,0,0,0,3,
Östlicher Bongo,Tragelaphus euryceros,1,2,0,0,0,0,0,1,0,0,0,0,0,0,0,1,3,0
"",Tragelaphus spekii gratus,1,4,0,1,0,0,0,0,0,1,1,0,0,0,0,1,3,
Großer Kudu,Tragelaphus strepsiceros,1,3,0,2,0,0,0,0,0,0,0,0,0,0,0,3,3,0
"",Budorcas taxicolor tibetana,2,1,0,0,0,0,0,0,0,0,0,0,0,0,0,2,1,
Afrikanische Zwergziege,Capra aegragrus f. hircus,1,8,0,8,3,0,0,0,0,2,0,0,2,3,0,5,8,0
"",Capra aegragrus f. hircus,1,0,0,0,0,0,0,0,0,0,0,0,0,0,0,1,0,
Sibirischer Steinbock,Capra ibex sibirica,6,7,0,3,2,0,0,0,0,0,0,0,0,0,0,9,9,0
""
SÄUGETIERE,MAMMALIA,2018,geboren,Zugänge,gestorben,Abgabe,2019,,,,,,,,,,,,
Paarhufer,Artiodactyla,m,w,u,m,w,u,m,w,u,m,w,u,m,w,u,m,w,u
Coburger Fuchsschaf,Ovis ammon f. aries,1,3,0,3,4,0,0,0,0,2,4,0,0,0,0,2,3,0
"",Ovis ammon f. aries,1,7,0,7,4,0,0,0,0,6,4,0,1,2,0,1,5,
Rotducker,Cephalophus natalensis,3,3,0,1,0,0,1,0,0,3,0,0,0,1,0,2,2,0
"",Hippotragus niger niger,1,2,0,1,1,0,0,0,0,2,0,0,0,0,0,0,3,
Säbelantilope,Oryx dammah,1,2,0,0,0,0,0,0,0,1,0,0,0,0,0,0,2,0
"",Oryx gazella gazella,1,4,0,0,0,0,0,0,0,0,0,0,0,0,0,1,4,
Defassa-Wasserbock,Kobus ellipsiprymnus defassa,1,2,0,1,2,0,0,0,0,1,2,0,0,0,0,1,2,0
Kobus leche kafuensis,2,9,0,0,0,0,0,0,0,0,0,0,0,0,0,2,9,,
""
VÖGEL,AVES,2018,geboren,Zugänge,gestorben,Abgabe,2019,,,,,,,,,,,,
Straußenvögel,Struthioniformes,m,w,u,m,w,u,m,w,u,m,w,u,m,w,u,m,w,u
"SüdafrikanischerBlauhalsstrauß",Struthio camelus australis,1,3,0,0,0,0,0,0,0,0,0,0,0,0,0,1,3,0
"",Rhea americana,0,2,0,0,0,0,0,0,0,0,1,0,0,0,0,0,1,
Helmkasuar,Casuarius casuarius,1,1,0,0,0,0,0,0,0,0,0,0,0,0,0,1,1,0
"",Dromaius novaehollandiae,1,1,0,0,0,0,0,0,0,0,0,0,0,0,0,1,1,
Nördlicher Streifenkiwi,Apteryx australis mantelli,5,4,0,0,0,0,0,0,0,1,0,0,0,0,0,4,4,0
Hühnervögel,Galliformes,m,w,u,m,w,u,m,w,u,m,w,u,m,w,u,m,w,u
Australisches Buschhuhn,Alectura lathami lathami,1,1,0,0,0,0,0,0,0,0,0,0,0,0,0,1,1,0
"",Pipile cumanensis,1,1,0,1,0,0,0,0,0,0,0,0,1,0,0,1,1,
Tuberkel-Hokko,Crax rubra,1,1,0,0,0,0,0,0,0,0,0,0,0,0,0,1,1,0
"",Crax fasciolata,1,0,0,0,0,0,0,0,0,0,0,0,1,0,0,0,0,
Helmperlhuhn,Numida meleagris f. dom.,1,1,8,0,0,0,0,0,0,0,0,2,0,0,0,1,1,6
"",Arborophila gingica,2,2,0,0,0,0,0,1,0,1,2,0,0,0,0,1,1,
Harlekinwachtel,Coturnix delegorgnei,7,3,0,2,1,0,0,0,0,2,0,0,1,2,0,6,4,0
"",Coturnix chinensis,3,3,2,2,5,0,0,0,0,1,0,0,4,4,0,2,4,
Strausswachtel,Rollulus roulroul,9,3,5,0,0,0,0,0,0,3,1,0,0,3,0,8,2,0
"",Gallus gallus,6,9,0,3,2,0,0,0,0,3,4,0,3,1,0,3,6,
Federfüßiges Zwerghuhn,Gallus gallus f. domestica,3,10,0,1,6,0,0,0,0,1,6,0,0,0,0,3,10,0
"",Gallus gallus f. domestica,3,10,0,1,7,0,0,0,0,1,7,0,0,0,0,3,10,
Zwerg Lakenfelder,Gallus gallus f. domestica,3,10,0,1,4,0,0,0,0,1,4,0,0,0,0,3,10,0
"",Gallus gallus f. domestica,3,8,0,1,1,0,0,0,0,1,2,0,0,0,0,3,7,
Zwergseidenhuhn,Gallus gallus f. domestica,3,13,0,2,5,0,0,0,0,2,5,0,0,0,0,3,13,0
"",Gallus gallus f. domestica,3,10,0,1,6,0,0,0,0,1,6,0,0,0,0,3,10,
Sonnerathuhn,Gallus sonneratii,1,2,0,0,0,0,0,0,0,0,0,0,0,0,0,1,2,0
"",Lophura edwardsi,1,1,0,2,0,1,0,0,0,0,0,1,1,0,0,2,1,
Feuerrückenfasan,Lophura ignita,1,0,0,0,0,0,0,0,0,0,0,0,0,0,0,1,0,0
"",Syrmaticus ellioti,1,1,0,0,0,0,0,0,0,0,0,0,0,0,0,1,1,
Amherstfasan,Chrysolophus amerstiae,1,1,0,0,0,0,0,0,0,0,0,0,0,0,0,1,1,0
"",Tragopan caboti,0,0,0,0,0,0,1,1,0,0,0,0,0,0,0,1,1,
Brauner Pfaufasan,Polyplectron germaini,1,1,0,0,0,0,0,0,0,0,0,0,0,0,0,1,1,0
"",Polyplectron bicalcaratum,3,0,0,0,0,0,0,0,0,2,0,0,0,0,0,1,0,
Palawan-Pfaufasan,Polyplectron napoleonis,3,1,0,1,1,0,0,0,0,0,0,0,1,0,0,3,2,0
"",Argusianus argus,1,2,0,0,0,0,0,0,0,0,0,0,0,0,0,1,2,
Gelbkehlfrankolin,Pternistis leucoscepus,1,1,0,0,0,0,0,0,0,0,0,0,0,0,0,1,1,0
Gänsevögel,Anseriformes,m,w,u,m,w,u,m,w,u,m,w,u,m,w,u,m,w,u
Halsband-Tschaja,Chauna torquata,1,1,0,0,0,0,0,0,0,0,0,0,0,0,0,1,1,0
"",Dendrocygna bicolor,14,5,0,0,0,0,0,0,0,2,0,0,0,0,0,12,5,
Witwenpfeifgans,Dendrocygna viduata,20,21,2,7,9,0,0,0,0,4,4,0,0,0,0,24,26,1
""
VÖGEL,AVES,2018,geboren,Zugänge,gestorben,Abgabe,2019,,,,,,,,,,,,
Gänsevögel,Anseriformes,m,w,u,m,w,u,m,w,u,m,w,u,m,w,u,m,w,u
Spaltfußgans,Anseranas semipalmata,0,1,0,0,0,0,0,0,0,0,0,0,0,1,0,0,0,0
"",Anser albrifons flavirostris,0,1,0,0,0,0,0,0,0,0,0,0,0,1,0,0,0,
Schneegans,Anser caerulescens,1,0,0,0,0,0,0,0,0,0,0,0,0,0,0,1,0,0
"",Anser cygnoid,3,3,0,0,0,0,2,1,0,1,0,0,0,0,0,4,4,
Streifengans,Anser indicus,1,1,0,0,0,0,0,0,0,0,1,0,0,0,0,1,0,0
"",Branta leucopsis,0,1,0,0,0,0,0,0,0,0,0,0,0,0,0,0,1,
Rothalsgans,Branta ruficollis,4,2,0,0,0,0,0,2,0,0,0,0,0,0,0,4,4,0
"",Branta sandvicensis,2,3,0,0,0,0,0,0,0,0,0,0,0,0,0,2,3,
Blauflügelgans,Cyanochen cyanoptera,1,1,0,0,0,0,0,0,0,0,0,0,0,0,0,2,0,0
"",Coscoroba coscoroba,2,1,0,0,0,0,0,0,0,0,0,0,1,0,0,1,1,
Singschwan,Cygnus cygnus,1,1,0,0,0,0,0,0,0,0,0,0,0,0,0,1,1,0
"",Cygnus melancoryphus,0,1,0,0,0,0,0,0,0,0,1,0,0,0,0,0,0,
Mandarinente,Aix galericulata,5,3,0,0,0,0,0,0,0,5,3,0,0,0,0,0,0,0
"",Aix sponsa,12,11,0,0,0,0,0,0,0,9,11,0,0,0,0,3,0,
Nilgans,Alopochen aegyptiacus,1,1,0,0,0,0,0,0,0,1,0,0,0,0,0,0,1,0
"",Anas acuta,4,8,0,6,0,0,1,1,0,4,7,0,0,0,0,7,2,
Bahamaente,Anas bahamensis,11,4,0,0,0,0,0,0,0,3,0,0,0,0,0,8,4,0
"",Anas bernieri,1,1,0,0,0,0,0,0,0,0,0,0,0,0,0,1,1,
Europäische Krickente,Anas crecca,1,1,0,0,0,0,0,0,0,0,0,0,0,0,0,1,1,0
"",Anas flavirostris oxyptera,2,0,0,0,0,0,0,0,0,0,0,0,0,0,0,2,0,
Philippinenente,Anas luzonica,4,5,0,0,0,0,0,0,0,0,1,0,0,0,0,4,4,0
"","Anas platyrhynchusf. domestica",4,5,0,2,0,4,0,0,0,1,0,4,1,0,0,4,5,
Gelbschnabelente,Anas undulata,1,0,0,0,0,0,0,0,0,0,0,0,0,0,0,1,0,0
"",Aythya ferina,16,17,0,0,0,0,2,2,0,1,2,0,0,0,0,17,17,
Reiherente,Aythya fuligula,17,20,0,0,0,0,1,0,0,0,0,0,0,0,0,18,20,0
"",Aythya marila,1,1,4,0,0,4,0,0,0,0,0,2,0,0,0,2,4,
Europäische Moorente,Aythya nyroca,37,28,0,0,0,0,0,5,0,5,28,0,0,0,0,32,5,0
"",Bucephala clangula,1,0,0,0,0,0,0,2,0,0,0,0,0,0,0,1,2,
Rotschulterente,Callonetta leucophrys,5,4,0,0,0,0,0,0,0,1,1,0,4,3,0,0,0,0
"",Mergellus albellus,0,1,0,0,0,0,1,0,0,0,0,0,0,0,0,1,1,
Kappensäger,Mergus cucullatus,2,2,0,0,0,0,0,0,0,0,0,0,0,0,0,2,2,0
"",Mergus merganser,2,0,0,0,0,0,0,0,0,0,0,0,0,0,0,2,0,
Marmelente,Marmaronetta argustirostris,0,0,0,0,0,0,1,1,0,0,0,0,0,0,0,1,1,0
"",Netta peposaca,8,10,0,0,0,0,0,0,0,4,6,0,0,0,0,4,4,
Kolbenente,Netta rufina,15,7,0,0,0,0,1,2,0,13,5,0,0,0,0,3,4,0
Oxyura j. jamaicensis,14,16,0,0,0,0,0,0,0,11,12,0,0,0,0,3,4,,
""
VÖGEL,AVES,2018,geboren,Zugänge,gestorben,Abgabe,2019,,,,,,,,,,,,
Gänsevögel,Anseriformes,m,w,u,m,w,u,m,w,u,m,w,u,m,w,u,m,w,u
Baikalente,Sibirionetta formosa,0,0,0,0,0,0,1,1,0,0,0,0,0,0,0,1,1,0
"",Somateria molissima,2,1,0,0,0,0,0,0,0,0,0,0,0,0,0,2,1,
"Magellan-Dampfschiffente",Tachyeres pteneres,1,1,0,0,0,0,0,0,0,0,1,0,0,0,0,1,0,0
"",Tadorna ferruginea,2,3,0,0,0,0,0,0,0,0,1,0,0,0,0,2,2,
Brandgans,Tadorna tadorna,11,16,0,0,0,0,0,0,0,11,15,0,0,0,0,0,1,0
"",Mareca falcata,1,0,0,0,0,0,0,0,0,0,0,0,0,0,0,1,0,
Europäische Pfeifente,Mareca penelope,1,5,0,0,0,0,0,3,0,1,5,0,0,0,0,0,3,0
"",Mareca sibilatrix,14,10,0,0,0,0,0,0,0,4,5,0,0,0,0,10,5,
Löffelente,Spatula clypeata,4,8,0,0,0,0,1,1,0,0,4,0,0,0,0,5,5,0
"",Spatula cyanoptera,1,0,0,0,0,0,0,1,0,0,0,0,0,0,0,1,1,
Hottentottenente,Spatula hottentota,1,3,0,0,0,6,0,0,0,0,1,5,0,0,0,1,2,1
"",Spatula platalea,5,6,0,0,0,0,0,0,0,3,2,0,0,0,0,2,4,
Knäkente,Spatula querquedula,0,0,4,0,0,0,0,0,0,0,0,2,0,0,0,0,2,0
"",Speculanas specularis,1,1,0,0,0,0,0,0,0,1,0,0,0,0,0,0,1,
Malaienente,Asarcornis scutulata,2,1,0,0,0,0,0,0,0,0,0,0,0,0,0,2,1,0
Pinguine,Sphenisciformes,m,w,u,m,w,u,m,w,u,m,w,u,m,w,u,m,w,u
Königspinguin,Aptenodytes patagonica,3,2,0,0,0,0,2,0,0,0,1,0,0,0,0,5,1,0
"",Eudyptes chrysocome,2,3,0,0,1,0,0,0,0,0,0,0,0,0,0,2,4,
Brillenpinguin,Spheniscus demersus,9,10,0,1,0,1,0,0,0,0,0,0,0,0,0,10,10,1
Spheniscus humboldti,8,7,0,0,0,0,0,1,0,0,1,0,0,0,0,8,7,,
""
VÖGEL,AVES,2018,geboren,Zugänge,gestorben,Abgabe,2019,,,,,,,,,,,,
Flamingos,Phoenicopteriformes,m,w,u,m,w,u,m,w,u,m,w,u,m,w,u,m,w,u
Zwergflamingo,Phoeniconaias minor,18,9,4,0,0,0,0,0,0,2,0,0,0,0,0,19,10,0
"",Phoenicoparrus andinus,7,7,0,0,0,0,0,0,0,0,1,0,0,0,0,7,6,
Jamesflamingo,Phoenicoparrus jamesi,4,6,0,0,0,0,0,0,0,2,1,0,0,0,0,2,5,0
"",Phoenicopterus chilensis,11,14,0,0,0,0,0,0,0,0,1,0,0,0,0,11,13,
Rosaflamingo,Phoenicopterus ruber roseus,17,10,0,0,0,0,0,0,0,1,1,0,0,0,0,16,9,0
"","Phoenicopterus chilensis xPhoenicopterus ruber roseus",0,1,0,0,0,0,0,0,0,0,1,0,0,0,0,0,0,
Schreitvögel,Ciconiiformes,m,w,u,m,w,u,m,w,u,m,w,u,m,w,u,m,w,u
Hammerkopf,Scopus umbretta,1,1,0,1,2,3,0,0,0,0,0,0,1,2,0,1,1,0
"",Ciconia nigra,1,0,0,0,0,0,0,1,0,1,0,0,0,0,0,0,1,
Abdimstorch,Ciconia abdimii,6,14,0,1,1,0,0,0,0,0,1,0,2,5,0,5,9,0
"",Ciconia ciconia,1,1,0,0,0,0,0,0,0,0,0,0,0,0,0,1,1,
Marabu,Leptoptilos crumenifer,1,2,0,0,0,0,0,0,0,0,1,0,0,0,0,1,1,0
"",Eudocimus ruber,7,4,0,0,0,0,0,0,0,2,1,0,5,3,0,0,0,
Brillenibis,Theristicus caudatus,0,1,1,0,0,0,0,0,0,0,0,1,0,0,0,0,1,0
"",Geronticus eremita,3,2,12,0,2,0,1,0,0,0,0,0,0,0,0,11,9,
Schopfibis,Lophotibis cristata,1,1,0,1,0,2,0,0,0,0,0,1,0,0,0,2,1,1
"",Platalea leucorodia,0,0,2,0,0,0,0,0,0,0,0,0,0,0,0,2,0,
Kuhreiher,Bubulcus ibis,5,1,0,1,0,0,0,0,0,0,0,0,0,0,0,6,1,0
"",Ardeola grayii,1,0,0,0,0,0,0,0,0,0,0,0,0,0,0,1,0,
Prachtreiher,Ardeola speciosa,2,1,0,0,0,0,0,0,0,0,0,0,0,0,0,2,1,0
"",Cochlearius cochlearius,0,1,0,0,0,0,0,0,0,0,0,0,0,1,0,0,0,
Zwergdommel,Ixobrychus minutus,2,2,0,0,0,0,0,0,0,0,0,0,1,1,0,1,1,0
Ruderfüßer,Pelicaniformes,m,w,u,m,w,u,m,w,u,m,w,u,m,w,u,m,w,u
Brillenpelikan,Pelecanus conspicillatus,3,4,0,0,0,0,0,0,0,1,0,0,0,0,0,2,4,0
"",Pelecanus crispus,4,7,1,0,0,5,0,0,0,1,1,0,0,0,0,8,7,
Nashornpelikan,Pelecanus erythrorhynchos,2,2,0,0,0,1,0,0,0,0,0,1,0,0,0,2,2,0
"",Pelecanus rufescens,4,3,0,0,0,0,0,0,0,0,0,0,0,0,0,4,3,
Greifvögel,Falconiformes,m,w,u,m,w,u,m,w,u,m,w,u,m,w,u,m,w,u
Schopf-Karakara,Caracara plancus,1,1,0,0,0,0,0,0,0,0,0,0,0,0,0,1,1,0
"",Aquila chrysaetos,1,1,0,0,2,0,0,0,0,0,0,0,0,1,0,1,2,
Bartgeier,Gypaetus barbatus,1,1,0,0,0,0,0,0,0,0,0,0,0,0,0,1,1,0
"",Gypohierax angolensis,1,2,0,0,0,,0,0,0,0,0,0,0,0,0,1,2,
Gänsegeier,Gyps fulvus,2,1,0,0,0,0,1,0,0,0,0,0,0,0,0,3,1,0
"",Haliaetus leucocephalus,1,1,0,0,0,0,0,0,0,0,0,0,0,0,0,1,1,
Schreiseeadler,Haliaetus vocifer,0,1,0,0,0,0,0,0,0,0,0,0,0,0,0,0,1,0
"",Necrosyrtes monachus,3,2,0,0,0,0,0,0,0,0,0,0,0,0,0,3,2,
Schmutzgeier,Neophron percnopterus,1,1,0,0,0,0,0,0,0,0,0,0,0,0,0,1,1,0
""
VÖGEL,AVES,2018,geboren,Zugänge,gestorben,Abgabe,2019,,,,,,,,,,,,
Greifvögel,Falconiformes,m,w,u,m,w,u,m,w,u,m,w,u,m,w,u,m,w,u
Gaukler,Terathopius ecaudatus,1,1,0,0,0,0,0,0,0,0,0,0,0,0,0,1,1,0
"",Trigonoceps occipitalis,1,0,0,0,0,0,0,1,0,0,0,0,0,0,0,1,1,
Königsgeier,Sarcoramphus papa,1,1,0,0,0,0,0,0,0,0,0,0,0,0,0,1,1,0
"",Vultur gryphus,1,2,0,0,0,0,0,0,0,0,0,0,0,1,0,1,1,
Kranichvögel,Gruiformes,m,w,u,m,w,u,m,w,u,m,w,u,m,w,u,m,w,u
Senegaltrappe,Eupodotis senegalensis,1,0,0,0,0,0,0,0,0,0,0,0,0,0,0,1,0,0
"",Rhynochetus jubatus,1,1,0,0,0,0,1,0,0,1,0,0,0,0,0,1,1,
Seriema,Cariama cristata,1,1,0,1,1,0,0,0,0,0,0,0,0,0,0,2,2,0
"",Eurypyga helias,0,1,0,0,0,0,1,0,0,0,0,0,0,0,0,1,1,
Wachtelkönig,Crex crex,1,0,0,0,0,0,1,0,0,1,0,0,0,0,0,1,0,0
"","Balearica regulorumregulorum",0,0,0,0,0,0,1,1,0,0,0,0,0,0,0,1,1,
Mandschurenkranich,Grus japonensis,1,1,0,0,0,0,0,0,0,0,0,0,0,0,0,1,1,0
"",Grus leucogeranus,0,0,0,0,0,0,1,1,0,0,1,0,0,0,0,1,0,
Wat- und Möwenvögel,Charadriformes,m,w,u,m,w,u,m,w,u,m,w,u,m,w,u,m,w,u
Kap-Triel,Burhinus capensis,1,1,0,2,0,0,0,0,0,0,0,0,2,0,0,1,1,0
"",Haematonus ostralegus,3,0,0,0,0,0,0,0,0,0,0,0,0,0,0,3,0,
"Schwarznacken-Stelzenläufer",Himantopus mexicanus,1,1,0,0,0,0,0,0,0,0,0,0,0,0,0,1,1,0
"",Recurvirostra avosetta,1,0,32,0,0,0,0,0,0,0,0,0,0,0,0,1,0,
Sandregenpfeifer,Charadrius hiaticula,1,1,0,0,0,0,0,0,0,0,0,0,0,0,0,1,1,0
"",Vanellus senegallus,1,1,0,0,0,0,0,0,0,0,1,0,0,0,0,1,0,
Schwarzkopfkiebitz,Vanellus tectus,0,0,0,0,0,0,1,1,0,0,0,0,0,0,0,1,1,0
"",Vanellus miles miles,1,2,0,0,0,0,0,1,0,0,0,0,1,1,0,0,0,
Großer Brachvogel,Numenius arquata,0,1,0,0,0,0,0,0,0,0,0,0,0,0,0,0,1,0
"",Tringa totanus,0,0,1,0,0,0,0,0,0,0,0,0,0,0,0,0,0,
Steinwälzer,Arenaria interpres,1,0,0,0,0,0,0,0,0,0,0,0,0,0,0,1,0,0
"",Philomachus pugnax,0,0,3,0,0,0,0,0,0,0,0,1,0,0,0,1,1,
Inka-Seeschwalbe,Larosterna inca,3,5,0,0,0,2,0,0,0,0,0,3,0,0,0,2,4,2
Flughühner,Pteroclidiformes,m,w,u,m,w,u,m,w,u,m,w,u,m,w,u,m,w,u
Sandflughuhn,Pterocles orientales,0,0,0,0,0,0,4,4,0,0,2,0,2,2,0,2,0,0
Taubenvögel,Columbiformes,m,w,u,m,w,u,m,w,u,m,w,u,m,w,u,m,w,u
Mähnentaube,Caloenas nicobarica,1,1,0,0,0,0,0,0,0,0,0,0,0,0,0,1,1,0
"",Columbia livia,0,0,14,0,0,9,0,0,0,0,0,5,0,0,4,0,0,
Socorrotaube,Zenaida graysoni,0,0,0,0,0,0,0,2,0,0,1,0,0,0,0,0,1,0
"",Columbia livia f. domestica,0,0,16,0,0,5,0,0,0,0,0,5,0,0,0,0,0,
Deutsche Nonne,Columbia livia f. domestica,2,2,8,0,0,8,0,0,0,0,0,5,0,0,0,2,2,11
""
VÖGEL,AVES,2018,geboren,Zugänge,gestorben,Abgabe,2019,,,,,,,,,,,,
Taubenvögel,Columbiformes,m,w,u,m,w,u,m,w,u,m,w,u,m,w,u,m,w,u
Rote Lockentaube,Columbia livia f. domestica,0,0,7,0,0,0,0,0,0,0,0,1,0,0,0,0,0,6
"",Columbia livia f. domestica,3,3,10,0,0,7,0,0,0,0,0,9,0,0,0,3,3,
"Südd. Mönchstaube,blauweiß geschultert",Columbia livia f. domestica,0,0,7,0,0,0,0,0,0,0,0,1,0,0,0,0,0,6
"",Gallicolumba criniger,3,2,0,0,0,1,0,0,0,0,0,0,0,0,0,3,2,
Dolchstichtaube,Gallicolumba luzonica,2,2,1,1,2,6,0,0,0,0,0,5,0,0,0,3,4,2
"",Gallicolumba rufigula,1,0,0,0,0,0,0,0,0,0,0,0,0,0,0,1,0,
Celebes-Erdtaube,Gallicolumba tristigmata,0,1,0,0,0,0,0,0,0,0,0,0,0,0,0,0,1,0
"",Leptotila jamaicensis,1,1,0,0,0,0,0,0,0,0,0,0,0,0,0,1,1,
Wongataube,Leucosarcia melanoleuca,1,1,0,0,0,0,0,0,0,0,0,0,0,0,0,1,1,0
"",Ocyphaps lophotes,2,0,0,0,0,0,0,0,0,0,0,0,0,0,0,2,0,
Kaptäubchen,Oena capensis,2,0,0,0,0,0,0,0,0,0,0,0,0,0,0,2,0,0
"",Otidiphaps nobilis,1,0,0,0,0,0,0,0,0,0,0,0,0,0,0,1,0,
"Weißnacken-Fasanentaube",Otidiphaps aruensis,1,1,0,0,0,0,0,0,0,0,0,0,0,0,0,1,1,0
"",Ptilinopus aurantiifrons,1,2,0,0,0,2,1,0,0,0,1,1,0,0,0,3,1,
"Veilchenkappenfrucht-taube",Ptilinopus coronulatus,0,1,0,0,0,0,0,0,0,0,0,0,0,0,0,0,1,0
"",Ptilinopus greyii,4,2,2,0,1,6,0,0,0,0,0,2,1,2,0,3,3,
Orangebauchfruchttaube,Ptilinopus iozonus,1,1,0,0,0,0,1,1,0,1,0,0,0,0,0,1,2,0
"",Ptilinopus melanospilus,2,2,0,0,0,0,0,0,0,0,1,0,0,0,0,2,1,
Madagaskar Turteltaube,Nesoenas picturata,1,0,0,0,0,0,0,0,0,0,0,0,0,0,0,1,0,0
"",Spilopelia senegalensis,0,0,2,0,0,0,0,0,0,0,0,0,0,0,0,0,0,
Turteltaube,Streptopelia turtur,0,0,0,0,0,0,1,1,0,0,0,0,0,0,0,1,1,0
Papageien,Psittaciformes,m,w,u,m,w,u,m,w,u,m,w,u,m,w,u,m,w,u
Erzlori,Loiusus domicella,1,1,0,0,0,0,0,0,0,0,0,0,0,0,0,1,1,0
"",Trichoglossus haematodus,0,0,1,0,0,0,0,0,0,0,0,0,0,0,1,0,0,
Kea,Nestor notabilis,1,1,0,0,0,0,0,0,0,0,0,0,0,0,0,1,1,0
"",Cyanoramphus auriceps,1,1,0,0,0,0,0,0,0,0,0,0,0,0,0,1,1,
Hoodedsittich,Psephotos chrysopteryglus,1,1,0,0,0,0,0,0,0,0,0,0,0,0,0,1,1,0
"",Neophema pulchella,1,1,0,0,0,0,0,0,0,0,0,0,0,0,0,1,1,
Wellensittich,Melopsittacus undulatus,22,10,0,0,0,0,0,0,0,1,2,0,0,0,0,21,8,0
"",Andorhynchus hyacinthinus,1,1,0,0,0,0,0,0,0,1,0,0,0,0,0,1,0,
Marakana,Primolius maracana,2,2,0,0,0,0,0,0,0,1,0,0,0,0,0,1,2,0
"",Ara militaris militaris,2,2,0,0,0,0,0,0,0,0,0,0,0,0,0,1,3,
Zitronensittich,Bolborhynchus aurifrons,2,0,0,0,0,0,0,0,0,2,0,0,0,0,0,0,0,0
"",Amazona aestiva,0,0,1,0,0,0,0,0,0,0,0,0,0,0,1,0,0,
Ecuadoramazone,Amazone autumnalis lilacina,0,0,0,0,0,0,1,1,0,0,0,0,0,0,0,1,1,0
""
VÖGEL,AVES,2018,geboren,Zugänge,gestorben,Abgabe,2019,,,,,,,,,,,,
Papageien,Psittaciformes,m,w,u,m,w,u,m,w,u,m,w,u,m,w,u,m,w,u
Kuba-Amazone,Amazona leucocephala,1,1,0,0,0,0,0,0,0,0,0,0,0,0,0,1,1,0
"",Probosciger aterrimus,1,0,0,0,0,0,0,0,0,0,0,0,0,0,0,1,0,
Banks Rabenkakadu,Calytorhynchus banksii,3,1,0,0,0,0,0,0,0,0,0,0,0,0,0,3,1,0
"",Cacatua alba,2,0,0,0,0,0,0,0,0,0,0,0,0,0,0,2,0,
Goffins-Kakadu,Cacatua goffini,1,1,0,0,0,0,0,0,0,0,0,0,0,0,0,1,1,0
"",Cacatua leadbeateri,2,2,0,0,0,0,0,0,0,0,1,0,0,0,0,2,1,
Orangehaubenkakadu,"Cacatua sulphureacitrinocristata",0,1,0,0,0,0,0,0,0,0,0,0,0,0,0,0,1,0
Kuckucksvögel,Cuculiformes,m,w,u,m,w,u,m,w,u,m,w,u,m,w,u,m,w,u
Rotkopfturako,Tauraco erythrolophus,1,1,0,0,0,0,0,0,0,0,0,0,0,0,0,1,1,0
"",Tauraco leucotis,0,1,0,0,0,0,0,0,0,0,0,0,0,0,0,0,1,
Schildturako,Musophaga violacea,1,1,0,0,0,0,0,0,0,0,0,0,0,0,0,1,1,0
"",Corythalxoides personatus,2,0,0,0,0,0,0,0,0,0,0,0,0,0,0,2,0,
Weißbauch-Lärmvogel,Criniferoides leucogaster,1,0,0,0,0,0,0,0,0,0,0,0,0,0,0,1,0,0
"",Scythrops novaehollandiae,1,0,0,0,0,0,0,0,0,0,0,0,0,0,0,1,0,
Guira-Kuckuck,Guira guira,1,5,3,2,6,0,0,0,0,2,1,2,0,2,0,1,8,1
"",Geococcyx californianus,2,1,0,0,0,0,0,0,0,1,0,0,1,0,0,0,1,
Eulen,Strigiformes,m,w,u,m,w,u,m,w,u,m,w,u,m,w,u,m,w,u
Europäischer Uhu,Bubo bubo bubo,0,2,0,0,0,0,0,0,0,0,0,0,0,0,0,0,2,0
"",Bubo scandiacus,5,0,0,0,0,0,1,0,0,1,0,0,0,0,0,5,0,
Sperbereule,Surnia ulula,0,0,0,0,0,0,1,0,0,0,0,0,0,0,0,1,0,0
"",Otus scops,1,0,0,0,0,0,0,0,0,0,0,0,0,0,0,1,0,
Brillenkauz,Pulsatrix perspicillata,1,3,0,0,0,0,0,0,0,0,1,0,0,0,0,1,2,0
"",Strix nebulosa,0,1,0,0,0,0,0,0,0,0,0,0,0,0,0,0,1,
Schwalmvögel,Caprimulgiformes,m,w,u,m,w,u,m,w,u,m,w,u,m,w,u,m,w,u
Eulenschwalm,Podargus strigoides,1,0,0,0,0,1,1,2,0,1,0,1,0,1,0,1,1,0
Mausvögel,Coliiformes,m,w,u,m,w,u,m,w,u,m,w,u,m,w,u,m,w,u
Braunflügel-Mausvogel,Colius striatus kikujuensis,0,0,1,0,0,0,0,0,0,0,0,1,0,0,0,0,0,0
"",Urocolius macrourus,1,0,0,0,0,0,0,0,0,0,0,0,0,0,0,1,0,
Rackenvögel,Coraciiformes,m,w,u,m,w,u,m,w,u,m,w,u,m,w,u,m,w,u
Strichelracke,Coracias naevia,1,1,0,0,0,0,0,0,0,0,0,0,0,0,0,1,1,0
"",Coracias cyanogaster,2,2,0,0,0,0,0,0,0,1,0,0,0,1,0,1,1,
Blauscheitelmotmot,Momotus momota,0,0,0,0,0,0,1,1,0,0,0,0,0,0,0,1,1,0
"",Dacelo leachii,2,1,0,1,0,0,0,0,0,0,0,0,1,0,0,2,1,
Lachender Hans,Dacelo novaeguineae,1,1,0,0,0,0,0,0,0,0,0,0,0,0,0,1,1,0
"",Halcyon albiventris,1,1,0,0,0,0,0,0,0,0,1,0,0,0,0,1,0,
Europäische Bienenfresser,Merops apiaster,0,0,0,0,0,0,2,8,0,0,2,0,0,0,0,2,6,0
"",Merops bullockoides,1,3,0,0,0,0,0,0,0,0,0,0,0,0,0,1,3,
Scharlachspint,Merops nubicus,0,1,0,0,0,0,0,0,0,0,1,0,0,0,0,0,0,0
""
VÖGEL,AVES,2018,geboren,Zugänge,gestorben,Abgabe,2019,,,,,,,,,,,,
Rackenvögel,Coraciiformes,m,w,u,m,w,u,m,w,u,m,w,u,m,w,u,m,w,u
Wiedehopf,Upupa epops,1,1,0,1,4,1,0,0,0,1,0,1,0,4,0,1,1,0
"",Bycanistes brevis,1,1,0,0,0,0,0,0,0,0,0,0,0,0,0,1,1,
Nördl. Hornrabe,Bucorvus abyssinicus,1,0,0,0,0,0,0,1,0,0,1,0,0,0,0,1,0,0
"",Bucorvus leadbeateri,1,1,0,0,0,0,0,0,0,0,0,0,0,0,0,1,1,
Tariktik-Hornvogel,Penelopides panini panini,1,1,0,0,0,0,0,0,0,0,0,0,0,0,0,1,1,0
Spechtvögel,Piciformes,m,w,u,m,w,u,m,w,u,m,w,u,m,w,u,m,w,u
"Senegal-Furchen-schnabel-Bartvogel",Pogonornis dubius,1,1,0,0,0,0,0,0,0,1,1,0,0,0,0,0,0,0
"","Trachyphonuserythrocephalus",1,1,0,0,0,0,0,0,0,0,0,0,0,0,0,1,1,
Schwarzkehlarassari,Pteroglossus aracari,1,1,0,0,0,0,0,0,0,0,0,0,0,0,0,1,1,0
Sperlingsvögel,Passeriformes,m,w,u,m,w,u,m,w,u,m,w,u,m,w,u,m,w,u
Gelbkopfpipra,Pipra erythrocephala,2,2,0,0,0,0,1,0,0,2,0,0,0,0,0,1,2,0
"",Cotinga cayana,2,2,0,0,0,0,0,0,0,0,0,0,0,0,0,2,2,
Weißohrkatzenvogel,Ailuroedos buccoides,1,1,0,0,0,0,0,0,0,0,0,0,0,0,0,1,1,0
"",Entomyzon cyanotis,1,1,0,0,0,0,0,0,0,0,0,0,0,0,0,1,1,
Weißrückenflötenvogel,Gymnorhina tibicen,1,1,0,0,0,0,0,0,0,0,0,0,0,0,0,1,1,0
Urocissa erythroryncha,1,1,0,0,0,0,0,0,0,0,0,0,0,0,0,1,1,,
""
VÖGEL,AVES,2018,geboren,Zugänge,gestorben,Abgabe,2019,,,,,,,,,,,,
Sperlingsvögel,Passeriformes,m,w,u,m,w,u,m,w,u,m,w,u,m,w,u,m,w,u
Goldscheitelwürger,Laniarius barbarus,1,1,0,0,0,0,0,0,0,0,0,0,0,0,0,1,1,0
"",Lanius cabanisi,2,1,0,0,0,0,0,0,0,1,0,0,0,0,0,1,1,
Geierrabe,Corvus albicollis,1,1,0,0,0,0,0,0,0,0,0,0,0,0,0,1,1,0
"",Corvus albus,1,0,0,0,0,0,0,0,0,0,0,0,1,0,0,0,0,
Trompeterparadieskrähe,Phonygammus keraudrenii,1,0,0,0,0,0,0,0,0,0,0,0,0,0,0,1,0,0
"",Pycnonotus jocosus,2,2,2,0,0,0,0,0,0,0,0,0,0,0,0,2,2,
Gelbsteissbülbül,Pycnonotus xanthorrous,1,1,0,0,0,0,0,0,0,0,0,0,1,1,0,0,0,0
"",Pycnonotus barbatus,1,0,0,0,0,0,0,0,0,0,0,0,0,0,0,1,0,
Weißohrbülbül,Pycnonotus leucogenys,1,0,0,0,0,0,0,0,0,1,0,0,0,0,0,0,0,0
"",Zosterops kikuyuensis,0,0,2,0,0,0,0,0,0,0,0,0,0,0,0,0,0,
Senegal-Brillenvogel,Zosterops senegalensis,0,0,0,0,0,0,2,2,0,0,0,0,0,0,0,2,2,0
"",Chloropsis hardwickii,2,1,0,0,0,0,0,0,0,1,0,0,1,0,0,0,1,
Elfenblauvogel,Irena puella,1,1,0,0,0,0,0,0,0,1,0,0,0,0,0,0,1,0
"",Garrulax bicolor,0,0,0,0,0,0,1,1,0,0,0,0,0,0,0,1,1,
Blaukappenhäherling,Garrulax courtoisi,0,0,0,0,0,0,2,1,0,0,0,0,1,0,0,1,1,0
"",Acridotheres melanopterus,0,1,0,0,0,0,0,0,0,0,0,0,0,0,0,0,1,
Hirtenmania,Acridotheres tristis,0,1,0,0,0,0,0,0,0,0,1,0,0,0,0,0,0,0
"",Aplonis panayensis,2,6,10,0,0,0,0,0,0,0,0,0,0,0,0,2,6,
Amethystglanzstar,Cinnyricinclus leucogaster,3,4,0,0,0,0,0,0,0,0,1,0,1,1,0,2,2,0
"",Cosmopsarus regius,7,4,0,1,1,0,0,0,0,3,3,0,2,0,0,3,2,
Lappenstar,Creatophora cinerea,3,3,0,0,0,0,0,0,0,0,1,0,0,0,0,3,3,0
"",Gracula religiosa intermedia,1,0,0,0,0,0,1,0,0,0,0,0,2,0,0,0,0,
Grünschwanzglanzstar,Lamprotomis chalybaeus,0,0,1,0,0,0,0,0,0,0,0,0,0,0,0,0,0,1
VÖGEL,AVES,,2018,,geboren,Zugänge,gestorben,Abgabe,,,2019,
Sperlingsvögel,Passeriformes,m,w,u,m w u,m w u,m w u,m w,u,m,w,u
Smaragdglanzstar,Lamprotornis iris,0,1,0,0 0 0,0 0 0,0 0 0,0 0,0,0,1,0
Schweifglanzstar,Lamprotomis purpuropterus,1,1,0,0 0 0,0 0 0,0 0 0,0 0,0,1,1,0
Balistar,Leucopsar rothschildi,5,2,0,0 0 1,0 0 0,0 1 1,2 0,0,2,1,0
Dreifarbenglanzstar,Lamprotornis superbus,0,0,3,2 2 0,0 0 0,0 0 1,2 2,2,0,0,0
Elsterstar,Sturnus contra,0,0,1,0 0 0,0 0 0,0 0 0,0 0,0,0,0,1
Tropfenrötel,Cichladusa guttata,2,1,1,0 0 0,0 0 0,0 0 0,0 0,0,3,1,0
Weißbürzelschamadrossel,Copsychus malabaricus,0,0,0,0 0 0,1 1 0,0 0 0,0 0,0,1,1,0
Damadrossel,Zoothera citrina,2,1,0,1 0 2,0 0 0,0 0 2,1 0,0,2,1,0
Sumbawadrossel,Zoothera dohertyi,1,0,0,0 0 0,0 0 0,0 0 0,0 0,0,1,0,0
Chinesischer Sonnenvogel,Leiothrix lutea,2,3,0,1 1 0,0 0 0,1 2 0,0 0,0,2,2,0
Bartmeise,Panurus biarmicus,2,1,0,0 0 1,0 1 0,1 1 1,0 0,0,1,1,0
Starweber,Dinemellia dinemelli,3,3,0,0 0 0,0 0 0,1 0 0,1 1,0,1,2,0
Marmorweber,Pseudonigrita arnaudi,0,1,0,0 0 0,0 0 0,0 0 0,0 1,0,0,0,0
Oryxweber,Euplectes orix,0,1,0,0 0 0,0 0 0,0 0 0,0 0,0,0,1,0
Genickbandweber,Ploceus castaneiceps,6,1,0,0 0 0,0 0 0,1 1 0,0 0,0,5,0,0
""
VÖGEL,AVES,2018,geboren,Zugänge,gestorben,Abgabe,2019,,,,,,,,,,,,
Sperlingsvögel,Passeriformes,m,w,u,m,w,u,m,w,u,m,w,u,m,w,u,m,w,u
Textorweber,Ploceus cucullatus,2,3,0,0,0,0,0,0,30,1,0,0,0,0,0,1,3,30
"",Nesocharis capistrata,3,1,0,0,0,0,0,0,0,1,0,0,0,0,0,2,1,
Wellenastrild,Estrilda astrild,2,2,0,0,0,0,0,0,0,2,0,0,0,0,0,0,2,0
"",Spermophaga haematina,3,2,0,0,0,0,0,0,0,0,0,0,0,0,0,3,2,
Schmetterlingsfink,Uraeginthus bengalus,0,1,0,0,0,0,0,0,0,0,0,0,0,1,0,0,0,0
"",Uraeginthus cyanocephalus,1,2,1,0,1,0,0,0,0,0,2,0,0,0,0,2,1,
Dybowski Tropfenastrild,Euschistospiza dybowskii,2,0,0,0,0,0,0,0,0,0,0,0,2,0,0,0,0,0
"",Mandingoa nitidula,1,1,0,0,0,0,0,0,0,1,1,0,0,0,0,0,0,
Roter Tropfenastrild,Hypargos niveaoguttatus,1,0,0,0,0,0,0,0,0,1,0,0,0,0,0,0,0,0
"",Pytilia phoenicoptera,2,1,0,0,0,0,0,0,0,1,0,0,0,0,0,1,1,
Prachtamarant,"Lagonosticta senegalaruberrima",1,1,0,0,0,0,0,0,0,0,1,0,0,0,0,1,0,0
"",Amadina fasciata,1,1,0,0,0,0,0,0,0,0,0,0,0,0,0,1,1,
Goldbrüstchen,Amandava subflava,1,1,0,0,0,0,0,0,0,0,0,0,0,0,0,1,1,0
"",Amandava amandava,1,1,0,0,0,0,0,0,0,1,0,0,0,0,0,0,1,
Rebhuhnastrild,Ortygospiza atricollis,7,3,0,0,0,0,0,0,0,1,1,0,0,0,0,6,2,0
"",Neochmia ruficauda,2,1,0,0,0,0,0,0,0,0,0,0,0,0,0,2,1,
Weißbürzel-Ringelastrild,"Taeniopygia bichenoviibichenovii",1,1,9,0,0,11,0,0,0,0,0,4,0,0,0,1,1,16
"",Poephila acuticauda,0,1,0,0,0,0,0,0,0,0,1,0,0,0,0,0,0,
Gürtelgrasfink,Phoephila cincta,2,2,1,0,0,0,0,0,0,0,0,1,0,0,0,2,2,0
"",Erythrura tricolor,1,2,0,0,0,0,0,0,0,0,1,0,0,0,0,1,1,
"RotköpfigePapageiamadine",Erythrura cyaneovirens,1,0,0,0,0,0,0,0,0,0,0,0,0,0,0,1,0,0
"",Erythura gouldiae,4,1,1,0,0,2,2,1,0,4,0,2,0,0,0,2,2,
Silberschnäbelchen,Euodice cantans,0,2,0,0,0,0,0,0,0,0,2,0,0,0,0,0,0,0
"",Lonchura castaneothorax,1,1,0,0,0,0,0,0,0,0,0,0,0,0,0,1,1,
Reisfink,Lonchura oryzivora,1,1,29,1,1,8,0,0,0,0,0,4,3,3,12,0,0,19
"",Serinus leucopygius,0,0,0,0,0,0,2,2,0,1,0,0,0,0,0,2,1,
Mocambiquegirlitz,Serinus mozambica,1,1,0,0,0,0,1,1,0,0,0,0,0,0,0,2,2,0
"",Cacicus haemorrhous,1,0,0,0,0,0,0,0,0,0,0,0,0,0,0,1,0,
Montserrat Trupial,Icterus oberi,1,1,0,0,0,0,0,0,0,0,0,0,0,0,0,1,1,0
"",Sporophila luctuosa,1,0,0,0,0,0,0,0,0,0,0,0,0,0,0,1,0,
Kleiner Kubafink,Tiaris canora,0,4,0,0,0,0,0,0,0,0,0,0,0,0,0,0,4,0
"",Gubernatrix cristata,0,0,0,0,1,1,1,1,0,0,0,1,0,0,0,1,2,
Roter Kardinal,Cardinalis cardinalis,2,2,0,0,0,0,0,0,0,0,0,0,1,1,0,1,1,0
"",Passerina caerulea,1,1,0,0,0,0,0,0,0,0,0,0,0,0,0,1,1,
Maskenpitpit,Dacnis lineata,1,1,0,0,0,0,0,0,0,0,0,0,0,0,0,1,1,0
"",Ramphocelus bresilius,1,1,0,3,0,0,0,0,0,3,0,0,0,0,0,1,1,
Paradiestangare,Tangara chilensis,2,2,0,0,0,0,0,0,0,1,0,0,0,0,0,1,2,0
Thraupis episcopus,2,2,0,0,0,0,0,0,0,0,2,0,0,0,0,2,0,,
KRIECHTIERE,REPTILIA,Artenzahl,,2018,,geboren,Zugänge,gestorben,Abgabe,,,2019,
"",,,m,w,u,m w u,m w u,m w u,m w,u,m,w,u
Schnabelköpfe,Sphenodontia,1,1,3,0,0 0 0,0 0 0,0 0 0,0 0,0,1,3,0
Schildkröten,Testudines,12,11,14,29,0 0 0,0 0 6,0 0 10,0 0,0,11,14,25
Krokodile,Crocodylia,3,2,4,0,0 0 0,0 0 0,0 0 0,0 0,0,2,4,0
Echsen,Lacertilia,36,23,54,72,1 1 13,0 0 32,0 10 47,0 0,8,24,45,62
Schlangen,Serpentes,14,27,16,3,0 0 4,0 0 0,2 2 0,0 0,1,25,14,6
LURCHE,AMPHIBIA,Artenzahl,,2018,,geboren,Zugänge,gestorben,Abgabe,,,2019,
"",,,m,w,u,m w u,m w u,m w u,m w,u,m,w,u
Froschlurche,Anura,33,0,0,430,0 0 167,0 0 159,0 0 212,0 0,0,0,0,544
Schwanzlurche,Caudata,11,0,0,137,0 0 3,0 0 1,0 0 30,0 0,0,0,0,111
Schleichenlurche,Gymnophionia,1,0,0,3,0 0 0,0 0 4,0 0 4,0 0,0,0,0,3
KNORPELFISCHE,CHONDRICHTHYES,Artenzahl,,2018,,geboren,Zugänge,gestorben,Abgabe,,,2019,
"",,,m,w,u,m w u,m w u,m w u,m w,u,m,w,u
Haie,Selachii,10,0,0,31,0 2 0,0 0 7,0 0 15,0 0,0,0,2,23
Rochen,Batoidea,6,1,0,25,1 2 1,0 0 2,0 0 7,0 0,0,2,2,21
Seekatzen,Holocephali,0,1,0,0,0 0 0,0 0 0,1 0 0,0 0,0,0,0,0
KNOCHENFISCHE,OSTEICHTHYES,Artenzahl,,2018,,geboren,Zugänge,gestorben,Abgabe,,,2019,
"",,,m,w,u,m w u,m w u,m w u,m w,u,m,w,u
Flösselhechtartige,Polypteriformes,1,0,0,3,0 0 0,0 0 0,0 0 1,0 0,0,0,0,2
Störartige,Acipenseriformes,0,0,0,0,0 0 0,0 0 0,0 0 0,0 0,0,0,0,0
Knochenhechtartige,Lepisosteiformes,3,0,0,11,0 0 0,0 0 0,0 0 0,0 0,0,0,0,11
Tarpunartige,Elopiformes,1,0,0,9,0 0 0,0 0 0,0 0 0,0 0,0,0,0,9
Aalartige,Anguilliformes,7,0,0,11,0 0 16,0 0 0,0 0 3,0 0,0,0,0,24
Knochenzünglerartige,Osteoglossiformes,3,0,0,24,0 0 0,0 0 0,0 0 1,0 0,0,0,0,23
Hechtartige,Esociformes,0,0,0,1,0 0 0,0 0 0,0 0 1,0 0,0,0,0,0
Schildfischartige,Gobiesociformes,0,0,0,0,0 0 0,0 0 0,0 0 0,0 0,0,0,0,0
Salmlerartige,Characiformes,31,0,0,958,0 0 531,0 0 0,0 0 326,0 0,0,0,0,1163
Karpfenfischartige,Cypriniformes,27,0,0,523,0 0 228,0 0 0,0 0 121,0 0,0,0,0,630
Neuwelt-Messerfische,Gymnotiformes,1,0,0,1,0 0 0,0 0 0,0 0 0,0 0,0,0,0,1
Welse,Siluriformes,62,0,0,442,0 0 40,0 0 90,0 0 135,0 0,0,0,0,437
Froschfische,Batrachoidiformes,0,0,0,0,0 0 0,0 0 0,0 0 0,0 0,0,0,0,0
""
KNOCHENFISCHE,OSTEICHTHYES,Artenzahl,2018,geboren,Zugänge,gestorben,Abgabe,2019,,,,,,,,,,,,
"",,,m,w,u,m,w,u,m,w,u,m,w,u,m,w,u,m,w,u
Armflosser,Lophiiformes,0,0,0,0,0,0,0,0,0,0,0,0,0,0,0,0,0,0,0
"",Gadiformes,2,0,0,6,0,0,0,0,0,0,0,0,1,0,0,0,0,0,
Ährenfischartige,Atheriniformes,6,0,0,209,0,0,250,0,0,0,0,0,20,0,0,0,0,0,439
"",Cyprinidontiformes,12,0,0,427,0,0,49,0,0,5,0,0,223,0,0,0,0,0,
Schleimkopfartige,Beryciformes,2,0,0,11,0,0,0,0,0,0,0,0,0,0,0,0,0,0,11
"",Sygnathiformes,8,0,0,54,0,0,49,0,0,0,0,0,31,0,0,0,0,0,
Stachelaalartige,Synbranchiformes,0,0,0,0,0,0,0,0,0,0,0,0,0,0,0,0,0,0,0
"",Scorpaeniformes,8,0,0,39,0,0,10,0,0,0,0,0,7,0,0,0,0,0,
Labyrinthfische,Anabantiformes,3,0,0,35,0,0,10,0,0,0,0,0,3,0,0,0,0,0,42
"",Perciformes,156,0,0,1990,0,0,298,0,0,52,0,0,778,0,0,0,0,0,
Plattfische,Pleuronectiformes,4,0,0,25,0,0,3,0,0,0,0,0,16,0,0,0,0,0,12
Tetradontiformes,7,0,0,12,0,0,0,0,0,0,0,0,1,0,0,0,0,0,,
Lungenfischartige,Lepidosireniformes,3,0,0,5,0,0,0,0,0,0,0,0,0,0,0,0,0,0,5
WIRBELLOSE,INVERTEBRATA,Artenzahl,2018,geboren,Zugänge,gestorben,Abgabe,2019,,,,,,,,,,,,
"",,,m,w,u,m,w,u,m,w,u,m,w,u,m,w,u,m,w,u
Manteltiere,Tunicata,1,0,0,19,0,0,0,0,0,1,0,0,0,0,0,0,0,0,20
"",Echinodermata,23,0,0,214,0,0,17,0,0,0,0,0,40,0,0,0,0,0,
Weichtiere,Mollusca,23,0,0,333,−,−,−,−,−,−,−,−,−,−,−,−,−,−,329
"",Insecta,55,0,0,4253,−,−,−,−,−,−,−,−,−,−,−,−,−,−,
Spinnentiere,Arachnida,27,0,0,146,0,0,35,0,0,17,0,0,83,0,0,2,0,0,113
"",Myriapoda,11,0,0,510,−,−,−,−,−,−,−,−,−,−,−,−,−,−,
Krebstiere,Crustacea,27,0,0,227,0,0,116,0,0,0,0,0,135,0,0,0,0,0,208
"",Annelida,2,0,0,78,0,0,0,0,0,0,0,0,24,0,0,0,0,0,
Schwämme,Porifera,3,0,0,8,0,0,0,0,0,0,0,0,2,0,0,0,0,0,6
Cnidaria,109,0,0,6477,−,−,−,−,−,−,−,−,−,−,−,−,−,−,,
Tierbestand 2019,Anzahl Individuen,Arten/Formen
Säugetiere,804,144
"",1410,
Kriechtiere,236,66
"",658,
Fische,4809,363
"",11542,
Gesambestand,19.459,1.185
""
Tagestickets Tierpark,Eintrittskarten 2019,Eintrittskarten 2018,+/- Vorjahr in %
Erwachsene,379.592,309.825,23 %
"",67.416,56.634,
Kinder,88.007,70.521,25 %
"",110.479,86.083,
Andere Eintrittsgelder,3.464,5.384,-36 %
Summe Tagestickets Tierpark,648.958,528.447,23 %
Jahreskarten Tierpark,,,
Erwachsene,18.126,16.457,10 %
"",3.626,3.381,
Kinder,437,436,0 %
"",21.086,17.564,
1-2-3-Card,7.705,5.523,40 %
Summe Jahreskarten Tierpark,50.980,43.361,18 %
Sonstige Tickets Tierpark*,,,
Summe Sonstige Tickets Tierpark,190.591,98.526,93 %
Eintrittskarten Gesamt,890.529,670.334,33 %
Ermittelte Besucher **,1.726.143,1.470.254,17 %
erstes Jungtier,hin wachsender Beliebtheit. Eine kleine vierköpfige,hyaena sultana) ihr erstes Jungtier auf die Welt.
""
""
AKTIVA,2019,2018,
A.,ANLAGEVERMÖGEN,in €,in €
"I.Immaterielle Vermögensgegenstände, gewerblicheSchutzrechte und ähnliche Rechte und Werte","43.681,00","73.381,00",
II.Sachanlagen,,,
1.Grundstücke und Bauten,"6.500.631,00","2.732.485,00",
2.Technische Anlagen und Maschinen,"197.304,00","129.984,00",
"3.Andere Anlagen, Betriebs- und Geschäftsausstattung","1.156.793,00","959.660,00",
4.,Geleistete Anzahlungen und Anlagen im Bau,"12.899.994,34","6.611.502,00"
Summe Sachanlagen,"20.754.722,34","10.433.631,00",
"",,,
"","1.120,00",,
Summe Anlagevermögen,"20.799.523,34","10.508.132,00",
B.,UMLAUFVERMÖGEN,,
I.Vorräte,,,
"1.Roh-, Hilfs- und Betriebsstoffe","167.527,00","159.289,00",
2.Fertige Erzeugnisse,"7.819,00","5.411,00",
Summe Vorräte,"175.346,00","164.700,00",
"",,,
"","631.216,43",,
"","216.682,88",,
"","847.899,31",,
"III.WertpapiereSonstige Wertpapiere","1,00","1,00",
"IV.Kassenbestand, Guthaben bei Kreditinstituten und Schecks","5.581.613,84","3.469.882,89",
Summe Umlaufvermögen,"6.604.860,15","4.177.849,59",
C.,RECHNUNGSABGRENZUNGSPOSTEN,"28.170,21","9.149,34"
SUMME AKTIVA,"27.432.553,70","14.695.130,93"
""
PASSIVA,2019,2018,
A.,EIGENKAPITAL,in €,in €
"",I.Gezeichnetes Kapital,"409.100,00","409.100,00"
"",II.Andere Gewinnrücklagen,"3.686.156,67","2.982.987,58"
"","III.Jahresüberschuss","1.333.638,27","703.169,09"
Su,me Eigenkapital,"5.428.894,94","4.095.256,67"
"",,,
B.,SONDERPOSTEN FÜR INVESTITIONSZUSCHÜSSE ZUM ANLAGEVERMÖGEN,"11.065.431,73","3.461.974,40"
"",,,
C.,RÜCKSTELLUNGEN,,
1.Rückstellungen für Pensionen und ähnliche Verpflichtungen,"674.206,00",,
2.Steuerrückstellung,"1.003,94",,
3.Sonstige Rückstellungen,"1.924.389,10",,
me Rückstellungen,"2.599.599,04",,
"",,,
"",,,
"","1.Erhaltene Anzahlungen- davon mit einer Restlaufzeit bis zu einem Jahr: € 142.029,96 (Vorjahr: T€ 95)","142.029,96","95.408,80"
"","2.Verbindlichkeiten aus Lieferungen und Leistungen- davon mit einer Restlaufzeit bis zu einem Jahr: € 3.405.682,11 (Vorjahr: T€ 1.927)","3.464.177,47","1.957.830,99"
"","3.Verbindlichkeiten gegenüber verbundenen Unternehmen- davon mit einer Restlaufzeit bis zu einem Jahr: € 350.280,92 (Vorjahr: T€ 126)","2.105.889,84","1.881.442,15"
"","4.Sonstige Verbindlichkeiten- aus Steuern: € 589,42 (Vorjahr: T€ 1)- im Rahmen der sozialen Sicherheit: € 3.355,45 (Vorjahr: T€ 3)- mit einer Restlaufzeit bis zu einem Jahr: € 78.931,60 (Vorjahr: T€ 31)","1.525.086,72","726.290,92"
Su,me Verbindlichkeiten,"7.237.183,99","4.660.972,86"
E.,RECHNUNGSABGRENZUNGSPOSTEN,"1.101.444,00","846.347,00"
SUMME PASSIVA,"27.432.553,70","14.695.130,93"
GEWINN- UND VERLUSTRECHNUNG,2019,,2018,
"",,in €,,in €
8.,"Gesamtleistung 20.805.632,92","17.736.324,24"
9.,"Materialaufwand -3.096.178,58","-2.792.242,59"
"","a) Roh-, Hilfs-, Betriebsstoffe und bezogene Waren -1.398.119,45","-1.420.191,09"
"",b) Bezogene Leistungen,
"","-1.698.059,13 - davon aus verbundenen Unternehmen € 548.714,86 (Vorjahr: T€ 203)","-1.372.051,50"
10.,"Mittelverwendung -161.062,35","-345.304,63"
11.,"Personalaufwand -9.537.274,22","-9.058.878,91"
"","a) Löhne und Gehälter -7.866.012,12","-7.478.092,23"
"",b) Soziale Abgaben und Aufwendungen für Altersversorgung,
"","und für Unterstützung -1.671.262,10","-1.580.786,68"
"","- davon für Altersversorgung: € 43.411,72 (Vorjahr: T€ 55)",
12.,Abschreibungen auf immaterielle Vermögensgegenstände,
"","-414.469,79und Sachanlagen-522.908,68",
13.,"Sonstige betriebliche Aufwendungen -6.020.637,66","-4.367.299,42"
14.,"Erträge aus anderen Wertpapieren des Finanzanlagevermögens 27,50","4,50"
15.,"Sonstige Zinsen und ähnliche Erträge 0,00","0,00"
16.,Zinsen und ähnliche Aufwendungen,
"","- davon Aufwendungen aus Aufzinsungen € 21.181,00 (Vorjahr: T€ 22) -29.959,00","-31.751,81"
"","- davon aus verbundenen Unternehmen € 8.778,00 (Vorjahr: lt. Prüfbericht: T€ 10)",
17.,"Steuern vom Einkommen und vom Ertrag -81.853,49","-1,19"
18.,"Ergebnis nach Steuern 1.355.786,44","726.380,40"
19.,"Sonstige Steuern -22.148,17","-23.211,31"
20.,"Jahresüberschuss 1.333.638,27","703.169,09"
EIGENKAPITALSPIEGEL,01.01.2019,,Entnahme,,Zuführung,,31.12.2019,
Eigenkapital,,in €,,in €,,in €,,in €
leistungen klassifiziert.,UMSATZERLÖSE,2019,,2018,
"",,,in €,,in €
""
VERBINDLICHKEITEN,RESTLAUFZEITEN,,,,,,
"",bis zu einem Jahr,"zwischen einemund fünf Jahren",mehr als fünf Jahre,Gesamt,,,
"",2019,2018,2019,2018,2019,2018,2019
"",in €,in T€,in €,in T€,in €,in T€,in €
1.Erhaltene Anzahlungen,"142.029,96","95,41","0,00","0,00","0,00","0,00","142.029,96"
"","3.405.682,11","1.926,90","58.495,36","30,90","0,00","0,00",
"3.Verbindlichkeiten gegenüberverbundenen Unternehmen","350.280,92","125,83","534.593,70","0,0","1.221.015,22","1.755,60","2.105.889,84"
"","78.931,60","30,54","1.446.155,12","695,70","0,00","0,00",
"","3.976.924,59","2.178,7","2.039.244,18","726,6","1.221.015,22","1.755,6","7.237.183,99"
""
ENTWICKLUNG DES ANLAGEVERMÖGENS ZUM 31. DEZEMBER 2019 (ANLAGENSPIEGEL),,,,,
"",Anschaffungs- und Herstellungskosten,,,,
Alle Werte in €,Stand am 01.01.2019,Zugang,Abgang,Umbuchung,"Stand am31.12.2019"
"I.  ImmaterielleVermögensgegenständeGewerbliche Schutzrechte undähnliche Rechte und Werte","165.233,49","2.496,03","0,00","0,00","167.729,52"
"","165.233,49","2.496,03","0,00","0,00","167.729,52"
"","4.476.356,40535.193,003.158.943,236.611.502,00","82.986,6093.429,71442.714,9210.211.614,76","0,000,00-2.937,58-18.925,00","3.904.197,420,000,00-3.904.197,42",
"","14.781.994,63","10.830.745,99","-21.862,58","0,00",
"III.  FinanzanlagenGenossenschaftsanteile","1.120,00","0,00","0,00","0,00","1.120,00"
"","1.120,00","0,00","0,00","0,00","1.120,00"
"14.948.348,12","10.833.242,02","-21.862,58","0,00",,
"",Abschreibungen,Buchwerte,,,,,
Alle Werte in €,"Stand am01.01.2019",Zugang,Abgang,"Zu-schrei-","Stand am31.12.2019","Stand am31.12.2019","Stand am31.12.2018"
"",,,,,,,
"I.  ImmaterielleVermögensgegenständeGewerbliche Schutzrechte undähnliche Rechte und Werte","91.852,49","32.196,03","0,00","0,00","124.048,52","43.681,00","73.381,00"
"","91.852,49","32.196,03","0,00","0,00","124.048,52","43.681,00","73.381,00"
"","1.743.871,40405.209,002.199.283,230,00","219.038,0226.109,71245.465,920,00","0,000,00-2.821,580,00","0,000,000,000,00","1.962.909,42431.318,712.441.927,570,00","6.500.631,00197.304,001.156.793,0012.899.994,34",
"","4.348.363,63","490.613,65","-2.821,58","0,00","4.836.155,70","20.754.722,34",
"III.  FinanzanlagenGenossenschaftsanteile","0,00","0,00","0,00","0,00","0,00","1.120,00","1.120,00"
"","0,00","0,00","0,00","0,00","0,00","1.120,00","1.120,00"
"4.440.216,12","522.809,68","-2.821,58","0,00","4.960.204,22","20.799.523,34",,
•,beurteilen wir die Angemessenheit der von den gesetz-,"der Prüfung sowie bedeutsame Prüfungsfeststellungen, ein-"
PERSONALKENNZAHLEN,2015,2016,2017,2018,2019
SÄUGETIERE MAMMALIA,,2018,,geboren,Zugänge,gestorben,Abgabe,,,2019,
Kloakentiere Monotremata,m,w,u,m w u,m w u,m w u,m w,u,m,w,u
Neuguinea- Tachyglossus aculeatus,,,,,,,,,,,
0Kurzschnabeligel lawesii,2,1,0,0 0 0,0 1 0,0 0 0,0 1,0,2,1,
Beuteltiere Marsupialia,m,w,u,m w u,m w u,m w u,m w,u,m,w,u
Westliches Graues  Macropus fuliginosus,,,,,,,,,,,
0Riesenkänguru melanops,3,2,0,1 1 0,0 0 0,0 1 0,0 0,0,4,2,
Östliches Bergkänguru Macropus robustus robustus,4,3,0,2 2 0,0 0 0,0 0 0,0 1,0,6,4,0
Ringelschwanz- Petrogale xanthopus xan-,,,,,,,,,,,
0Felsenkänguru thopus,2,3,0,1 1 0,0 4 0,1 0 0,0 0,0,2,8,
Rüsselspringer Macroscelidea,m,w,u,m w u,m w u,m w u,m w,u,m,w,u
Kurzohr-Rüsselspringer Macroscelides proboscideus,3,3,0,2 2 0,0 1 0,1 1 0,1 3,0,3,2,0
Insektenfresser Eulipotyphla,m,w,u,m w u,m w u,m w u,m w,u,m,w,u
Etrusker-Spitzmaus Suncus etruscus,3,5,0,3 0 2,0 0 0,6 4 2,0 0,0,0,1,0
Fledertiere Chiroptera,m,w,u,m w u,m w u,m w u,m w,u,m,w,u
Indischer Riesenflughund Pteropus giganteus,9,22,0,0 0 9,0 0 0,0 1 0,6 18,0,5,9,9
Nebengelenktiere Xenarthra,m,w,u,m w u,m w u,m w u,m w,u,m,w,u
Tamandua tetradactyla Langschwanz-Tamandua 0nigra,1,2,0,0 0 0,0 0 0,0 0 0,0 1,0,1,1,
Kugelgürteltier Tolypeutes matacus,1,2,0,0 0 0,0 0 0,0 0 0,0 1,0,1,1,0
""
SÄUGETIERE,MAMMALIA,2018,geboren,Zugänge,gestorben,Abgabe,2019,,,,,,,,,,,,
"",,,,,,,,,,,,,,,,,,,
"",,,,,,,,,,,,,,,,,,,
Halsbandmaki,Eulemur collaris,1,2,0,0,0,0,1,0,0,1,0,0,0,1,0,1,1,0
"",Eulemur macaco macaco,1,1,0,0,0,0,0,0,0,0,0,0,0,0,0,1,1,
Mongozmaki,Eulemur mongoz,1,1,0,0,0,0,1,1,0,0,0,0,0,0,0,2,2,0
"",Eulemur rubriventer,2,3,0,1,0,0,0,0,0,0,0,0,0,0,0,3,3,
Blauaugenmaki,Eulemur flavifrons,2,1,0,0,0,0,0,0,0,2,1,0,0,0,0,0,0,0
"",Lemur catta,1,2,0,1,0,1,0,0,0,0,0,1,0,0,0,2,2,
Roter Vari,Varecia variegata rubra,3,1,0,0,0,0,0,0,0,0,0,0,0,0,0,3,1,0
"",Varecia variegata variegata,4,2,0,0,0,0,0,1,0,0,0,0,0,2,0,4,1,
Silberäffchen,Mico argentatus,3,4,0,2,1,2,0,0,0,1,0,0,2,2,0,2,3,2
"",Saguinus midas,2,0,0,0,0,0,0,0,0,0,0,0,0,0,0,2,0,
Gelbbrustkapuziner,Cebus xanthosternos,4,2,0,0,0,0,0,0,0,0,0,0,0,0,0,4,2,0
"",Pithecia pithecia,2,0,0,0,0,0,1,0,0,0,0,0,0,0,0,2,0,
Roter Brüllaffe,Alouatta seniculus,4,1,0,0,0,1,0,0,0,0,0,0,0,0,0,4,1,1
"","Cercocebus torquatustorquatus",2,3,0,0,1,0,0,0,0,0,0,0,2,4,0,0,0,
Dianameerkatze,Cercopithecus diana,1,1,0,0,0,0,0,0,0,0,0,0,0,0,0,1,1,0
"",Theropithecus gelada,7,10,0,1,0,1,0,0,0,1,2,1,1,0,0,6,8,
Schweinsaffe,"Macaca nemestrinanemestrina",7,0,0,0,0,0,0,0,0,0,0,0,1,0,0,6,0,0
"",Macaca sylvanus,6,7,0,1,1,0,0,0,0,1,0,0,0,0,0,6,8,
Weißhandgibbon,Hylobates lar,1,2,0,0,0,0,0,0,0,0,0,0,0,0,0,1,2,0
Nagetiere,Rodentia,m,w,u,m,w,u,m,w,u,m,w,u,m,w,u,m,w,u
"Schwarzschwanz-Präriehund",Cynomys ludovicianus,0,0,24,0,0,16,0,0,0,0,0,2,0,0,0,0,0,38
"",Tamiops macclellandi,1,0,0,0,0,0,0,0,0,0,0,0,0,0,0,1,0,
Chinesischer Zwerghamster,Cricetulus griseus,0,0,12,0,0,69,0,0,0,0,1,24,0,0,8,0,0,48
"",Microtus guentheri,0,0,1,0,0,0,0,0,0,0,0,1,0,0,0,0,0,
Kreta-Stachelmaus,Acomys minous,0,3,5,0,0,1,0,0,0,0,1,0,0,0,0,0,2,6
"",Arvicanthis neumanni,0,0,2,0,0,65,0,0,0,0,2,25,3,0,0,0,1,
Vielstreifen-Grasmaus,Lemniscomys barbarus,0,0,23,0,0,55,3,2,0,0,0,9,4,7,13,3,2,40
"",Hystrix leucura,1,2,0,0,0,0,0,0,0,0,0,0,0,0,0,1,2,
Baumstachler,Erethizon dorsatum,1,1,0,1,0,0,0,0,0,1,0,0,0,0,0,1,1,0
Cavia aperea,0,0,17,0,0,0,0,0,0,0,0,12,0,0,0,0,0,,
""
SÄUGETIERE,MAMMALIA,2018,geboren,Zugänge,gestorben,Abgabe,2019,,,,,,,,,,,,
Nagetiere,Rodentia,m,w,u,m,w,u,m,w,u,m,w,u,m,w,u,m,w,u
"Hellbraunes Wieselmeer-schweinchen",Galea monasteriensis,1,3,0,0,1,0,0,0,0,0,0,0,0,0,0,1,4,0
"",Dolichotis salinicola,7,2,0,0,0,0,0,2,0,3,1,0,0,0,0,4,3,
Großer Mara,Dolichotis patagonum,5,0,0,0,0,0,0,0,0,3,0,0,0,0,0,2,0,0
"",Dasyprocta azarae,0,3,0,0,0,0,0,0,0,0,0,0,0,0,0,0,3,
Tiefland-Paka,Cuniculus paca,2,2,0,0,0,0,1,0,0,0,1,0,0,0,0,3,1,0
"",Octodon degus,0,0,59,0,0,28,0,0,0,0,0,19,0,0,10,0,0,
"",,,,,,,,,,,,,,,,,,,
"",,,,,,,,,,,,,,,,,,,
Hasenartige,Lagomorpha,m,w,u,m,w,u,m,w,u,m,w,u,m,w,u,m,w,u
Daurischer Pfeifhase,Ochotona dauurica,4,1,6,0,0,20,0,0,0,3,0,12,0,0,0,1,1,14
"",,0,0,0,0,0,0,0,1,0,0,0,0,0,0,0,0,1,
Meißner Widder,,0,0,0,0,0,0,1,1,0,0,1,0,0,0,0,1,0,0
"",,0,0,0,0,0,0,0,1,0,0,0,0,0,0,0,0,1,
Rheinische Schecke,,0,2,0,0,0,0,0,0,0,0,0,0,0,0,0,0,2,0
"",,1,3,0,0,0,0,0,0,0,0,1,0,0,0,0,1,2,
Raubtiere,Carnivora,m,w,u,m,w,u,m,w,u,m,w,u,m,w,u,m,w,u
Tüpfelhyäne,Crocuta crocuta,2,1,0,0,0,0,0,0,0,0,0,0,1,0,0,1,1,0
"",Hyaena hyaena sultana,1,1,0,0,0,1,0,0,0,0,0,1,0,0,0,1,1,
Iberischer Wolf,Canis lupus signatus,3,0,0,0,0,0,0,0,0,1,0,0,0,0,0,2,0,0
"",,1,1,0,0,0,0,0,0,0,0,0,0,1,1,0,0,0,
Kiangsi-Rothund,Cuon alpinus lepturus,10,4,0,0,0,0,0,0,0,0,0,0,0,0,0,10,4,0
"",Otocyon megalotis megalotis,1,1,0,0,0,0,0,0,0,0,0,0,0,0,0,1,1,
Waldhund,Speothos venaticus,2,1,0,0,0,0,0,0,0,1,0,0,0,0,0,1,1,0
"",Chrysocyon brachyurus,2,0,0,0,0,0,0,0,0,0,0,0,0,0,0,2,0,
Malaienbär,"Helarctos malayanusmalayanus",1,1,0,0,0,0,0,0,0,0,0,0,0,0,0,1,1,0
"",Tremarctos ornatus,1,2,0,0,0,0,0,0,0,0,1,0,0,0,0,1,1,
Eisbär,Ursus maritimus,0,2,0,0,0,0,0,0,0,0,0,0,0,0,0,0,2,0
"",Ailurus fulgens fulgens,1,1,0,0,0,0,0,0,0,0,0,0,0,0,0,1,1,
Waschbär,Procyon lotor,1,1,0,0,0,0,0,0,0,0,0,0,0,0,0,1,1,0
"",Martes flavigula aterrima,1,1,0,1,1,0,0,0,0,0,0,0,1,1,0,1,1,
"OstafrikanischerHonigdachs",Mellivora capensis cottoni,1,1,0,0,0,0,0,0,0,0,0,0,0,0,0,1,1,0
"",Mungos mungo,3,5,0,1,2,3,0,0,0,0,0,3,0,0,0,4,7,
Binturong,Arctictis binturong binturong,2,3,0,1,0,2,0,0,0,0,0,2,0,2,0,3,1,0
"",Paguma larvata leucomystax,1,1,0,0,0,0,0,0,0,0,0,0,0,0,0,1,1,
Fleckenmusang,Paradoxurus hermaphroditus,1,1,0,0,0,0,0,0,0,0,0,0,1,1,0,0,0,0
"",Genetta genetta,1,1,0,0,0,0,0,0,0,0,0,0,1,1,0,0,0,
"Arabische Kleinfleck-Ginsterkatze",Genetta genetta dongolana,2,2,0,1,1,2,0,0,0,0,0,2,1,1,0,2,2,0
""
SÄUGETIERE,MAMMALIA,2018,geboren,Zugänge,gestorben,Abgabe,2019,,,,,,,,,,,,
Raubtiere,Carnivora,m,w,u,m,w,u,m,w,u,m,w,u,m,w,u,m,w,u
Altai-Luchs,Lynx lynx wardi,1,2,0,0,0,0,0,0,0,0,1,0,0,0,0,1,1,0
"",Lynx rufus,0,1,0,0,0,0,0,0,0,0,0,0,0,0,0,0,1,
Sibirischer Manul,Otocolobus manul manul,1,1,0,0,0,0,0,0,0,0,0,0,0,0,0,1,1,0
"",Felis silvestris silvestris,1,0,0,0,0,0,0,0,0,0,0,0,0,0,0,1,0,
Palawan-Bengalkatze,"Prionailurus bengalensisheaneyi",2,1,0,0,0,0,0,0,0,0,0,0,0,0,0,2,1,0
"",Leopardus wiedii nicaraguae,1,2,0,0,0,0,0,0,0,1,1,0,0,0,0,0,1,
Serval,Leptailurus serval,0,1,0,0,0,0,0,0,0,0,0,0,0,0,0,0,1,0
"",Neofelis nebulosa,2,0,0,0,0,0,0,0,0,0,0,0,0,0,0,2,0,
Java-Leopard,Panthera pardus melas,1,2,0,0,0,0,0,0,0,0,1,0,0,0,0,1,1,0
"",Panthera tigris altaica,1,1,0,0,0,0,0,0,0,0,0,0,0,0,0,1,1,
Hinterindischer Tiger,Panthera tigris corbetti,1,1,0,0,0,0,0,0,0,0,0,0,0,0,0,1,1,0
"",Panthera tigris sumatrae,3,3,0,0,0,0,0,0,0,0,0,0,0,0,0,3,3,
Schneeleopard,Uncia uncia,2,1,0,1,1,0,0,0,0,1,1,0,0,0,0,2,1,0
"","Acinonyx jubatus soem-meringii",2,0,0,0,0,0,0,0,0,0,0,0,0,0,0,2,0,
Seekühe,Sirenia,m,w,u,m,w,u,m,w,u,m,w,u,m,w,u,m,w,u
Karibik-Manati,"Trichechus manatusmanatus",2,0,0,0,0,0,0,0,0,0,0,0,2,0,0,0,0,0
Schliefer,Hyracoidea,m,w,u,m,w,u,m,w,u,m,w,u,m,w,u,m,w,u
Buschschliefer,Heterohyrax brucei,7,8,0,0,2,0,0,0,0,1,1,0,5,2,0,1,7,0
""
SÄUGETIERE,MAMMALIA,2018,geboren,Zugänge,gestorben,Abgabe,2019,,,,,,,,,,,,
Rüsseltiere,Proboscidea,m,w,u,m,w,u,m,w,u,m,w,u,m,w,u,m,w,u
Asiatischer Elefant,Elephas maximus,1,6,0,0,0,0,0,0,0,0,0,0,0,0,0,1,6,0
"",Loxodonta africana,0,3,0,0,0,0,0,0,0,0,0,0,0,0,0,0,3,
Unpaarhufer,Perissodactyla,m,w,u,m,w,u,m,w,u,m,w,u,m,w,u,m,w,u
Przewalskipferd,Equus przewalskii,3,6,0,0,1,0,0,2,0,0,0,0,2,1,0,1,8,0
"",,0,2,0,0,0,0,0,0,0,0,0,0,0,0,0,0,2,
Shetlandpony,,1,3,0,0,0,0,0,0,0,0,0,0,0,0,0,1,3,0
"",Equus hemionus kulan,1,6,0,0,0,0,0,0,0,0,1,0,0,0,0,1,5,
Östlicher Kiang,Equus kiang holdereri,2,8,0,0,0,0,0,0,0,0,0,0,0,0,0,2,8,0
"",,1,2,0,0,0,0,0,1,0,0,0,0,0,1,0,1,2,
Zwergesel,,1,6,0,0,0,0,0,0,0,0,0,0,0,2,0,1,4,0
"",Equus africanus somaliensis,1,8,0,0,0,0,0,0,0,0,1,0,0,2,0,1,5,
Chapman-Zebra,Equus burchellii chapmanni,1,4,0,0,0,0,0,0,0,0,0,0,0,0,0,1,4,0
"",Equus grevyi,1,3,0,1,0,0,0,0,0,0,0,0,1,1,0,1,2,
Hartmann-Bergzebra,Equus zebra hartmannae,1,5,0,1,0,1,0,0,0,0,0,1,1,1,0,1,4,0
"",Rhinoceros unicornis,2,1,0,0,0,0,0,0,0,0,0,0,2,1,0,0,0,
Paarhufer,Artiodactyla,m,w,u,m,w,u,m,w,u,m,w,u,m,w,u,m,w,u
Chaco-Pekari,Catagonus wagneri,8,7,0,5,4,0,0,0,0,2,1,0,0,0,0,11,10,0
"",Potamochoerus porcus,3,0,0,0,0,0,0,0,0,0,0,0,0,0,0,3,0,
Sulawesi-Hirscheber,Babyrousa celebensis,0,0,0,0,0,0,0,2,0,0,0,0,0,0,0,0,2,0
"",,2,3,18,0,0,0,0,0,0,0,0,0,2,3,18,0,0,
Mangalizaschwein,,1,2,0,0,0,0,0,0,0,0,0,0,1,2,0,0,0,0
"",,2,7,0,0,0,0,0,0,0,0,0,0,1,0,0,1,7,
Dromedar,,1,6,0,2,1,0,0,0,0,1,0,0,0,0,0,2,7,0
"",Lama guanicoe,5,6,0,0,1,0,0,0,0,0,1,0,3,0,0,2,6,
Vikunja,Vicugna vicugna,1,5,0,1,1,0,0,0,0,0,0,0,0,0,0,2,6,0
"",,1,8,0,0,0,0,0,0,0,0,0,0,0,0,0,1,8,
Alpaka,,1,4,0,0,1,0,0,0,0,0,0,0,0,0,0,1,5,0
"",Alces alces alces,2,0,0,0,0,0,0,0,0,0,0,0,0,0,0,2,0,
Rentier,Rangifer tarandus,0,4,0,0,0,0,3,1,0,0,1,0,1,0,0,2,4,0
"",Axis kuhlii,1,3,0,0,2,1,0,0,0,0,1,1,0,0,0,1,4,
Schweinshirsch,Axis porcinus,2,2,0,1,0,0,0,0,0,0,0,0,1,0,0,2,2,0
"",Cervus elaphus barbarus,1,4,0,0,0,0,0,0,0,0,0,0,0,0,0,1,4,
Wapiti,Cervus elaphus manitobensis,2,4,0,2,1,0,0,0,0,2,0,0,0,0,0,2,5,0
"",Cervus elaphus sibiricus,2,5,0,1,1,0,0,0,0,0,0,0,1,0,0,2,6,
Zwergwapiti,Cervus elaphus nannodes,2,3,0,1,0,0,0,0,0,0,0,0,3,3,0,0,0,0
"",Cervus elaphus bactrianus,2,6,0,1,1,0,0,0,0,0,1,0,0,0,0,3,6,
Vietnam-Sika,Cervus nippon pseudaxis,2,7,0,3,2,0,0,0,0,1,1,0,1,1,0,3,7,0
Dama dama mesopotamica,2,5,0,2,2,0,0,1,0,2,0,0,0,0,0,2,8,,
""
SÄUGETIERE,MAMMALIA,2018,geboren,Zugänge,gestorben,Abgabe,2019,,,,,,,,,,,,
Paarhufer,Artiodactyla,m,w,u,m,w,u,m,w,u,m,w,u,m,w,u,m,w,u
"",,,,,,,,,,,,,,,,,,,
"OstchinesischerSchopfhirsch","Elaphodus cephalophusmichianus",1,3,0,3,0,0,0,0,0,2,0,0,0,0,0,2,3,0
"",Hydropotes inermis inermis,1,0,0,0,0,0,0,0,0,0,0,0,0,0,0,1,0,
Milu,Elaphurus davidianus,5,8,0,1,2,0,0,0,0,0,1,0,4,2,0,2,7,0
"",Cervus albirostris,3,7,0,1,0,0,0,0,0,1,0,0,3,0,0,0,7,
Burma-Leierhirsch,Cervus eldii thamin,1,6,0,1,3,1,0,0,0,1,1,0,0,0,0,1,8,1
"",Cervus timorensis,1,4,0,0,2,0,0,0,0,0,1,0,0,0,0,1,5,
"HinterindischerPferdehirsch",Cervus unicolor malaccensis,1,6,0,0,0,0,0,0,0,0,0,0,1,6,0,1,2,0
"",Cervus unicolor unicolor,0,0,0,0,0,0,1,2,0,0,0,0,0,0,0,1,2,
Barasingha,Cervus duvaucelii,0,0,0,0,0,0,1,0,0,1,0,0,0,0,0,0,0,0
"",Giraffa camelopardalis,0,5,0,0,0,0,0,0,0,0,0,0,0,1,0,0,4,
Rothschild-Giraffe,"Giraffa camelopardalisrothschildi",1,2,0,0,0,0,0,0,0,0,0,0,0,0,0,1,2,0
"",Boselaphus tragocamelus,1,3,0,0,0,0,0,0,0,0,0,0,0,0,0,1,3,
Sibirisches Moschustier,"Moschus moschiferusmoschiferus",2,1,0,1,1,0,0,0,0,1,2,0,0,0,0,2,0,0
"",,1,2,0,1,1,0,0,0,0,0,0,0,0,0,0,2,3,
"SchottischesHochlandrind",,0,2,0,0,0,0,0,0,0,0,0,0,0,0,0,0,2,0
"",,1,3,0,1,1,0,0,0,0,0,1,0,0,1,0,2,2,
Kaukasus-Zebu,,3,3,0,1,1,0,0,0,0,0,2,0,3,0,0,1,2,0
"",,2,4,0,0,0,0,0,0,0,0,0,0,0,0,0,2,4,
Nellorezebu,,4,2,0,1,0,0,0,0,0,0,0,0,0,0,0,5,2,0
"",,1,3,0,0,1,0,0,0,0,0,0,0,0,0,0,1,4,
Gayal,,4,7,0,2,1,0,0,0,0,2,1,0,3,0,0,1,7,0
"",Syncerus caffer caffer,1,5,0,0,0,0,0,0,0,1,0,0,0,0,0,0,5,
Rotbüffel,Syncerus caffer nanus,2,8,0,0,0,0,0,0,0,0,0,0,0,0,0,2,8,0
"",Bison bison athabascae,2,7,0,0,0,0,0,0,0,1,2,0,0,0,0,1,5,
Wisent,Bison bonasus,1,5,0,0,0,0,2,1,0,1,0,0,1,3,0,1,3,0
"","Kobus ellipsiprymnusellipsiprymnus",1,4,0,0,0,0,0,0,0,0,0,0,0,1,0,1,3,
"SüdafrikanischerBergriedbock","Redunca fulvorufulafulvorufula",2,2,0,1,0,0,0,0,0,1,0,0,0,0,0,2,2,0
"",Oryx leucoryx,1,5,0,0,0,0,0,0,0,0,0,0,0,2,0,1,3,
Addax-Antilope,Addax nasomaculatus,1,5,0,0,0,0,0,0,0,0,1,0,0,1,0,1,3,0
"",Gazella dama mhorr,1,8,0,3,2,0,1,0,0,3,1,0,1,0,0,1,9,
Südliche Giraffengazelle,Litocranius walleri walleri,1,2,0,0,0,1,1,0,0,0,0,1,1,0,0,1,2,0
"",Budorcas taxicolor taxicolor,4,9,0,0,0,0,0,0,0,0,0,0,3,2,0,1,7,
Goldtakin,Budorcas taxicolor bedfordi,3,3,0,2,1,0,0,0,0,0,0,0,1,0,0,4,4,0
"",Budorcas taxicolor tibetana,3,2,0,1,1,0,0,0,0,0,1,0,2,0,0,2,2,
Alaska-Moschusochse,"Ovibos moschatusmoschatus",1,6,0,1,0,0,0,0,0,2,0,0,0,0,0,0,6,0
""
SÄUGETIERE,MAMMALIA,2018,geboren,Zugänge,gestorben,Abgabe,2019,,,,,,,,,,,,
Paarhufer,Artiodactyla,m,w,u,m,w,u,m,w,u,m,w,u,m,w,u,m,w,u
Mittelchinesischer Goral,"Naemorhedus griseusarnouxianus",1,6,0,2,2,0,0,0,0,1,1,0,0,1,0,2,6,0
"",Pseudois nayaur,3,9,0,1,2,0,0,0,0,2,1,0,0,0,0,2,10,
Schneeziege,Oreamnos americanus,2,3,0,0,1,0,0,0,0,0,0,0,0,0,0,2,4,0
"","Rupicapra rupicaprarupicapra",0,4,0,0,0,0,0,0,0,0,0,0,0,4,0,0,0,
"TurkmenischeSchraubenziege",Capra falconeri heptneri,11,13,0,0,5,0,0,0,0,2,3,0,2,2,0,7,13,0
"",Capra ibex ibex,5,4,0,1,1,0,0,0,0,0,0,0,0,0,0,6,5,
Indische Hängeohrziege,,2,5,0,0,0,0,0,0,0,0,0,0,2,5,0,0,0,0
"",,3,5,0,5,3,0,0,0,0,0,2,0,2,0,0,6,6,
Thüringer Wald Ziege,,1,1,0,1,1,0,0,0,0,0,0,0,0,0,0,2,2,0
"",,0,9,0,0,0,0,0,0,0,0,0,0,0,0,0,0,9,
Walliser Ziege,,1,1,0,0,0,0,0,0,0,0,0,0,0,0,0,1,1,0
"",Ovis cycloceros arkal,4,8,0,4,5,0,0,0,0,2,4,0,0,1,0,5,9,
Marco-Polo-Schaf,Ovis ammon polii,4,2,0,1,0,0,0,0,0,0,0,0,0,0,0,5,2,0
"",Ovis ammon musimon,2,3,0,0,0,0,0,0,0,0,0,0,0,0,0,2,3,
Zackelschaf,,1,5,0,3,4,0,0,0,0,1,3,0,3,2,0,0,4,0
"",,1,4,0,1,3,0,0,0,0,0,2,0,1,0,0,1,5,
Hissar-Fettsteißschaf,,1,6,0,0,0,0,0,0,0,0,0,0,0,0,0,1,6,0
"",,3,5,0,0,1,0,0,0,0,0,0,0,2,2,0,1,4,
Rotkopfschaf,,3,6,0,1,2,0,0,0,0,0,0,0,2,3,0,2,5,0
"",,3,5,0,2,4,0,0,0,0,2,2,0,2,3,0,1,4,
Geschecktes Bergschaf,,2,7,0,4,1,0,0,0,0,1,0,0,1,1,0,4,7,0
""
VÖGEL,AVES,2018,geboren,Zugänge,gestorben,Abgabe,2019,,,,,,,,,,,,
Laufvögel,Struthioniformes,m,w,u,m,w,u,m,w,u,m,w,u,m,w,u,m,w,u
"SüdafrikanischerBlauhalsstrauß",Struthio camelus australis,1,1,0,0,0,0,0,0,0,0,1,0,1,0,0,0,0,0
"",Rhea pennata,1,2,0,0,0,3,0,0,0,0,0,3,0,0,0,1,2,
Pinguine,Sphenisciformes,m,w,u,m,w,u,m,w,u,m,w,u,m,w,u,m,w,u
Brillenpinguin,Spheniscus demersus,22,15,0,0,0,0,0,0,0,0,1,0,0,0,0,22,14,0
"",Spheniscus humboldti,4,0,0,0,0,0,0,0,0,0,0,0,4,0,0,0,0,
Ruderfüßer,Pelecaniformes,m,w,u,m,w,u,m,w,u,m,w,u,m,w,u,m,w,u
Brillenpelikan,Pelecanus conspicillatus,5,5,0,0,0,0,0,0,0,0,1,0,0,0,0,5,4,0
"",Pelecanus crispus,4,5,0,0,0,0,0,0,0,0,1,0,0,0,0,4,4,
Nashornpelikan,Pelecanus erythrorhynchos,4,5,0,0,2,0,0,0,0,0,0,0,0,0,0,4,7,0
"",Pelecanus onocrotalus,5,4,0,0,0,0,0,0,0,0,0,0,0,0,0,5,4,
Fleckschnabelpelikan,Pelecanus philippensis,2,2,0,0,0,0,0,0,0,0,0,0,0,0,0,2,2,0
"",Pelecanus rufescens,5,4,0,0,0,1,0,0,0,0,0,0,0,0,0,5,4,
Florida-Meerespelikan,"Pelecanus occidentaliscarolinensis",2,2,0,0,1,2,1,0,0,0,0,1,0,0,0,3,3,1
"",Phalacrocorax melanoleucos,2,4,0,0,1,0,1,0,0,1,0,0,0,0,0,2,5,
Schreitvögel,Ciconiiformes,m,w,u,m,w,u,m,w,u,m,w,u,m,w,u,m,w,u
Goliathreiher,Ardea goliath,1,0,0,0,0,0,0,0,0,0,0,0,0,0,0,1,0,0
"",Ardeola grayii,2,0,0,0,0,0,0,0,0,0,0,0,0,0,0,2,0,
Prachtreiher,Ardeola speciosa,2,2,0,0,0,0,0,0,0,1,1,0,0,0,0,1,1,0
"",Bubulcus ibis ibis,2,5,12,0,1,0,0,0,0,0,0,1,1,2,0,1,4,
Weißwangenreiher,Egretta novaehollandiae,3,2,0,0,0,0,0,0,0,0,0,0,0,0,0,3,2,0
"","Nycticorax caledonicusmanillensis",4,2,0,0,2,0,0,0,0,0,0,0,2,1,0,2,3,
"Hammerkopf / Schatten-vogel",Scopus umbretta,1,1,0,0,0,0,0,0,0,0,0,0,0,0,0,1,1,0
"",Ciconia abdimii,4,3,0,0,0,0,0,0,0,0,0,0,1,1,0,3,2,
Schwarzschnabelstorch,Ciconia boyciana,2,2,0,0,0,0,1,0,0,1,0,0,0,0,0,2,2,0
"",Ciconia c. ciconia,2,2,0,0,0,0,0,0,0,0,0,0,0,0,0,2,2,
Sattelstorch,"Ephippiorhynchus senega-lensis",1,1,0,0,0,0,0,0,0,0,0,0,0,0,0,1,1,0
"",Leptoptilos crumeniferus,1,1,0,0,0,0,0,0,0,0,0,0,0,0,0,1,1,
Afrikanischer Nimmersatt,Mycteria ibis,1,1,0,0,0,3,0,0,0,0,0,0,0,0,3,1,1,0
"",Anastomus lamelligerus,2,3,0,3,2,0,1,0,0,1,2,0,2,0,0,3,3,
Waldrapp,Geronticus eremita,4,6,0,4,1,0,0,0,0,0,0,0,2,1,0,6,6,0
"",Plegadis f. falcinellus,0,0,1,0,0,0,0,0,0,0,0,0,0,0,0,0,0,
Strohhalsibis,Carphibis spinicollis,10,5,0,0,1,0,0,0,0,1,1,0,0,0,0,9,5,0
"",Threskiornis aethiopicus,3,3,0,0,0,0,0,0,0,0,0,0,0,0,0,3,3,
Hagedash,Hagedashia hagedash,2,1,0,0,0,0,0,0,0,0,0,0,0,0,0,2,1,0
Flamingos,Phoenicopteriformes,m,w,u,m,w,u,m,w,u,m,w,u,m,w,u,m,w,u
Chileflamingo,Phoenicopterus chilensis,2,0,30,0,0,3,0,0,0,0,0,2,0,0,1,2,0,30
Phoenicopterus ruber ruber,3,4,59,2,2,1,0,0,0,0,0,6,0,0,0,5,6,,
""
VÖGEL,AVES,2018,geboren,Zugänge,gestorben,Abgabe,2019,,,,,,,,,,,,
Gänsevögel,Anseriformes,m,w,u,m,w,u,m,w,u,m,w,u,m,w,u,m,w,u
Halsband-Wehrvogel,Chauna torquata,0,1,0,0,0,0,0,0,0,0,0,0,0,0,0,0,1,0
"",Dendrocygna eytoni,1,1,0,0,0,0,0,0,0,0,0,0,0,0,0,1,1,
Spaltfußgans,Anseranas semipalmata,1,1,0,0,0,0,0,0,0,0,0,0,0,0,0,1,1,0
Schwarzhalsschwan,Cygnus melanocoryphus,1,1,0,0,0,1,0,0,0,0,0,1,0,0,0,1,1,0
"",Cygnus olor,0,1,0,0,0,0,0,0,0,0,1,0,0,0,0,0,0,
Graugans,Anser a. anser,10,6,0,0,0,0,2,2,0,0,0,0,0,0,0,12,8,0
"",Anser c. caerulescens,1,1,0,0,0,0,0,0,0,0,0,0,0,0,0,1,1,
Schwanengans,Anser cygnoides,2,2,0,1,0,0,0,0,0,1,0,0,1,0,0,1,2,0
"",Anser erythropus,1,0,0,0,0,0,0,0,0,0,0,0,1,0,0,0,0,
Riesenkanadagans,Branta canadensis maxima,0,1,0,0,0,0,0,0,0,0,0,0,0,1,0,0,0,0
"",Branta canadensis minima,0,1,0,0,0,0,0,0,0,0,0,0,0,1,0,0,0,
Blauflügelgans,Cyanochen cyanopterus,3,3,0,0,0,0,0,0,0,0,0,0,2,2,0,1,1,0
"",Plectropterus gambensis,1,1,0,0,0,0,0,0,0,0,0,0,0,0,0,1,1,
Graukopfkasarka,Tadorna cana,1,1,0,0,0,0,0,0,0,1,0,0,0,1,0,0,0,0
"",Tadorna ferruginea,1,0,0,0,0,0,0,0,0,0,0,0,1,0,0,0,0,
Spießente,Anas acuta,1,1,0,0,0,0,0,0,0,0,0,0,0,0,0,1,1,0
"",Anas bernieri,1,2,0,0,0,0,0,0,0,0,0,0,0,0,0,1,2,
Europäische Löffelente,Anas clypeata,1,0,0,0,0,0,0,0,0,0,0,0,1,0,0,0,0,0
"",Anas erythrorhynchos,2,1,0,2,3,3,0,0,0,0,0,3,3,3,0,1,1,
Baikalente,Anas formosa,2,3,0,0,0,0,0,0,0,0,0,0,0,0,0,2,3,0
"",Anas melleri,3,2,0,2,3,3,0,0,0,3,2,3,0,1,0,2,2,
Pfeifente,Anas penelope,0,3,0,0,0,0,0,0,0,0,0,0,0,3,0,0,0,0
"",Anas undulata,1,3,0,0,0,0,0,0,0,0,2,0,0,0,0,1,1,
Marmelente,Marmaronetta angustirostris,6,5,0,7,10,0,0,2,0,0,0,0,9,13,0,4,4,0
"",Somateria fischeri,1,1,0,0,0,0,0,0,0,0,0,0,0,0,0,1,1,
Kragenente,Histrionica histrionica,3,3,0,0,0,0,0,0,0,1,0,0,0,0,0,2,3,0
"",Aythya australis,2,1,0,0,0,0,0,0,0,0,0,0,2,1,0,0,0,
Schwarzkopfmoorente,Aythya baeri,2,1,0,0,0,0,0,0,0,2,1,0,0,0,0,0,0,0
"",Aythya m. marila,3,3,0,0,0,0,0,0,0,3,1,0,0,2,0,0,0,
Neuseeland-Tauchente,Aythya novaeseelandiae,3,2,0,0,0,0,0,0,0,0,0,0,3,2,0,0,0,0
"",Aythya nyroca,3,8,0,2,2,2,0,0,0,0,1,0,0,5,2,5,4,
"AfrikanischeRotaugenente","Netta erythrophthalmabrunnea",1,1,0,0,0,0,0,1,0,0,1,0,0,0,0,1,1,0
"",Netta peposaca,2,3,0,0,0,7,0,0,0,1,1,0,0,0,7,1,2,
Kolbenente,Netta rufina,4,2,0,0,0,0,0,0,0,1,0,0,0,0,0,3,2,0
"",Chenonetta jubata,1,1,0,0,0,0,0,0,0,0,0,0,0,0,0,1,1,
Büffelkopfente,Bucephala albeola,2,3,0,0,0,0,0,0,0,0,0,0,0,0,0,2,3,0
"",Bucephala c. clangula,0,2,0,0,0,0,0,0,0,0,0,0,0,2,0,0,0,
Zwergsäger,Mergus albellus,3,2,0,0,0,0,0,0,0,0,0,0,0,0,0,3,2,0
""
VÖGEL,AVES,2018,geboren,Zugänge,gestorben,Abgabe,2019,,,,,,,,,,,,
Gänsevögel,Anseriformes,m,w,u,m,w,u,m,w,u,m,w,u,m,w,u,m,w,u
Schuppensäger,Mergus squamatus,2,2,0,3,2,0,0,1,0,1,1,0,3,2,0,1,2,0
"",Anser anser f. domestica,1,1,0,0,0,0,0,0,0,1,0,0,0,0,0,0,1,
Pommerngans,Anser anser f. domestica,2,2,0,0,0,0,0,0,0,0,0,0,0,0,0,2,2,0
"",Anser anser f. domestica,0,0,0,0,0,0,2,2,0,0,0,0,0,0,0,2,2,
Indische Laufente,"Anas platyrhynchos f.domestica",6,3,0,0,0,8,0,0,0,0,1,3,0,0,0,9,4,0
Greifvögel,Falconiformes,m,w,u,m,w,u,m,w,u,m,w,u,m,w,u,m,w,u
Truthahngeier,Cathartes aura,2,3,0,0,0,0,0,0,0,1,0,0,0,0,0,1,3,0
"",Cathartes burrovianus,3,2,0,1,1,0,1,0,0,0,0,0,2,1,0,3,2,
Königsgeier,Sarcorhamphus papa,2,2,0,1,0,0,0,0,0,0,0,0,1,0,0,2,2,0
"",Sagittarius serpentarius,1,1,0,0,0,0,0,0,0,0,0,0,0,0,0,1,1,
Kaiseradler,Aquila heliaca,1,1,0,0,0,0,0,0,0,0,0,0,0,0,0,1,1,0
"",Aquila nipalensis,1,3,0,0,0,0,0,0,0,0,0,0,0,1,0,1,2,
Königsbussard,Buteo regalis,2,1,0,0,0,0,0,0,0,0,0,0,0,0,0,2,1,0
"",Parabuteo  unicinctus,0,3,0,0,0,0,0,0,0,0,0,0,0,0,0,0,3,
Aguja,Geranoaetus melanoleucus,2,1,0,0,0,0,0,0,0,0,0,0,0,0,0,2,1,0
"",Haliaeetus a. albicilla,1,1,0,0,0,0,0,0,0,0,0,0,0,0,0,1,1,
Weißkopfseeadler,Haliaeetus leucocephalus,2,1,0,0,0,0,0,0,0,0,0,0,0,0,0,2,1,0
"",Haliaeetus pelagicus,2,2,0,0,1,0,0,0,0,0,0,0,1,1,0,1,2,
Harpyie,Harpia harpyia,1,0,0,0,0,0,0,0,0,0,0,0,0,0,0,1,0,0
""
VÖGEL,AVES,2018,geboren,Zugänge,gestorben,Abgabe,2019,,,,,,,,,,,,
Greifvögel,Falconiformes,m,w,u,m,w,u,m,w,u,m,w,u,m,w,u,m,w,u
Kampfadler,Polemaetus bellicosus,1,1,0,0,0,0,0,0,0,0,0,0,0,0,0,1,1,0
"",Aegypius monachus,1,1,0,0,0,0,0,0,0,0,0,0,1,1,0,0,0,
Bartgeier,Gypaetus barbatus,2,2,0,1,0,0,0,0,0,0,0,0,1,0,0,2,2,0
"",Gyps africanus,1,1,0,0,0,0,0,0,0,0,0,0,0,0,0,1,1,
Gänsegeier,Gyps fulvus,3,4,0,0,0,0,0,0,0,0,0,0,0,0,0,3,4,0
"",Gyps himalayensis,1,2,0,0,0,0,0,0,0,0,0,0,0,0,0,1,2,
Sperbergeier,Gyps ruepelli,2,2,0,0,0,0,0,0,0,0,0,0,0,0,0,2,2,0
"",Necrosyrtes monachus,1,3,0,1,0,2,0,0,0,0,0,2,0,1,0,2,2,
Schmutzgeier,"Neophron percnopterusginginianus",1,1,0,0,0,0,0,0,0,0,0,0,0,0,0,1,1,0
"",Theratopius ecaudatus,1,1,0,0,0,0,0,0,0,0,1,0,0,0,0,1,0,
Wollkopfgeier,Trigonoceps occipitalis,1,1,0,0,0,0,0,0,0,0,0,0,0,0,0,1,1,0
"",Phalcoboenus australis,2,1,0,0,0,0,0,0,0,0,0,0,0,0,0,2,1,
Berg-Karakara,Phalcoboenus megalopterus,1,1,0,0,0,0,0,0,0,0,0,0,0,0,0,1,1,0
"",Falco tinnunculus,0,1,0,0,0,0,0,0,0,0,0,0,0,0,0,0,1,
Lannerfalke,Falco biarmicus,1,1,0,0,0,0,0,0,0,0,0,0,0,0,0,1,1,0
"",Falco cherrug,1,0,0,0,0,0,0,0,0,0,0,0,0,0,0,1,0,
Wanderfalke,Falco peregrinus,2,0,0,0,0,0,0,0,0,0,0,0,0,0,0,2,0,0
Hühnervögel,Galliformes,m,w,u,m,w,u,m,w,u,m,w,u,m,w,u,m,w,u
Östliches Wildtruthuhn,Meleagris gallopavo silvestris,3,8,0,0,0,0,1,1,0,1,1,0,1,5,0,2,3,0
"",Alectoris melanocephala,1,1,0,0,0,1,0,0,0,0,0,0,0,0,1,1,1,
China-Waldrebhuhn,Arborophila gingica,2,0,0,0,0,0,0,0,0,0,0,0,0,0,0,2,0,0
"",Bambusicola f. fytchii,1,0,0,0,0,0,0,0,0,1,0,0,0,0,0,0,0,
Cabottragopan,Tragopan caboti,2,0,0,0,0,0,0,0,0,0,0,0,0,0,0,2,0,0
"",Tragopan satyra,1,1,0,0,0,0,0,0,0,0,0,0,0,0,0,1,1,
Temmincktragopan,Tragopan temminckii,1,1,0,0,0,0,1,0,0,1,0,0,0,0,0,1,1,0
"",Pavo christatus,3,1,0,0,0,2,1,4,0,0,0,0,1,0,0,3,5,
Ährenträgerpfau,Pavo m. muticus,1,1,0,0,0,0,1,1,0,1,1,0,0,0,0,1,1,0
"",Numida meleagris coronata,1,0,0,0,0,0,0,0,0,1,0,0,0,0,0,0,0,
Wallichfasan,Catreus wallichi,1,1,0,0,0,0,0,0,0,0,0,0,0,0,0,1,1,0
"",Chrysolophus amherstiae,1,1,0,1,3,3,0,0,0,0,0,1,1,3,0,1,1,
Goldfasan,Chrysolophus pictus,1,1,0,0,0,4,0,0,0,0,0,0,0,0,4,1,1,0
"",Crossoptilon auritum,1,1,0,2,2,4,0,0,0,0,0,3,2,2,1,1,1,
Weißer Ohrfasan,Crossoptilon crossoptilon,1,1,0,2,2,6,0,0,0,0,2,2,2,0,4,1,1,0
"",Crossoptilon mantchuricum,1,1,0,0,0,0,0,0,0,0,0,0,0,0,0,1,1,
Himalayaglanzfasan,Lophophorus impejanus,2,1,0,0,0,0,0,1,0,0,1,0,1,0,0,1,1,0
"",Lophura hatinhensis,1,1,0,1,2,1,0,0,0,0,0,1,1,2,0,1,1,
Berlioz Silberfasan,Lophura nycthemera berliozi,2,2,0,0,0,14,0,0,0,1,1,1,0,0,13,1,1,0
""
VÖGEL,AVES,2018,geboren,Zugänge,gestorben,Abgabe,2019,,,,,,,,,,,,
"",,,,,,,,,,,,,,,,,,,
"",,,,,,,,,,,,,,,,,,,
Swinhoefasan,Lophura swinhoii,1,1,0,0,0,6,0,0,0,0,0,3,0,0,3,1,1,0
"",Pucrasia macrolopha,1,1,0,0,0,5,0,0,0,0,0,6,0,0,1,1,1,
Elliotfasan,Syrmaticus ellioti,1,2,0,0,0,1,0,0,0,0,1,0,0,0,1,1,1,0
"",Syrmaticus mikado,1,1,0,0,0,0,1,0,0,1,0,0,0,0,0,1,1,
Königsfasan,Syrmaticus reevesii,1,1,0,0,0,0,0,0,0,0,0,0,0,0,0,1,1,0
"","Syrmaticus soemmeringiscintillans",0,1,0,0,0,0,0,0,0,0,0,0,0,0,0,0,1,
Chiwa-Edelfasan,"Phasaianus colchicuschrysomelas",1,1,0,0,0,0,0,0,0,0,0,0,0,0,0,1,1,0
"","Phasaianus colchicuszerafschanicus",1,1,0,4,3,0,0,0,0,1,0,0,3,3,0,1,1,
Brahma-Huhn,Gallus gallus f. domestica,1,4,0,0,0,0,1,2,0,2,4,0,0,0,0,0,2,0
"",Gallus gallus f. domestica,0,2,0,0,0,0,0,0,0,0,1,0,0,0,0,0,1,
Orloff-Zwerghuhn,Gallus gallus f. domestica,0,0,0,9,3,0,0,0,0,1,0,0,2,0,0,6,3,0
"","Meleagris gallopavo f.domestica",1,1,0,0,0,0,1,1,0,1,1,0,0,0,0,1,1,
Kranichvögel,Gruiformes,m,w,u,m,w,u,m,w,u,m,w,u,m,w,u,m,w,u
Sonnenralle,Eurypyga helias,1,1,0,0,0,0,0,0,0,0,1,0,0,0,0,1,0,0
"",Psophia crepitans,1,1,0,0,0,0,0,0,0,0,0,0,0,0,0,1,1,
Jungfernkranich,Anthropoides virgo,1,1,0,0,0,0,0,0,0,0,0,0,0,0,0,1,1,0
"",Bugeranus carunculatus,1,1,0,0,0,0,0,0,0,0,0,0,0,0,0,1,1,
Saruskranich,Grus antigone,1,1,0,0,0,0,0,0,0,0,0,0,0,0,0,1,1,0
"",Grus canadensis tabida,1,1,0,0,0,0,0,0,0,0,1,0,1,0,0,0,0,
Grauer Kranich,Grus g. grus,1,0,0,0,0,0,0,0,0,0,0,0,0,0,0,1,0,0
""
VÖGEL,AVES,2018,geboren,Zugänge,gestorben,Abgabe,2019,,,,,,,,,,,,
Kranichvögel,Gruiformes,m,w,u,m,w,u,m,w,u,m,w,u,m,w,u,m,w,u
"",,,,,,,,,,,,,,,,,,,
Mandschurenkranich,Grus japonensis,1,1,0,0,0,0,0,1,0,0,1,0,0,0,0,1,1,0
"",Grus leucogeranus,2,3,0,0,0,0,0,0,0,0,0,0,0,1,0,2,2,
Schwarzhalskranich,Grus nigricollis,1,1,0,0,0,0,0,0,0,0,0,0,0,0,0,1,1,0
"",Grus vipio,1,1,0,0,0,0,0,0,0,0,0,0,0,0,0,1,1,
West-Pfauenkranich,Belearica p. pavonina,1,1,0,0,0,0,0,0,0,0,0,0,0,0,0,1,1,0
"","Belearica regulorumgibbericeps",1,1,0,0,0,0,0,0,0,0,0,0,0,0,0,1,1,
Großtrappe,Otis tarda,3,0,0,0,0,0,0,0,0,0,0,0,0,0,0,3,0,0
Wat- und Möwenvögel,Charadriiformes,m,w,u,m,w,u,m,w,u,m,w,u,m,w,u,m,w,u
Austernfischer,Haematopus ostralegus,2,4,0,1,2,0,0,0,0,0,0,0,1,2,0,2,4,0
"",Larus atricilla,6,5,0,0,1,0,0,0,0,1,0,0,0,0,0,5,6,
Graukopfmöwe,Larus cirrocephalus,6,7,0,0,1,0,0,0,0,0,3,0,0,0,0,6,5,0
"",Larus crassirostris,8,8,1,2,2,0,0,0,0,9,3,0,0,0,0,1,7,
Graumöwe,Larus modestus,14,13,0,5,1,2,0,0,0,1,1,2,6,3,0,12,10,0
"",,,,,,,,,,,,,,,,,,,
"",,,,,,,,,,,,,,,,,,,
Zweifarben-Fruchttaube,Ducula bicolor,3,1,0,0,0,0,0,0,0,0,0,0,3,1,0,0,0,0
"",Caloenas nicobarica,1,3,0,0,0,0,0,0,0,0,0,0,0,0,0,1,3,
Bronzeflügeltaube,Phaps chalcoptera,1,1,0,0,0,0,0,0,0,0,0,0,1,1,0,0,0,0
"",Pterocles orientalis,0,0,0,0,0,0,2,2,0,0,0,0,0,0,0,2,2,
Bartlett-Dolchstichtaube,Gallicolumba crinigera,0,0,0,0,0,0,1,0,0,0,0,0,0,0,0,1,0,0
"",Geopelia cuneata,3,3,0,0,0,4,0,0,1,0,0,1,0,0,0,3,3,
Perlhalstaube,Streptopelia ch. chinensis,2,2,0,2,1,0,0,0,0,0,0,0,0,0,0,4,3,0
"",Streptopelia orientalis,3,3,0,0,0,0,0,0,0,0,1,0,0,0,0,3,2,
Sclaters Krontaube,Goura sclaterii,0,0,0,0,0,0,0,1,0,0,0,0,0,0,0,0,1,0
"",Goura christata,0,2,0,0,0,0,0,0,0,0,0,0,0,0,0,0,2,
Papageien,Psittaciformes,m,w,u,m,w,u,m,w,u,m,w,u,m,w,u,m,w,u
Goffins-Kakadu,Cacatua goffini,1,1,0,0,0,0,0,0,0,0,0,0,0,0,0,1,1,0
"",Cacatua moluccensis,1,0,0,0,0,0,0,0,0,0,0,0,0,0,0,1,0,
Nacktaugenkakadu,Cacatua sanguinea,5,3,0,0,0,0,0,0,0,0,0,0,2,1,0,3,2,0
"",Eolophus roseicapilla,4,1,0,0,0,0,0,0,0,0,0,0,0,0,0,4,1,
Grünschwanzlori,Lorius chlorocercus,3,1,0,0,0,0,0,0,0,1,0,0,0,0,0,2,1,0
"","Trichoglossus forstenimitchellii",2,2,0,1,0,0,0,0,0,0,0,0,0,0,0,3,2,
Halmahera-Edelpapagei,Eclectus roratus vosmaeri,1,1,0,0,0,0,3,2,0,0,0,0,1,1,0,3,2,0
"",Psittacula derbiana,0,1,0,0,0,0,0,0,0,0,0,0,0,0,0,0,1,
Pfirsichköpfchen,Agapornis fischeri,1,1,0,0,0,0,0,0,0,0,0,0,0,0,0,1,1,0
"",Agapornis roseicollis,0,0,55,0,0,1,0,0,0,0,0,13,0,0,0,0,0,
Jamaika-Amazone,Amazona collaria,2,2,0,0,0,0,0,0,0,0,0,0,0,0,0,2,2,0
"",Amazona d. dufresniana,0,1,0,0,0,0,0,0,0,0,0,0,0,0,0,0,1,
Mülleramazone,Amazona farinosa,1,0,0,0,0,0,0,0,0,0,0,0,0,0,0,1,0,0
""
VÖGEL,AVES,2018,geboren,Zugänge,gestorben,Abgabe,2019,,,,,,,,,,,,
Papageien,Psittaciformes,m,w,u,m,w,u,m,w,u,m,w,u,m,w,u,m,w,u
"",,,,,,,,,,,,,,,,,,,
Bodinus-Amazone,Amazona festiva bodini,1,1,0,0,0,0,0,0,0,0,0,0,0,0,0,1,1,0
"",Coracopsis nigra libs,1,1,0,0,0,0,0,0,0,0,0,0,0,0,0,1,1,
Kongo Graupapagei,Psittacus e. erithacus,3,5,0,0,0,0,0,0,0,0,1,0,0,0,0,3,4,0
"","Anodorhynchushyacinthinus",3,2,0,1,1,0,0,0,0,0,0,0,0,0,0,4,3,
Großer Soldatenara,Ara ambigua,1,2,0,0,0,0,0,0,0,0,0,0,0,0,0,1,2,0
"",Ara ararauna,2,1,0,0,0,0,0,0,0,0,0,0,1,0,0,1,1,
Grünflügelara,Ara chloroptera,1,0,0,0,0,0,0,0,0,0,0,0,0,0,0,1,0,0
"",Ara couloni,2,1,0,0,0,0,0,0,0,0,0,0,2,1,0,0,0,
Blaulatzara,Ara glaucogularis,2,1,0,0,0,0,0,0,0,0,0,0,0,0,0,2,1,0
"",Ara macao,1,0,0,0,0,0,0,0,0,0,0,0,0,0,0,1,0,
Rotohrara,Ara rubrogenys,1,1,0,0,0,0,0,0,0,0,0,0,0,0,0,1,1,0
"",Aratinga jandaya,4,5,0,0,0,0,0,0,0,0,0,0,0,0,0,4,5,
Felsensittich,Caynoliseus patagonus,7,7,0,0,0,0,0,0,0,1,0,0,0,0,0,6,7,0
"",Nymphicus hollandicus,0,0,31,0,0,0,0,0,5,0,0,4,0,0,2,0,0,
Wellensittich,Melopsittacus undulatus,0,0,25,0,0,12,0,0,13,0,0,11,0,0,0,0,0,39
Kuckucksvögel,Cuculiformes,m,w,u,m,w,u,m,w,u,m,w,u,m,w,u,m,w,u
Weißohrturako,Tauraco leucotis,0,1,0,0,0,0,0,0,0,0,0,0,0,1,0,0,0,0
Eulen,Strigiformes,m,w,u,m,w,u,m,w,u,m,w,u,m,w,u,m,w,u
Maskeneule,Phodilus badius,4,2,0,4,0,0,0,0,0,0,0,0,4,0,0,4,2,0
"",Athene noctua,1,0,0,0,0,0,0,0,0,0,0,0,0,0,0,1,0,
Fleckenuhu,Bubo a. africanus,1,0,0,0,0,0,0,0,0,0,0,0,0,0,0,1,0,0
"",Bubo bubo bubo,0,1,0,0,0,0,0,0,0,0,0,0,0,0,0,0,1,
Turkmenenuhu,Bubo b. omissus,1,1,0,0,0,0,0,0,0,0,0,0,0,0,0,1,1,0
"",Bubo b. sibiricus,1,1,0,0,0,0,0,0,0,0,0,0,0,0,0,1,1,
Kenia-Uhu,Bubo capensis mackinderi,1,1,0,0,0,0,0,0,0,0,0,0,0,0,0,1,1,0
"",Bubo lacteus,1,1,0,0,0,0,0,0,0,0,0,0,0,0,0,1,1,
Nepalhuhu,Bubo nipalensis blighi,1,1,0,0,0,0,0,0,0,0,0,0,0,0,0,1,1,0
"",Bubo sumatranus,0,1,0,0,0,0,0,0,0,0,0,0,0,0,0,0,1,
Viginia-Uhu,Bubo virginianus,1,1,0,0,0,0,0,0,0,0,0,0,0,0,0,1,1,0
"",Nyctea scandiaca,1,1,0,1,1,0,0,0,0,1,1,0,0,0,0,1,1,
Philippinen-Zwergohreule,Otus megalotis,1,1,0,0,0,0,0,0,0,0,1,0,0,0,0,1,0,0
"",Otus kennicotti,1,1,0,2,0,0,0,0,0,0,0,0,2,0,0,1,1,
Südl. Weißgesichtseule,Ptilopsis granti,1,1,0,0,0,0,0,0,0,0,0,0,0,0,0,1,1,0
"",Ninox boobook,1,1,0,0,0,0,0,0,0,0,0,0,0,0,0,1,1,
Chacokauz,Strix chacoensis,1,1,0,0,0,0,0,0,0,0,1,0,0,0,0,1,0,0
"",Strix hylophila,3,2,0,0,0,0,0,0,0,0,0,0,0,0,0,3,2,
Habichtskauz,Strix uralensis,1,1,0,0,0,0,0,0,0,0,0,0,0,0,0,1,1,0
""
VÖGEL,AVES,2018,geboren,Zugänge,gestorben,Abgabe,2019,,,,,,,,,,,,
Rackenvögel,Coraciiformes,m,w,u,m,w,u,m,w,u,m,w,u,m,w,u,m,w,u
Haubenliest,Dacelo leachii,1,2,0,2,0,0,0,0,0,0,0,0,2,1,0,1,1,0
Sperlingsvögel,Passeriformes,m,w,u,m,w,u,m,w,u,m,w,u,m,w,u,m,w,u
Purpurkehl-Kotinga,Cotinga cayana,1,1,0,0,0,0,0,0,0,0,0,0,0,0,0,1,1,0
"",Pipra erythrocephala,1,1,0,0,0,0,0,0,0,0,0,0,1,1,0,0,0,
Rotschnabelfluchtvogel,Hypsipetes leucocephalus,1,1,0,0,0,0,0,0,0,0,0,0,0,0,0,1,1,0
"",Pycnonotus jocosus,4,7,0,0,0,9,0,0,0,2,2,3,0,1,3,4,5,
Elfenblauvogel,Irena puella,1,1,0,0,0,0,0,0,0,0,0,0,0,0,0,1,1,0
"",Babax lanceolatus,1,1,0,0,0,0,0,0,0,0,0,0,0,0,0,1,1,
Blaukronenhäherling,Dryonastes courtoisi,1,1,0,0,0,0,0,0,0,0,0,0,0,0,0,1,1,0
"",Garrulax canorus,2,2,0,0,0,0,0,0,4,0,0,4,0,0,0,2,2,
Weißohrhäherling,Dryonastes chinensis,1,1,0,0,0,0,0,0,0,0,0,0,0,0,0,1,1,0
"",Garrulax leucolophus diardi,2,2,0,1,0,3,0,0,0,1,0,3,0,0,0,2,2,
Rotschwanzhäherling,Trochalopteron milnei,1,2,0,0,0,0,0,0,0,0,0,0,0,0,0,1,2,0
"",Garrulax monileger,1,0,0,0,0,0,0,0,0,0,0,0,0,0,0,1,0,
"China-Graubauch-häherling",Dryonastes berthemyi,1,1,0,0,0,0,0,0,0,0,0,0,0,0,0,1,1,0
"",Garrulax pectoralis,0,1,0,0,0,0,0,0,0,0,0,0,0,0,0,0,1,
Weißwangenhäherling,Pterorhinus sannio,1,2,0,0,0,0,0,0,0,0,1,0,0,0,0,1,1,0
"",Liocichla omeiensis,0,2,0,0,0,3,2,0,0,0,0,3,0,0,0,2,2,
Formosahäherling,Liocichla steerii,0,0,0,0,0,0,1,1,0,0,0,0,0,0,0,1,1,0
"",Liocichla ripponi,1,1,0,0,0,0,0,0,0,0,0,0,0,0,0,1,1,
Schwarzbrustdrossel,Turdus dissimilis,1,1,0,0,0,0,0,0,0,0,0,0,0,0,0,1,1,0
"",Zoothera sibirica,1,0,0,0,0,0,0,0,0,0,0,0,0,0,0,1,0,
Rotsteiß-Gimpelfink,Loxigilla violacea,1,0,0,0,0,0,0,0,0,1,0,0,0,0,0,0,0,0
"",Coryphospingus cucullatus,1,0,0,0,0,0,0,0,0,0,0,0,0,0,0,1,0,
Türkisnaschvogel,Cyanerpes cyaneus,0,1,0,0,0,0,0,0,0,0,1,0,0,0,0,0,0,0
"",Tangara cayana,0,0,0,0,0,0,5,2,0,0,0,0,0,0,0,5,2,
Siebenfarbentangare,Tangara chilensis,1,2,0,0,0,0,0,0,0,0,1,0,0,0,0,1,1,0
"",Tangara gyrola,1,0,0,0,0,0,0,0,0,1,0,0,0,0,0,0,0,
Furchentangare,Thraupis bonariensis,1,1,0,0,0,0,0,0,0,0,1,0,0,0,0,1,0,0
"",Psaracolius decumanus,0,2,0,0,0,0,0,1,0,0,1,0,0,2,0,0,0,
Schwarzkopf-Grünfink,Carduelis ambigua,3,0,0,0,0,0,0,0,0,0,0,0,0,0,0,3,0,0
"",Carduelis carduelis caniceps,0,1,2,0,0,0,0,0,0,0,0,0,0,0,0,0,1,
"Schwarzschwanz-kernbeißer",Eophona migratoria,3,1,0,0,0,0,0,1,0,1,0,0,0,0,0,2,2,0
"",Rhodopechys obsoleta,1,0,0,0,0,0,0,0,0,0,0,0,0,0,0,1,0,
Kanarienvogel,Serinus canaria f. domestica,0,0,27,0,0,15,0,0,5,0,0,19,0,0,0,0,0,28
""
VÖGEL,AVES,2018,geboren,Zugänge,gestorben,Abgabe,2019,,,,,,,,,,,,
Sperlingsvögel,Passeriformes,m,w,u,m,w,u,m,w,u,m,w,u,m,w,u,m,w,u
Zebrafink,Taeniopygia guttata,0,0,141,0,0,62,0,0,0,0,0,50,0,0,13,0,0,140
"",Leucopsar rothschildi,0,0,0,0,0,0,0,3,0,0,0,0,0,0,0,0,3,
Elsterstar,Sturnus contra,0,0,0,0,0,0,1,1,0,0,0,0,0,0,0,1,1,0
"",Cyanopica cyanus,1,1,0,0,0,1,0,0,0,0,0,1,0,0,0,1,1,
Rotschnabelkitta,Urocissa erythrorhyncha,1,1,0,0,0,0,0,0,0,0,0,0,0,0,0,1,1,0
""
KRIECHTIERE,REPTILIA,2018,geboren,Zugänge,gestorben,Abgabe,2019,,,,,,,,,,,,
"",,,,,,,,,,,,,,,,,,,
"",,,,,,,,,,,,,,,,,,,
Krokodile (4 Arten),Crocodylia,5,4,0,0,0,0,0,0,0,1,0,0,1,0,0,3,4,0
"",Testudines,42,58,116,0,0,0,0,1,2,9,8,14,0,0,2,33,51,
Echsen (19 Arten),Lacertilia,10,9,24,0,0,27,7,8,5,2,2,11,0,2,21,15,13,24
Serpentes,17,10,13,0,0,0,2,5,0,0,0,0,0,1,0,19,14,,
""
LURCHE,AMPHIBIA,2018,geboren,Zugänge,gestorben,Abgabe,2019,,,,,,,,,,,,
"",,,,,,,,,,,,,,,,,,,
"",,,,,,,,,,,,,,,,,,,
Froschlurche (3 Arten),Anura,0,0,95,0,0,0,2,2,0,1,1,15,0,0,35,1,1,45
Caudata,0,0,16,0,0,0,0,0,0,0,0,0,0,0,0,0,0,,
KNORPELFISCHE,CHONDRICHTHYES,2018,geboren,Zugänge,gestorben,Abgabe,2019,,,,,,,,,,,,
"",,m,w,u,m,w,u,m,w,u,m,w,u,m,w,u,m,w,u
"",,,,,,,,,,,,,,,,,,,
Rochen (1 Art),Batoidea,0,0,1,0,0,0,0,0,0,0,0,0,0,0,0,0,0,1
KNOCHENFISCHE,OSTEICHTHYES,2018,geboren,Zugänge,gestorben,Abgabe,2019,,,,,,,,,,,,
"",,m,w,u,m,w,u,m,w,u,m,w,u,m,w,u,m,w,u
Strahlenflosser (2 Arten),,0,0,2,0,0,0,0,0,0,0,0,0,0,0,0,0,0,2
"",Characiformes,0,0,3623,0,0,0,0,0,0,0,0,1,0,0,0,0,0,
"Karpfenfischartige(14 Arten)",Cypriniformes,0,0,111,0,0,0,0,0,0,0,0,4,0,0,12,0,0,95
"",Siluriformes,0,0,202,0,0,19,0,0,0,0,0,0,0,0,0,0,0,
Ährenfischartige (2 Arten),Atheriniformes,0,0,1032,0,0,0,0,0,0,0,0,0,0,0,32,0,0,1000
"",Gasterosteiformes,0,0,2,0,0,0,0,0,0,0,0,2,0,0,0,0,0,
Barschartige (51 Arten),Perciformes,0,0,489,0,0,0,0,0,119,0,0,5,0,0,9,0,0,594
Tetradontiformes,0,0,1,0,0,0,0,0,5,0,0,0,0,0,0,0,0,,
WIRBELLOSE,INVERTEBRATA,2018,geboren,Zugänge,gestorben,Abgabe,2019,,,,,,,,,,,,
"",,m,w,u,m,w,u,m,w,u,m,w,u,m,w,u,m,w,u
Stachelhäuter (11 Arten),Echinodermata,1,1,29,0,0,0,0,0,30,0,0,4,0,0,0,1,1,55
"",Mollusca,0,0,163,0,0,0,0,0,90,0,0,3,0,0,5,0,0,
Gliederfüßer (13 Arten),Arthropoda,0,1,75,0,0,0,18,5,63,12,2,6,0,0,0,6,4,132
"",Annelida,0,0,2,0,0,0,0,0,3,0,0,3,0,0,0,0,0,
Plattwürmer (1 Art),Plathelminthes,0,0,1,0,0,0,0,0,0,0,0,0,0,0,0,0,0,1
Cnidaria,0,0,260,0,0,65,0,0,90,0,0,37,0,0,2,0,0,,
Tierbestand 2019,Anzahl Individuen,Arten/Formen
Säugetiere,1.159,166
"",1.172,
Kriechtiere,300,67
"",65,
Fische,7.475,80
"",823,
Gesamtbestand,10.994,667
