""
Tagestickets Zoo,Eintrittskarten 2021,Eintrittskarten 2020,+/- Vorjahr in %
Erwachsene,523.993,503.883,4 %
"",70.031,58.453,
Kinder,186.630,157.271,19 %
"",0,12.794,
Andere Eintrittsgelder,168,3.220,-95 %
Summe Tagestickets Zoo,780.822,735.621,6 %
Tagestickets Zoo-Aquarium,Eintrittskarten 2021,Eintrittskarten 2020,+/- Vorjahr in %
Erwachsene,159.241,169.746,-6 %
"",19.636,26.810,
Kinder,56.176,53.443,5 %
"",0,10.465,
Andere Eintrittsgelder,0,555,-100 %
Summe Tagestickets Zoo-Aquarium,235.053,261.019,-10 %
SUMME TAGESTICKETS TOTAL,1.015.875,996.640,2 %
Jahreskarten Zoo,Eintrittskarten 2021,Eintrittskarten 2020,+/- Vorjahr in %
Erwachsene,12.006,11.841,1 %
"",2.518,2.846,
Kinder,500,359,39 %
"",20.901,20.291,
1-2-3-Card,9.491,8.189,16 %
Summe Jahreskarten Zoo,45.416,43.526,4 %
Jahreskarten Zoo-Aquarium,Eintrittskarten 2021,Eintrittskarten 2020,+/- Vorjahr in %
"",3.470,3.477,
Ermäßigte,715,834,-14 %
"",256,202,
Familien,7.841,7.472,5 %
"",9.491,8.189,
Summe Jahreskarten Zoo-Aquarium,21.773,20.174,8 %
SUMME JAHRESKARTEN TOTAL,67.189,63.700,5 %
Sonstige Tickets Zoo*,67.924,43.653,56 %
"",13.383,23.689,
Summe Tickets Zoo,894.162,822.800,9 %
"",270.209,304.882,
EINTRITTSKARTEN GESAMT,1.164.371,1.127.682,3 %
Ermittelte Besucher**,2.344.236,2.267.398,3 %
Großkatzen ihre neuen Innengehege im Raubtierhaus bezie-,"Großen Pandas, mit denen sie aber nicht nächstverwandt sind,"
hen. Am 21. Dezember wurde der bereits seit einem Jahr im,fressen die Roten Pandas gerne Bambusblätter. Die in der Hi-
Tierpark untergebrachte und aus Paris stammende weibliche,malayaregion verbreiteten und dort stark bedrohten Katzenbä-
""
""
AKTIVA,2021,2020,
A.,ANLAGEVERMÖGEN,in €,in €
"I.Immaterielle Vermögensgegenstände, entgeltlich erworbene gewerbliche Schutzrechteund ähnliche Rechte und Werte sowie Lizenzen an solchen Rechten und Werten","87.033,00","130.095,00",
II.Sachanlagen,,,
1.Grundstücke und Bauten,"35.537.974,00","36.588.451,00",
2.Technische Anlagen und Maschinen,"1.320.529,00","1.560.433,00",
"3.Andere Anlagen, Betriebs- und Geschäftsausstattung","2.090.465,00","1.677.667,00",
4.Geleistete Anzahlungen und Anlagen im Bau,"25.044.176,11","15.681.107,60",
Summe Sachanlagen,"63.993.144,11","55.507.658,60",
"",,,
"","1.755.608,92",,
"","26.560.761,90",,
"","1.120,00",,
"","28.317.490,82",,
Summe Anlagevermögen,"92.397.667,93","77.098.316,50",
B.,UMLAUFVERMÖGEN,,
I.Vorräte,,,
"1.Roh-, Hilfs- und Betriebsstoffe","0,00","181.348,00",
2.Fertige Erzeugnisse,"0,00","12.055,00",
Summe Vorräte,"0,00","193.403,00",
"",,,
"","123.432,25",,
"","455.050,43",,
"","263.989,13",,
"","842.471,81",,
"III.Wertpapiere des UmlaufvermögensSonstige Wertpapiere","1,00","1,00",
"","23.445.087,67",,
Summe Umlaufvermögen,"24.287.560,48","12.842.302,90",
C.,RECHNUNGSABGRENZUNGSPOSTEN,"559.589,17","565.664,02"
SUMME AKTIVA,"117.244.817,58","90.506.283,42"
""
PASSIVA,2021,2020,
A.,EIGENKAPITAL,in €,in €
I.Gezeichnetes Kapital,,,
1.Grundkapital,"1.716.000,00","1.716.000,00",
2.Nennbetrag eigener Anteile,"-1.196,00","-1.196,00",
Summe Gezeichnetes Kapital,"1.714.804,00","1.714.804,00",
"","62.659,07",,
III.Gewinnrücklagen,,,
1.Gesetzliche Rücklage,"139.989,53","139.989,53",
2.Rücklagen für eigene Anteile,"1.196,00","1.196,00",
3.Andere Gewinnrücklagen,"63.540.926,01","63.540.926,01",
Summe Gewinnrücklagen,"63.682.111,54","63.682.111,54",
"10.623.633,78",,,
Summe Eigenkapital,"76.083.208,39","61.358.722,63",
B.,SONDERPOSTEN FÜR INVESTITIONSZUSCHÜSSE ZUM ANLAGEVERMÖGEN,"4.292.275,15","711.238,68"
"",,,
C.,RÜCKSTELLUNGEN,,
1.Rückstellungen für betriebliche Altersversorgung und für ähnliche Verpflichtungen,"23.093.322,07","20.631.083,85",
2.Steuerrückstellungen,"0,00","18.120,25",
3.Sonstige Rückstellungen,"2.204.623,91","1.264.559,00",
Summe Rückstellungen,"25.297.945,98","21.913.763,10",
D.,VERBINDLICHKEITEN,,
1.Verbindlichkeiten gegenüber Kreditinstituten,"3.000.000,00","800.000,00",
2.Erhaltene Anzahlungen auf Bestellungen,"109.900,50","210.500,50",
3.Verbindlichkeiten aus Lieferungen und Leistungen,"4.418.848,51","3.107.067,54",
4.Sonstige Verbindlichkeiten,"2.866.354,81","1.201.824,97",
Summe Verbindlichkeiten,"10.395.103,82","5.319.393,01",
E.,RECHNUNGSABGRENZUNGSPOSTEN,"1.176.284,24","1.203.166,00"
SUMME PASSIVA,"117.244.817,58","90.506.283,42"
""
GEWINN- UND VERLUSTRECHNUNG,2021,2020,
"",,,
"",,,
1.,Erträge aus Investitionszuschüssen,"3.599.606,11","273.054,36"
2.,Zuführung zum Sonderposten für Investitionszuschüsse,"-3.599.606,11","-273.054,36"
3.,Erträge aus der Auflösung des Sonderpostens,"18.569,64","0,00"
4.,Spenden und Zuwendungen,"4.852.035,42","7.796.080,06"
5.,Umsatzerlöse,"17.639.949,67","17.056.705,19"
6.,Sonstige betriebliche Erträge,"22.561.861,16","2.454.723,31"
"",Gesamtleistung,"45.072.415,89",
"",Materialaufwand,"-4.091.886,79",
"","a) Aufwendungen für Roh-, Hilfs- und Betriebsstoffe und für bezogene Ware","-1.674.661,66","-1.460.208,93"
"","b) Aufwendungen für bezogene Leistungen- davon aus verbundenen Unternehmen € 90.074,26 (Vorjahr: € 35.096,94)","-2.417.225,13","-2.247.737,61"
"",Mittelverwendung,"-601.138,07",
"",Personalaufwand,"-15.412.706,30",
"",a) Löhne und Gehälter,"-10.766.638,00","-10.655.594,34"
"","b) Soziale Abgaben und Aufwendungen für Altersversorgungund für Unterstützung- davon für Altersversorgung € 2.643.036,30 (Vorjahr: € 3.333.171,22)","-4.646.068,30","-5.594.444,90"
"","Abschreibungen auf Immaterielle Vermögensgegenständeund Sachanlagen","-2.485.888,85",
12.,Sonstige betriebliche Aufwendungen,"-7.542.612,66","-7.832.457,91"
"",Erträge aus anderen Wertpapieren des Finanzanlagevermögens,"275.190,43",
14.,"Sonstige Zinsen und ähnliche Erträge- davon aus verbundenen Unternehmen € 8.778,00 (Vorjahr: € 8.778,00)","8.778,00","8.952,00"
"",Abschreibungen auf Finanzanlagen,"0,00",
16.,"Zinsen und ähnliche Aufwendungen- davon Aufwendungen aus Aufzinsung € 415.967,22 (Vorjahr: € 568.738,71)","-474.208,42","-651.950,90"
"",Steuern vom Einkommen und vom Ertrag,"12.463,01",
18.,Ergebnis nach Steuern,"14.760.406,24","-4.064.069,90"
"",Sonstige Steuern,"-35.920,48",
20.,Jahresüberschuss/-fehlbetrag,"14.724.485,76","-4.100.851,98"
"",Verlustvortrag,"-4.100.851,98",
22.,Bilanzgewinn/-verlust,"10.623.633,78","-4.100.851,98"
haben bis auf die Rückstellungen für Betriebsjubiläen und,UMSATZERLÖSE,2021,,2020,
Sterbegeld eine Restlaufzeit bis zu einem Jahr.,,,in €,,in €
VERBINDLICHKEITEN,,RESTLAUFZEITEN,,
"",bis zu einem Jahr,zwischen einem und fünf Jahren,mehr als fünf Jahre,Gesamt
"",2021 2020,2021 2020,2021 2020,2021
"",in € in T€,in € in T€,in € in T€,in €
4.,Sonstige Verbindlichkeiten,"2.866.354,81","1.201,8","0,0","0,0","0,0","0,0","2.866.354,81"
"","- davon aus Steuern: 4.764,41 €",,,,,,,
"","(Vj.: 6.117,02 €)",,,,,,,
"",- davon im Rahmen der sozialen,,,,,,,
"","Sicherheit: 0,00 € (Vj.: 0,00 €)",,,,,,,
ENTWICKLUNG DES ANLAGEVERMÖGENS ZUM 31. DEZEMBER 2021 (ANLAGENSPIEGEL)
Anschaffungs- und Herstellungskosten
Alle Werte in € 01.01.2021 Stand am Zugang Abgang Umbuchung31.12.2021Stand am
"",,,Abschreibungen,,,Buchwerte
Alle Werte in €,Stand am 01.01.2021,,Zugang Abgang,Stand am 31.12.2021,,Stand am 31.12.2021 31.12.2020Stand am
"21.451.783,39","2.485.888,85","71.971,53","23.865.700,71","92.397.667,93","77.098.316,50"
ENTWICKLUNG DES ANLAGEVERMÖGENS ZUM 31. DEZEMBER 2021 (ANLAGENSPIEGEL)
Anschaffungs- und Herstellungskosten
Alle Werte in € 01.01.2021 Stand am Zugang Abgang Umbuchung 31.12.2021Stand am
I.  Immaterielle
Vermögensgegenstände
Entgeltlich erworbene ge-
"werbliche Schutzrechte und 483.476,46 4.159,05 0,00 37.286,40 524.921,91"
ähnliche Rechte und Werte
"483.476,46 4.159,05 0,00 37.286,40 524.921,91"
II.  Sachanlagen
"1. Grundstücke und Bauten 50.079.265,19 120.411,22 0,00 631.301,59 50.830.978,00"
2. Technische Anlagen und
"4.834.882,86 Maschinen0,00 0,00 0,00 4.834.882,86"
"3. Andere Anlagen, Betriebs-"
"5.914.645,66 und Geschäftsausstattung754.685,59 0,00 17.400,00 6.686.731,25"
4. Geleistete Anzahlungen und
"15.681.107,60 Anlagen im Bau10.049.056,50 0,00 -685.987,99 25.044.176,11"
"76.509.901,31 10.924.153,31 0,00 -37.286,40 87.396.768,22"
III.  Finanzanlagen
1. Ausleihungen an ver-
"1.755.608,92 bundene Unternehmen 0,00 0,00 0,00 1.755.608,92"
2. Wertpapiere des
"19.799.993,20 Anlagevermögens13.334.400,06 6.549.443,67 0,00 26.584.949,59"
"3. Genossenschaftsanteile 1.120,00 0,00 0,00 0,00 1.120,00"
"21.556.722,12 13.334.400,06 6.549.443,67 0,00 28.341.678,51"
"98.550.099,89 24.262.712,42 6.549.443,67 0,00 116.263.368,64"
"hinaus sind sie dafür verantwortlich, auf der Grundlage des",•,identifizieren und beurteilen wir die Risiken wesentlicher –
Rechnungslegungsgrundsatzes der Fortführung der Unter-,,beabsichtigter oder unbeabsichtigter – falscher Darstellun-
"nehmenstätigkeit zu bilanzieren, sofern dem nicht tatsächli-",,"gen im Jahresabschluss und im Lagebericht, planen und"
che oder rechtliche Gegebenheiten entgegenstehen.,,führen Prüfungshandlungen als Reaktion auf diese Risiken
"",,"durch sowie erlangen Prüfungsnachweise, die ausreichend"
Außerdem sind die gesetzlichen Vertreter verantwortlich für,,"und geeignet sind, um als Grundlage für unsere Prüfungs-"
"die Aufstellung des Lageberichts, der insgesamt ein zutref-",,"urteile zu dienen. Das Risiko, dass wesentliche falsche"
fendes Bild von der Lage der Gesellschaft vermittelt sowie,,"Darstellungen nicht aufgedeckt werden, ist bei Verstößen"
in allen wesentlichen Belangen mit dem Jahresabschluss,,"höher als bei Unrichtigkeiten, da Verstöße betrügerisches"
"in Einklang steht, den deutschen gesetzlichen Vorschriften",,"Zusammenwirken, Fälschungen, beabsichtigte Unvollstän-"
entspricht und die Chancen und Risiken der zukünftigen,,"digkeiten, irreführende Darstellungen bzw. das Außer-"
Entwicklung zutreffend darstellt. Ferner sind die gesetzlichen,,kraftsetzen interner Kontrollen beinhalten können.
Vertreter verantwortlich für die Vorkehrungen und Maßnah-,,
"men (Systeme), die sie als notwendig erachtet haben, um die",•,gewinnen wir ein Verständnis von dem für die Prüfung des
Aufstellung eines Lageberichts in Übereinstimmung mit den,,Jahresabschlusses relevanten internen Kontrollsystem und
anzuwendenden deutschen gesetzlichen Vorschriften zu,,den für die Prüfung des Lageberichts relevanten Vorkeh-
"ermöglichen, und um ausreichende geeignete Nachweise für",,"rungen und Maßnahmen, um Prüfungshandlungen zu"
PERSONALKENNZAHLEN,2017,2018,2019,2020,2021
SÄUGETIERE MAMMALIA,,2020,,geboren,Zugänge,gestorben,Abgabe,,,2021,
Beuteltiere Marsupialia,m,w,u,m w u,m w u,m w u,m w u,,m,w,u
Kurzschwanzopossum Monodelphis domestica,3,5,0,3 6 0,0 0 0,1 2 0,2 2 0,,3,7,0
Parma-Känguru Macropus parma,2,4,1,2 0 1,0 0 0,2 1 0,0 0 0,,3,3,1
Rotes Riesenkänguru Macropus rufus,1,2,0,2 0 0,0 0 0,0 0 0,0 0 0,,3,2,0
Kurzkopf-Gleitbeutler Petaurus breviceps,0,1,0,0 0 0,6 2 0,0 0 0,0 0 0,,6,3,0
Tanrekartige Tenrecoidea,m,w,u,m w u,m w u,m w u,m w u,,m,w,u
Kleiner Igeltanrek Echinops telfairi,0,1,2,0 0 0,0 0 0,1 0 0,0 0 0,,0,1,1
Röhrchenzähner Tubulidendata,m,w,u,m w u,m w u,m w u,m w u,,m,w,u
Erdferkel Orycteropus afer,1,1,0,0 0 0,0 0 0,0 0 0,0 0 0,,1,1,0
Rüsseltiere Proboscidae,m,w,u,m w u,m w u,m w u,m w u,,m,w,u
Asiatischer Elefant Elephas maximus,1,4,0,0 0 0,0 0 0,0 0 0,0 0 0,,1,4,0
Zahnarme Pilosa,m,w,u,m w u,m w u,m w u,m w u,,m,w,u
Weißborstengürteltier Euphractus sexcinctus,2,3,0,0 0 4,0 0 0,1 0 2,0 2 0,,1,1,2
Südliches,,,,,,,,,,,
0KugelgürteltierTolypiotes matacus,2,1,0,0 1 0,0 0 0,0 0 0,1 0 0,,1,2,
Zweifingerfaultier Choloepus didactylus,1,1,0,0 0 1,0 0 0,0 0 1,0 0 0,,1,1,0
Myrmecophaga  Großer Ameisenbär 0tridactyla,1,1,0,0 0 0,0 0 0,0 0 0,0 0 0,,1,1,
""
SÄUGETIERE,MAMMALIA,2020,geboren,Zugänge,gestorben,Abgabe,2021,,,,,,,,,,,,
Primaten,Primates,m,w,u,m,w,u,m,w,u,m,w,u,m,w,u,m,w,u
Grauer Mausmaki,Microcebus murinus,0,1,0,0,0,0,0,0,0,0,0,0,0,0,0,0,1,0
"",Microcebus lehilahytsara,0,0,0,0,0,0,2,2,0,0,0,0,0,0,0,2,2,
Bengalischer Plumplori,Nycticebus bengalensis,0,1,0,0,0,0,0,0,0,0,0,0,0,0,0,0,1,0
"",Nycticebus coucang,1,0,0,0,0,0,0,0,0,0,0,0,0,0,0,1,0,
Senegal-Galago,Galago senegalensis,1,4,0,0,0,0,1,0,0,1,2,0,0,0,0,1,2,0
"",Callimico goeldii,1,0,0,0,0,0,0,0,0,0,0,0,0,0,0,1,0,
Geoffroys Seidenäffchen,Callithrix geoffroyi,1,0,0,0,0,0,0,0,0,0,0,0,0,0,0,1,0,0
"","Saguinus imperatorsubgrisecens",0,1,0,0,0,0,0,0,0,0,0,0,0,0,0,0,1,
Schwarzrücken-Tamarin,Saguinus nigricollis,1,0,0,0,0,0,0,0,0,0,0,0,0,0,0,1,0,0
"",Saguinus oedipus,1,1,0,2,0,0,0,0,0,2,0,0,0,0,0,1,1,
Brauner Kapuziner,Cebus olivaceus,3,3,0,0,0,2,0,0,0,0,1,2,0,0,0,3,2,0
"",Saimiri sciureus,1,6,3,0,1,4,0,0,0,0,3,0,0,0,0,2,6,
Bolivien-Nachtaffe,Aotus azarae,3,4,0,0,0,0,0,0,0,0,0,0,2,0,0,1,4,0
"",Callicebus cupreus,3,1,0,0,0,0,0,0,0,0,0,0,0,0,0,3,1,
Braunkopfklammeraffe,Ateles fusciceps rufiventris,1,1,0,0,0,0,0,0,0,0,0,0,0,0,0,1,1,0
"",Cercopithecus hamlyni,1,3,0,0,0,0,0,0,0,0,1,0,0,0,0,1,2,
Rotgesichtsmakak,Macaca fuscata,8,8,0,0,0,0,0,0,0,0,0,0,0,0,0,8,8,0
"",Macaca silenus,2,7,0,0,0,0,0,0,0,0,1,0,0,0,0,2,6,
Ceylon-Hutaffe,Macaca sinica,8,5,0,0,0,0,0,0,0,1,0,0,0,0,0,7,5,0
"",Mandrillus sphinx,2,2,0,0,0,0,0,0,0,2,1,0,0,0,0,0,1,
Mantelpavian,Papio hamadryas,18,21,1,0,1,5,0,0,0,0,1,4,0,0,0,19,21,1
"",Semnopithecus entellus,1,2,0,0,0,0,0,1,0,0,0,0,0,0,0,1,3,
Kappengibbon,Hylobates pileatus,1,0,0,0,0,0,0,0,0,0,0,0,0,0,0,1,0,0
"",Symphalangus syndactylus,2,1,0,0,0,1,0,0,0,0,0,1,0,0,0,2,1,
"WestlicherFlachland-Gorilla",Gorilla gorilla gorilla,1,4,0,0,1,0,0,0,0,0,0,0,0,0,0,1,5,0
"",Pan paniscus,3,4,0,0,0,0,0,0,0,0,0,0,0,0,0,3,4,
Gewöhnlicher Schimpanse,Pan troglodytes,1,2,0,0,0,0,0,0,0,0,0,0,0,0,0,1,2,0
"","Pan troglodytesschweinfurthii",1,0,0,0,0,0,0,0,0,0,0,0,0,0,0,1,0,
"WestafrikanischerSchimpanse",Pan troglodytes verus,0,1,0,0,0,0,0,0,0,0,0,0,0,0,0,0,1,0
Pongo pygmaeus,2,2,0,0,0,0,0,0,0,0,0,0,0,0,0,2,2,,
""
SÄUGETIERE,MAMMALIA,2020,geboren,Zugänge,gestorben,Abgabe,2021,,,,,,,,,,,,
Nagetiere,Rodentia,m,w,u,m,w,u,m,w,u,m,w,u,m,w,u,m,w,u
Prevosts Schönhörnchen,Callosciurus prevostii rafflesii,1,0,0,0,0,0,0,0,0,0,0,0,0,0,0,1,0,0
"","Callosciurus prevostiibangkanus",1,0,0,0,0,0,0,0,0,1,0,0,0,0,0,0,0,
Alpenmurmeltier,Marmota marmota,1,2,0,0,0,0,0,0,0,1,0,0,0,0,0,0,2,0
"",Castor fiber,1,1,0,0,0,0,0,0,0,0,0,0,0,0,0,1,1,
Roborowski-Zwerghamster,Phodopus roborovskii,3,3,0,5,6,0,0,0,0,5,6,0,0,0,0,3,3,0
"",Mus minutoides,4,8,0,2,4,0,0,0,0,2,4,0,0,0,0,4,8,
Blasse Wüstenspringmaus,Gerbillus perpallidus,4,10,0,3,6,0,0,0,0,3,6,0,0,0,0,4,10,0
"",Hypogeomys antimena,0,1,0,0,0,0,1,0,0,0,0,0,0,0,0,1,1,
Springhase,Pedetes capensis,2,2,0,2,0,0,0,0,0,2,0,0,0,0,0,2,2,0
"",Cryptomys anselli,8,3,11,2,1,0,0,0,0,1,1,0,0,0,0,15,8,
"WestafrikanischerQuastenstachler",Atherurus africanus,2,1,0,0,0,0,0,0,0,1,0,0,0,0,0,1,1,0
"",Hystrix africaeaustralis,1,2,0,0,0,0,0,0,0,0,0,0,0,0,0,1,2,
Hausmeerschweinchen,Cavia aperea f. percellus,0,0,15,0,0,10,0,0,5,0,0,15,0,0,0,0,0,15
"",Dolichotis patagonum,3,0,0,0,0,0,0,0,0,0,0,0,0,0,0,3,0,
Schwarzrückenaguti,Dasyprocta prymnolopha,0,0,0,0,0,0,1,1,0,0,0,0,0,0,0,1,1,0
"",Hydrochaeris hydrochaeris,1,1,0,2,5,0,0,0,0,0,0,0,0,3,0,3,3,
"Blaue Degu-Maus, Cururo",Spalacopus cyaneus,2,3,1,1,1,0,0,0,0,0,0,0,0,0,0,3,4,0
Hasenartige,Lagomorpha,m,w,u,m,w,u,m,w,u,m,w,u,m,w,u,m,w,u
Zwergkaninchen-Mix,"Oryctolagus cuniculus f.domestica",1,5,0,0,0,0,0,0,0,0,1,0,0,0,0,1,4,0
Fledertiere,Chiroptera,m,w,u,m,w,u,m,w,u,m,w,u,m,w,u,m,w,u
"Spitzmaus-Langzungen-fledermaus",Glossophaga soricina,19,21,0,0,5,0,0,0,0,0,3,0,0,0,0,19,23,0
Carollia perspicillata,58,42,0,0,1,0,0,0,0,5,9,0,15,10,0,38,24,,
""
SÄUGETIERE,MAMMALIA,2020,geboren,Zugänge,gestorben,Abgabe,2021,,,,,,,,,,,,
Raubtiere,Carnivora,m,w,u,m,w,u,m,w,u,m,w,u,m,w,u,m,w,u
Sandkatze,Felis margarita,0,0,0,0,0,0,1,0,0,0,0,0,0,0,0,1,0,0
"",Leopardus pardalis,0,1,0,0,0,0,0,0,0,0,0,0,0,0,0,0,1,
"Südliche Ozelotkatze(Oncille)",Leopardus guttulus,0,0,0,0,0,0,1,0,0,0,0,0,0,0,0,1,0,0
"",Leopardus wiedii),0,0,0,0,0,0,0,1,0,0,0,0,0,0,0,0,1,
Rostkatze,Prionailurus rubiginosus,0,1,0,0,0,0,0,0,0,0,0,0,0,0,0,0,1,0
"",Panthera leo,1,3,0,0,0,0,0,0,0,0,0,0,0,0,0,1,3,
Jaguar,Panthera onca,0,0,0,0,0,0,0,1,0,0,0,0,0,0,0,0,1,0
"",Panthera pardus saxicolor,1,0,0,0,0,0,0,1,0,0,0,0,0,0,0,1,1,
Amurtiger,Panthera tigris altaica,1,0,0,0,0,0,0,0,0,0,0,0,0,0,0,1,0,0
"",Galidia elegans,4,3,0,0,1,1,0,0,0,0,0,0,0,0,0,4,4,
Schmalstreifenmungo,Mungotictis decemlineata,2,5,1,0,0,1,0,0,0,0,1,1,0,0,0,2,5,0
"",Helogale parvula,1,1,0,0,0,0,0,0,0,0,0,0,0,0,0,1,1,
Erdmännchen,Suricata suricatta,7,5,0,0,0,0,0,0,0,1,1,0,0,0,0,6,4,0
"",Canis lupus hudsonicus,1,1,0,0,0,0,0,0,0,0,1,0,0,0,0,1,0,
"Afrikanischer Wildhund,Hyänenhund",Lycaon pictus,5,2,0,0,0,0,0,0,0,0,1,0,0,0,0,5,1,0
"",Vulpes zerda,1,1,0,0,0,0,0,0,0,0,0,0,0,0,0,1,1,
Großer Panda,Ailuropoda melanoleuca,3,1,0,0,0,0,0,0,0,0,0,0,0,0,0,3,1,0
"",Melursus ursinus,2,2,0,0,0,0,0,0,0,0,0,0,1,0,0,1,2,
Eisbär,Ursus maritimus,0,1,0,0,0,0,0,0,0,0,1,0,0,0,0,0,0,0
"",Zalophus californianus,4,6,0,0,0,2,0,0,0,0,0,0,0,0,0,6,6,
Seehund,Phoca vitulina,2,5,0,2,1,0,0,0,0,1,2,0,0,0,0,3,4,0
"",Aonyx cinereus,1,1,0,0,0,0,0,0,0,0,0,0,0,0,0,1,1,
Tayra,Eira barbata,1,1,0,0,0,0,0,0,0,0,0,0,0,0,0,1,1,0
"",Aiurus fulgens,0,0,0,0,0,0,1,1,0,0,0,0,0,0,0,1,1,
Wickelbär,Potos flavus,4,2,0,0,2,0,0,0,0,0,0,0,1,0,0,3,4,0
"",Nasua narica,1,1,0,0,0,0,0,0,0,0,0,0,0,0,0,1,1,
Unpaarhufer,Perissodactyla,m,w,u,m,w,u,m,w,u,m,w,u,m,w,u,m,w,u
"",Equus asinus f. asinus,1,3,0,0,0,0,0,0,0,0,0,0,0,0,0,1,3,
Böhm-Zebra,Equus quagga boehmi,1,4,0,0,1,0,0,0,0,1,0,0,0,0,0,0,5,0
"",Equus grevyi,0,2,0,0,0,0,1,1,0,0,0,0,0,0,0,1,3,
Przewalskipferd,Equus przewalskii,0,1,0,0,0,0,0,2,0,0,1,0,0,0,0,0,2,0
"",Equus przewalskii f. caballus,3,1,0,0,0,0,0,0,0,0,0,0,0,0,0,3,1,
Flachlandtapir,Tapirus terrestris,1,1,0,0,0,0,0,1,0,0,1,0,0,0,0,1,1,0
"",Diceros bicornis,0,2,0,0,0,0,0,0,0,0,0,0,0,0,0,0,2,
Panzernashorn,Rhinocerus unicornis,1,1,0,0,0,0,0,0,0,1,0,0,0,0,0,0,1,0
Paarhufer,Artiodactyla,m,w,u,m,w,u,m,w,u,m,w,u,m,w,u,m,w,u
Hirscheber,Babyrousa babyrussa,1,2,0,0,0,0,0,0,0,0,0,0,0,0,0,1,2,0
Sus b. barbatus,1,0,0,0,0,0,0,0,0,0,0,0,0,0,0,1,0,,
""
SÄUGETIERE,MAMMALIA,2020,geboren,Zugänge,gestorben,Abgabe,2021,,,,,,,,,,,,
Paarhufer,Artiodactyla,m,w,u,m,w,u,m,w,u,m,w,u,m,w,u,m,w,u
Visayas-Pustelschwein,Sus cebifrons medinus,1,1,0,0,0,0,0,0,0,0,0,0,0,0,0,1,1,0
"",Sus scrofa f. domestica,0,1,0,0,0,0,0,0,0,0,0,0,0,0,0,0,1,
Weißbartpekari,Tayassu pecari,13,20,0,4,3,0,0,0,0,1,0,0,0,0,0,16,23,0
"",Cheoropsis liberiensis,1,1,0,0,0,0,0,0,0,0,0,0,0,0,0,1,1,
Flusspferd,Hippopotamus amphibius,1,3,0,0,0,0,0,0,0,0,0,0,0,0,0,1,3,0
"",Lama pacos,3,3,0,0,1,0,0,0,0,0,0,0,1,0,0,2,4,
Vikunja,Vicugna vicugna,1,2,0,0,0,0,0,0,0,0,0,0,0,0,0,1,2,0
"",Tragulus javanicus,1,1,0,0,0,2,0,0,0,0,0,1,0,0,0,1,1,
Weißwedelhirsch,Odocoileus virginianus,1,5,0,2,3,0,0,0,0,0,2,0,0,0,0,3,6,0
"",Pudu pudu,0,1,0,0,0,0,1,1,0,0,1,0,0,0,0,1,1,
Europäisches Waldrentier,Rangifer tarandus fennicus,1,4,0,2,1,0,0,0,0,1,0,0,0,0,0,2,5,0
"",Cervus nippon nippon,0,2,0,0,0,0,0,0,0,0,0,0,0,0,0,0,2,
"MesopotamischerDamhirsch",Dama dama mesopotamica,2,0,0,0,0,0,0,0,0,0,0,0,0,0,0,2,0,0
"",Cervus alfredi,2,1,0,1,0,0,0,0,0,1,0,0,0,0,0,2,1,
Chinesisches Wasserreh,Hydropotes inermis,1,3,0,0,0,0,0,0,0,0,1,0,0,0,0,1,2,0
"","Giraffa camelopardalisreticulata",1,0,0,0,0,0,0,0,0,0,0,0,0,0,0,1,0,
Rothschildgiraffe,"Giraffa camelopardalisrothschildi",1,0,0,0,0,0,0,0,0,0,0,0,0,0,0,1,0,0
"",Okapi johnstoni,1,1,0,0,0,0,1,0,0,0,1,0,0,0,0,2,0,
Blessbock,Damaliscus pygargus,1,2,0,1,0,0,0,0,0,1,0,0,0,0,0,1,2,0
"",Antidorcas marsupialis,3,0,0,0,0,0,0,0,0,0,0,0,0,0,0,3,0,
Hirschziegenantilope,Antilope cervicapra,2,6,0,2,3,0,0,0,0,0,1,1,0,0,0,4,8,0
"",Litocranius walleri,1,0,0,0,1,0,2,1,0,1,1,0,0,0,0,2,1,
Kirkdikdik,Madoqua kirkii,1,4,0,1,4,0,0,0,0,0,2,0,1,0,0,1,6,0
"",Bison bison,1,3,0,0,0,0,0,0,0,0,0,0,0,0,0,1,3,
Wisent,Bison bonasus,1,1,0,0,0,0,0,0,0,0,0,0,0,0,0,1,1,0
"",Bos javanicus javanicus,3,4,0,0,0,0,0,0,0,2,0,0,0,0,0,1,4,
Hinterwälder Rind,Bos taurus,2,2,0,0,1,0,0,0,0,0,0,0,1,1,0,1,2,0
"",Bos taurus taurus watusi,1,3,0,0,0,0,0,0,0,0,0,0,0,1,0,1,2,
Vorderindischer Gaur,Bos gaurus gaurus,0,4,0,0,0,0,0,0,0,0,0,0,0,0,0,0,4,0
"",Bubalus bubalis,1,3,0,0,2,0,0,0,0,0,0,0,0,1,0,1,4,
Tieflandanoa,"Bubalus (Anoa)depressicornis",1,1,0,0,0,0,1,0,0,0,1,0,1,0,0,1,0,0
"",Syncerus caffer nanus,1,3,0,0,0,0,0,0,0,0,0,0,0,0,0,1,3,
Elenantilope,Tragelaphus oryx,1,3,0,1,1,0,0,0,0,2,0,0,0,0,0,0,4,0
"",Tragelaphus angasii,0,3,0,0,0,0,0,0,0,0,1,0,0,0,0,0,2,
Östlicher Bongo,Tragelaphus euryceros,1,3,0,0,0,0,0,0,0,0,0,0,0,0,0,1,3,0
""
SÄUGETIERE,MAMMALIA,2020,geboren,Zugänge,gestorben,Abgabe,2021,,,,,,,,,,,,
Paarhufer,Artiodactyla,m,w,u,m,w,u,m,w,u,m,w,u,m,w,u,m,w,u
"WestafrikanischeSitatunga",Tragelaphus spekii gratus,2,1,0,0,1,0,0,0,0,1,0,0,0,0,0,1,2,0
"",Tragelaphus strepsiceros,2,5,0,1,2,0,0,0,0,2,0,0,0,1,0,1,6,
Sichuan-Takin,Budorcas taxicolor tibetana,2,0,0,0,0,0,0,0,0,0,0,0,0,0,0,2,0,0
"",Capra aegragrus f. hircus,1,8,0,6,1,0,0,0,0,2,2,0,4,0,0,1,7,
Mischlingsziege,Capra aegragrus f. hircus,1,0,0,0,0,0,0,0,0,0,0,0,0,0,0,1,0,0
"",Capra ibex sibirica,3,12,0,5,4,0,0,0,0,1,4,0,4,0,0,3,12,
Himalaya-Tahr,Hemitragus jemlahicus,2,2,0,1,0,0,0,0,0,0,0,0,0,0,0,3,2,0
"",Ovis ammon f. aries,1,3,0,2,4,0,0,0,0,2,0,0,0,4,0,1,3,
Kamerunschaf,Ovis ammon f. aries,1,6,0,4,5,0,0,0,0,3,1,0,2,2,0,1,6,0
"",Cephalophus natalensis,2,3,0,3,2,0,0,0,0,2,2,0,0,0,0,3,3,
"SüdafrikanischeRappenantilope",Hippotragus niger niger,0,3,0,0,0,0,0,0,0,0,0,0,0,0,0,0,3,0
"",Oryx dammah,1,3,0,0,2,0,0,0,0,0,0,0,0,0,0,1,5,
Südliche Oryx,Oryx gazella gazella,1,3,0,0,0,0,0,0,0,0,0,0,0,0,0,1,3,0
"",Kobus ellipsiprymnus defassa,1,2,0,1,0,0,0,0,0,0,0,0,0,0,0,2,2,
"Kafue-Litschi-Moorantilope",Kobus leche kafuensis,2,8,0,0,0,0,0,0,0,0,1,0,0,0,0,2,7,0
VÖGEL,AVES,2020,geboren,Zugänge,gestorben,Abgabe,2021,,,,,,,,,,,,
Straußenvögel,Struthioniformes,m,w,u,m,w,u,m,w,u,m,w,u,m,w,u,m,w,u
"SüdafrikanischerBlauhalsstrauß",Struthio camelus australis,1,2,0,0,0,0,0,0,0,0,0,0,0,0,0,1,2,0
"","Pterocnemia pennatapennata",1,1,0,0,0,0,0,0,0,0,0,0,0,0,0,1,1,
Helmkasuar,Casuarius casuarius,1,1,0,0,0,0,0,0,0,1,0,0,0,0,0,0,1,0
"",Dromaius novaehollandiae,1,1,0,0,0,0,0,0,0,0,0,0,0,0,0,1,1,
Nördlicher Streifenkiwi,Apteryx australis mantelli,4,3,0,0,0,0,0,0,0,0,0,0,0,0,0,4,3,0
"",,,,,,,,,,,,,,,,,,,
Hühnervögel,Galliformes,m,w,u,m,w,u,m,w,u,m,w,u,m,w,u,m,w,u
Venezuela-Blaukehlguan,Pipile cumanensis,1,1,0,0,0,1,0,0,0,0,0,1,0,0,0,1,1,0
"",Crax rubra,1,0,0,0,0,0,0,0,0,0,0,0,0,0,0,1,0,
Auerhuhn,Tetrao urogallus,1,1,0,0,0,0,0,0,0,0,1,0,0,0,0,1,0,0
"",Numida meleagris f. dom.,1,1,2,0,0,8,0,0,0,0,0,4,0,0,0,2,2,
Fukien-Buschwachtel,Arborophila gingica,2,1,0,0,0,0,0,0,0,0,0,0,1,0,0,1,1,0
"",Coturnix delegorgnei,3,1,0,0,0,0,0,0,0,1,1,0,0,0,0,2,0,
Zwergwachtel,Coturnix chinensis,2,2,0,0,0,0,0,0,0,2,1,0,0,0,0,0,1,0
"",Rollulus roulroul,4,2,0,0,0,0,0,0,0,1,0,0,0,0,0,3,2,
Alpensteinhuhn,Alectoris graeca saxatillis,1,1,0,0,0,0,0,0,0,0,0,0,0,0,0,1,1,0
""
VÖGEL,AVES,2020,geboren,Zugänge,gestorben,Abgabe,2021,,,,,,,,,,,,
Hühnervögel,Galliformes,m,w,u,m,w,u,m,w,u,m,w,u,m,w,u,m,w,u
Rebhuhn,Perdix perdix,0,0,0,0,0,0,3,3,0,0,0,0,0,0,0,3,3,0
"",Gallus gallus,3,9,0,5,8,0,0,0,0,6,10,0,0,0,0,2,7,
Federfüßiges Zwerghuhn,Gallus gallus f. domestica,3,10,0,4,5,0,0,0,0,5,9,0,0,0,0,2,6,0
"",Gallus gallus f. domestica,2,7,0,5,6,0,0,0,0,5,8,0,0,0,0,2,5,
Zwerg-Lakenfelder,Gallus gallus f. domestica,3,10,0,5,8,0,0,0,0,6,11,0,0,0,0,2,7,0
"",Gallus gallus f. domestica,3,7,0,0,0,0,0,0,0,1,1,0,0,0,0,2,6,
Zwergseidenhuhn,Gallus gallus f. domestica,3,10,0,5,6,0,0,0,0,5,3,0,1,3,0,2,10,0
"",Gallus gallus f. domestica,2,10,0,5,8,0,0,0,0,5,11,0,0,0,0,2,7,
Sonnerathuhn,Gallus sonneratii,1,2,0,0,0,0,0,0,0,0,1,0,0,0,0,1,1,0
"",Lophura edwardsi,1,0,0,0,0,0,0,2,0,0,0,0,0,1,0,1,1,
Wallichfasan,Catreus wallichii,1,1,0,0,0,0,0,0,0,0,0,0,0,0,0,1,1,0
"",Syrmaticus ellioti,1,0,0,0,0,0,0,0,0,0,0,0,0,0,0,1,0,
Amherstfasan,Chrysolophus amerstiae,1,0,0,0,0,0,0,0,0,0,0,0,0,0,0,1,0,0
"",Tragopan caboti,0,1,0,0,0,0,0,0,0,0,0,0,0,0,0,0,1,
Brauner Pfaufasan,Polyplectron germaini,1,1,0,0,0,1,0,0,0,0,0,0,0,0,0,1,1,1
"",Polyplectron bicalcaratum,1,0,0,0,0,0,0,0,0,0,0,0,0,0,0,1,0,
Palawan-Pfaufasan,Polyplectron napoleonis,1,2,2,0,0,2,0,0,0,0,0,1,0,0,0,2,2,2
"",Argusianus argus,1,1,0,0,0,0,0,0,0,0,0,0,0,0,0,1,1,
Gelbkehlfrankolin,Pternistis leucoscepus,1,1,0,0,0,0,0,0,0,0,0,0,0,0,0,1,1,0
Gänsevögel,Anseriformes,m,w,u,m,w,u,m,w,u,m,w,u,m,w,u,m,w,u
Halsband-Tschaja,Chauna torquata,1,1,0,1,1,0,0,0,0,0,0,0,0,1,0,2,1,0
"",Dendrocygna bicolor,10,4,0,0,0,0,0,0,0,0,0,0,0,0,0,10,4,
Witwenpfeifgans,Dendrocygna viduata,32,26,1,0,0,0,0,0,0,3,6,1,14,14,0,15,17,0
"",Anser cygnoid,3,4,0,1,0,0,0,0,0,0,0,0,0,0,0,4,4,
Zwergblässgans,Anser orthropus,3,6,0,0,0,0,0,0,0,0,0,0,0,0,0,3,6,0
"",Anser indicus,1,0,0,0,0,0,0,0,0,0,0,0,0,0,0,1,0,
Weißwangengans,Branta leucopsis,0,1,0,0,0,0,0,0,0,0,0,0,0,0,0,0,1,0
"",Branta ruficollis,5,6,0,0,0,0,0,0,0,0,1,0,1,1,0,4,4,
Hawaiigans,Branta sandvicensis,2,3,0,0,0,0,0,0,0,0,0,0,0,0,0,2,3,0
"",Cyanochen cyanoptera,2,1,0,0,0,0,0,0,0,0,0,0,0,0,0,2,1,
Coskorobaschwan,Coscoroba coscoroba,2,0,0,0,0,0,0,1,0,0,1,0,0,0,0,2,0,0
"",Cygnus cygnus,1,1,0,0,0,0,0,0,0,0,0,0,0,0,0,1,1,
Brautente,Aix sponsa,2,0,0,0,0,0,0,0,0,0,0,0,0,0,0,2,0,0
"",Alopochen aegyptiacus,0,1,0,0,0,0,0,0,0,0,1,0,0,0,0,0,0,
Spießente,Anas acuta,9,5,0,0,0,0,0,0,0,0,1,0,0,0,0,9,4,0
"",Anas bernieri,1,1,0,0,0,0,0,0,0,0,0,0,0,0,0,1,1,
Europäische Krickente,Anas crecca,1,0,0,0,0,0,0,0,0,0,0,0,0,0,0,1,0,0
Anas luzonica,2,3,0,0,0,0,0,0,0,0,1,0,0,0,0,2,2,,
""
VÖGEL,AVES,2020,geboren,Zugänge,gestorben,Abgabe,2021,,,,,,,,,,,,
Gänsevögel,Anseriformes,m,w,u,m,w,u,m,w,u,m,w,u,m,w,u,m,w,u
Indische Laufente,"Anas platyrhynchus f.domestica",4,5,0,0,0,0,0,0,0,2,0,0,0,0,0,2,5,0
"",Anas undulata,1,0,0,0,0,0,0,0,0,0,0,0,0,0,0,1,0,
Tafelente,Aythya ferina,17,17,0,0,0,0,0,0,0,6,7,0,0,0,0,11,10,0
"",Aythya fuligula,15,12,0,0,0,0,0,0,0,5,5,0,0,0,0,10,7,
Eurasische Bergente,Aythya marila,1,1,0,2,0,1,0,0,0,0,0,1,0,0,0,3,1,0
"",Aythya nyroca,33,6,0,0,0,0,0,0,0,15,0,0,0,0,0,18,6,
Eurasische Schellente,Bucephala clangula,0,3,0,0,0,0,0,0,0,0,1,0,0,0,0,0,2,0
"",Mergellus albellus,1,1,0,0,0,0,0,0,0,1,0,0,0,0,0,0,1,
Kappensäger,Mergus cucullatus,2,1,0,0,0,0,0,0,0,0,0,0,0,0,0,2,1,0
"",Mergus merganser,2,0,0,0,0,0,0,0,0,1,0,0,0,0,0,1,0,
Marmelente,Marmaronetta angustirostris,1,1,0,0,0,0,0,0,0,0,0,0,0,0,0,1,1,0
"",Netta peposaca,4,4,0,0,0,0,0,0,0,3,3,0,0,0,0,1,1,
Kolbenente,Netta rufina,2,6,0,0,0,0,0,0,0,0,1,0,0,0,0,2,5,0
"",Oxyura j. jamaicensis,3,4,0,0,0,0,0,0,0,1,0,0,0,0,0,2,4,
Weißkopfruderente,Oxyra leucocephala,1,3,0,0,0,0,0,0,0,0,0,0,0,0,0,1,3,0
"",Sibirionetta formosa,1,0,0,0,0,0,0,0,0,0,0,0,0,0,0,1,0,
Eiderente,Somateria molissima,2,2,0,0,0,0,0,0,0,0,0,0,0,0,0,3,1,0
"",Tadorna ferruginea,2,2,0,0,0,0,0,0,0,1,1,0,0,0,0,1,1,
Brandgans,Tadorna tadorna,0,1,0,0,0,0,0,0,0,0,0,0,0,0,0,0,1,0
"",Mareca penelope,0,3,0,0,0,0,0,0,0,0,0,0,0,0,0,0,3,
Chile-Pfeifente,Mareca sibilatrix,10,5,0,0,0,0,0,0,0,7,3,0,0,0,0,3,2,0
"",Spatula clypeata,5,5,0,0,0,0,0,0,0,1,1,0,0,0,0,4,4,
Zimtente,Spatula cyanoptera,1,1,0,0,0,0,0,0,0,0,0,0,0,0,0,1,1,0
"",Spatula hottentota,1,1,4,0,0,0,0,0,0,0,0,1,0,0,0,1,1,
"SüdamerikanischeLöffelente",Spatula platalea,2,4,0,0,0,0,0,0,0,2,3,0,0,0,0,0,1,0
"",Spatula querquedula,0,2,0,0,0,0,0,0,0,0,0,0,0,0,0,0,2,
Kupferspiegelente,Speculanas specularis,0,1,0,0,0,0,1,0,0,0,0,0,0,0,0,1,1,0
Asarcornis scutulata,1,1,0,0,0,0,0,0,0,0,0,0,0,0,0,1,1,,
""
VÖGEL,AVES,2020,geboren,Zugänge,gestorben,Abgabe,2021,,,,,,,,,,,,
Pinguine,Sphenisciformes,m,w,u,m,w,u,m,w,u,m,w,u,m,w,u,m,w,u
Königspinguin,Aptenodytes patagonicus,4,1,0,0,0,0,0,0,0,0,0,0,0,0,0,4,1,0
"",Eudyptes chrysocome,2,3,0,0,0,0,0,0,0,0,0,0,0,0,0,2,3,
Brillenpinguin,Spheniscus demersus,9,7,1,2,3,0,0,0,0,0,0,0,0,0,0,13,9,0
"",Spheniscus humboldti,8,7,0,0,0,1,0,0,0,0,1,1,0,0,0,8,6,
Flamingos,Phoenicopteriformes,m,w,u,m,w,u,m,w,u,m,w,u,m,w,u,m,w,u
Zwergflamingo,Phoeniconaias minor,18,9,0,0,0,0,0,0,0,0,0,0,0,0,0,18,9,0
"",Phoenicoparrus andinus,7,5,0,0,0,0,0,0,0,0,0,0,0,0,0,7,5,
Jamesflamingo,Phoenicoparrus jamesi,1,5,0,0,0,0,0,0,0,0,0,0,0,0,0,1,5,0
"",Phoenicopterus chilensis,11,12,0,0,0,0,0,0,0,0,4,0,0,0,0,11,8,
Rosaflamingo,Phoenicopterus ruber roseus,16,8,0,0,0,0,9,11,0,4,2,0,0,0,0,21,17,0
Schreitvögel,Ciconiiformes,m,w,u,m,w,u,m,w,u,m,w,u,m,w,u,m,w,u
Hammerkopf,Scopus umbretta,1,1,0,0,0,0,0,0,0,0,0,0,0,0,0,1,1,0
"",Ciconia nigra,0,1,0,0,0,0,0,0,0,0,0,0,0,0,0,0,1,
Abdimstorch,Ciconia abdimii,5,9,0,0,2,0,0,0,0,0,0,0,0,0,0,5,11,0
"",Ciconia ciconia,1,1,0,0,0,0,0,0,0,1,0,0,0,0,0,0,1,
Marabu,Leptoptilos crumenifer,1,1,0,0,0,0,2,2,0,0,0,0,1,1,0,2,2,0
"",Theristicus caudatus,0,1,0,0,0,0,0,0,0,0,0,0,0,1,0,0,0,
Waldrapp,Geronticus eremita,11,8,0,0,1,0,0,0,0,3,1,0,0,0,0,8,8,0
"",Lophotibis cristata,1,0,1,0,0,0,0,0,0,0,0,0,0,0,0,1,0,
Löffler,Platalea leucorodia,4,4,0,0,0,0,1,2,0,0,1,0,0,0,0,5,5,0
"",Bubulcus ibis,6,1,0,0,0,0,0,0,0,2,1,0,0,0,0,4,0,
Paddyreiher,Ardeola grayii,1,0,0,0,0,0,0,0,0,0,0,0,1,0,0,0,0,0
"",Ardeola speciosa,1,1,0,0,0,0,0,0,0,0,0,0,0,0,0,1,1,
Zwergdommel,Ixobrychus minutus,1,1,1,0,0,0,0,0,0,0,0,0,0,0,0,1,1,1
Ruderfüßer,Pelicaniformes,m,w,u,m,w,u,m,w,u,m,w,u,m,w,u,m,w,u
Brillenpelikan,Pelecanus conspicillatus,2,4,0,0,0,0,0,0,0,0,0,0,0,0,0,2,4,0
"",Pelecanus crispus,4,8,0,1,1,0,0,0,0,0,0,0,0,0,0,5,9,
Nashornpelikan,Pelecanus erythrorhynchos,2,2,0,0,0,2,0,0,0,1,0,2,0,0,0,1,2,0
"",Pelecanus rufescens,4,3,0,0,0,0,0,0,0,2,0,0,0,0,0,2,3,
Greifvögel,Falconiformes,m,w,u,m,w,u,m,w,u,m,w,u,m,w,u,m,w,u
Schopf-Karakara,Caracara plancus,1,1,0,0,0,0,0,0,0,0,0,0,0,0,0,1,1,0
"",Aquila chrysaetos,1,2,0,1,1,0,0,0,0,0,0,0,0,1,0,2,2,
Bartgeier,Gypaetus barbatus,2,1,0,1,0,0,0,0,0,0,0,0,2,0,0,1,1,0
"",Gypohierax angolensis,1,2,0,0,0,0,0,0,0,0,0,0,0,0,0,1,2,
Gänsegeier,Gyps fulvus,3,3,0,1,0,0,0,0,0,0,0,0,0,0,0,4,3,0
"",Haliaetus vocifer,0,1,0,0,0,0,0,0,0,0,0,0,0,0,0,0,1,
Kappengeier,Necrosyrtes monachus,3,2,0,0,0,0,0,0,0,0,0,0,0,0,0,3,2,0
"",Neophron percnopterus,1,1,0,0,0,0,0,0,0,0,0,0,0,0,0,1,1,
Wüstenbussard,Parabuteo unicinctus,0,1,0,0,0,0,0,0,0,0,0,0,0,0,0,0,1,0
""
VÖGEL,AVES,2020,geboren,Zugänge,gestorben,Abgabe,2021,,,,,,,,,,,,
Greifvögel,Falconiformes,m,w,u,m,w,u,m,w,u,m,w,u,m,w,u,m,w,u
Gaukler,Terathopius ecaudatus,1,1,0,0,0,0,0,0,0,0,1,0,0,0,0,1,0,0
"",Trigonoceps occipitalis,1,1,0,0,0,0,0,0,0,0,0,0,0,0,0,1,1,
Königsgeier,Sarcoramphus papa,1,1,0,0,0,1,0,0,0,0,0,1,0,0,0,1,1,0
"",Vultur gryphus,1,1,0,0,0,0,0,0,0,0,0,0,0,0,0,1,1,
Kranichvögel,Gruiformes,m,w,u,m,w,u,m,w,u,m,w,u,m,w,u,m,w,u
Kagu,Rhynochetus jubatus,1,1,0,0,0,0,0,0,0,0,0,0,0,0,0,1,1,0
"",Cariama cristata,1,3,0,0,1,0,0,0,0,0,0,0,0,0,0,1,4,
Sonnenralle,Eurypyga helias,0,1,0,0,0,0,1,0,0,0,1,0,0,0,0,1,0,0
"","Balearica regulorumregulorum",1,1,0,0,0,0,0,0,0,0,0,0,0,0,0,1,1,
Mandschurenkranich,Grus japonensis,1,1,0,0,0,0,0,0,0,0,0,0,0,0,0,1,1,0
"",Grus leucogeranus,1,0,0,0,0,0,0,0,0,0,0,0,0,0,0,1,0,
Europäischer Kranich,Grus g. grus,0,0,0,0,0,0,1,0,0,0,0,0,0,0,0,1,0,0
Wat- und Möwenvögel,Charadriformes,m,w,u,m,w,u,m,w,u,m,w,u,m,w,u,m,w,u
Kap-Triel,Burhinus capensis,1,1,0,0,0,0,0,0,0,0,0,0,0,0,0,1,1,0
"",Haematopus ostralegus,2,0,0,0,0,0,0,0,0,0,0,0,0,0,0,2,0,
"Schwarznacken-Stelzenläufer",Himantopus mexicanus,1,1,1,0,0,1,0,0,0,0,0,0,0,0,0,1,1,2
"",Recurvirostra avosetta,1,0,30,0,0,0,0,0,0,0,0,6,0,0,0,1,0,
Sandregenpfeifer,Charadrius hiaticula,1,1,0,0,0,0,0,0,0,1,0,0,0,0,0,0,1,0
"",Vanellus tectus,1,1,0,0,0,0,0,0,0,0,0,0,0,0,0,1,1,
Großer Brachvogel,Numenius arquata,0,1,0,0,0,0,0,0,0,0,0,0,0,0,0,0,1,0
"",Tringa totanus,0,0,1,0,0,0,0,0,0,0,0,1,0,0,0,0,0,
Steinwälzer,Arenaria interpres,1,0,0,0,0,0,0,0,0,0,0,0,0,0,0,1,0,0
"",Philomachus pugnax,0,0,2,0,0,0,0,0,0,0,0,0,0,0,0,1,1,
Inka-Seeschwalbe,Larosterna inca,5,6,1,0,0,2,0,0,0,0,2,1,0,0,0,5,4,3
Flughühner,Pteroclidiformes,m,w,u,m,w,u,m,w,u,m,w,u,m,w,u,m,w,u
Sandflughuhn,Pterocles orientales,2,0,0,0,0,0,0,0,0,1,0,0,0,0,0,1,0,0
Taubenvögel,Columbiformes,m,w,u,m,w,u,m,w,u,m,w,u,m,w,u,m,w,u
Mähnentaube,Caloenas nicobarica,1,2,0,0,0,0,0,0,0,0,0,0,0,1,0,1,1,0
"",Nesoenas picturata,1,0,0,0,0,0,0,0,0,0,0,0,0,0,0,1,0,
Senegaltaube,Spilopelia senegalensis,0,0,1,0,0,0,0,0,0,0,0,1,0,0,0,0,0,0
"",Streptopelia turtur,2,4,0,0,0,0,0,0,0,0,1,0,0,0,0,2,3,
Socorrotaube,Zenaida graysoni,1,0,0,0,0,0,0,0,0,0,0,0,0,0,0,1,0,0
"",Columbia livia,0,0,15,0,0,15,0,0,0,0,0,22,0,0,0,0,0,
"Berliner langlatschigeTümmler",Columbia livia f. domestica,0,0,16,0,0,4,0,0,0,0,0,12,0,0,0,0,0,8
"",Columbia livia f. domestica,2,2,11,0,0,6,0,0,0,0,0,9,0,0,0,2,2,
Berliner Lange,Columbia livia f. domestica,0,0,9,0,0,4,0,0,0,1,0,2,0,0,0,0,0,10
""
VÖGEL,AVES,2020,geboren,Zugänge,gestorben,Abgabe,2021,,,,,,,,,,,,
Taubenvögel,Columbiformes,m,w,u,m,w,u,m,w,u,m,w,u,m,w,u,m,w,u
Rote Lockentaube,Columbia livia f. domestica,0,0,8,0,0,4,0,0,0,0,0,2,0,0,0,0,0,10
"",Columbia livia f. domestica,3,3,8,0,0,6,0,0,0,0,0,10,0,0,0,3,3,
"Südd. Mönchstaube,blau-weiß geschultert",Columbia livia f. domestica,0,0,6,0,0,0,0,0,0,0,0,0,0,0,0,0,0,6
"",Gallicolumba criniger,4,1,0,0,0,0,0,0,0,0,0,0,1,0,0,3,1,
Dolchstichtaube,Gallicolumba luzonica,3,4,2,0,0,0,0,0,0,0,1,0,0,1,0,4,3,0
"",Gallicolumba rufigula,1,0,0,1,0,0,0,0,0,0,0,0,0,0,0,1,0,
Celebes-Erdtaube,Gallicolumba tristigmata,0,1,0,0,0,0,0,0,0,0,1,0,0,0,0,0,0,0
"",Leucosarcia melanoleuca,1,1,0,0,0,0,0,0,0,0,0,0,0,0,0,1,1,
Schopftaube,Ocyphaps lophotes,2,0,0,0,0,0,0,0,0,1,0,0,0,0,0,1,0,0
"",Oena capensis,2,0,0,0,0,0,0,0,0,0,0,0,0,0,0,2,0,
Fasanentaube,Otidiphaps nobilis,1,0,0,0,0,0,0,0,0,0,0,0,0,0,0,1,0,0
"",Otidiphaps aruensis,1,1,0,0,0,1,0,0,0,0,0,1,0,0,0,1,1,
Goldstirnfruchttaube,Ptilinopus aurantiifrons,3,2,1,0,0,2,0,0,0,1,1,1,1,0,0,2,2,0
"",Ptilinopus coronulatus,0,1,0,0,0,0,0,0,0,0,0,0,0,0,0,0,1,
Greyfruchttaube,Ptilinopus greyii,5,2,0,1,0,0,0,0,0,1,0,0,1,0,0,4,2,0
"",Ptilinopus iozonus,1,2,0,0,0,0,0,0,0,0,0,0,0,0,0,1,2,
"Schwarznacken-fruchttaube",Ptilinopus melanospilus,2,2,0,1,0,0,0,0,0,0,0,0,0,0,0,3,2,0
Papageien,Psittaciformes,m,w,u,m,w,u,m,w,u,m,w,u,m,w,u,m,w,u
Erzlori,Lorius domicella,1,1,0,1,1,0,0,0,0,0,0,0,0,0,0,2,2,0
"",Lathamus discolor,0,1,0,0,0,0,0,0,0,0,0,0,0,0,0,0,1,
Kea,Nestor notabilis,2,2,0,0,0,0,0,0,0,1,1,0,0,0,0,1,1,0
"",Aratinga solstitialis,1,1,0,0,0,0,1,1,0,0,0,0,0,0,0,2,2,
Springsittich,Cyanoramphus auricens,1,1,0,0,0,0,0,0,0,0,0,0,0,0,0,1,1,0
"",Psephotos chrysopteryglus,1,1,0,0,0,0,0,0,0,0,1,0,0,0,0,1,0,
Schönsittich,Neophema pulchella,1,1,0,0,0,0,0,0,0,0,0,0,0,0,0,1,1,0
"",Melopsittacus undulatus,21,13,0,8,0,0,0,0,0,3,3,0,0,0,0,26,10,
Hyazinthara,Andorhynchus hyacinthinus,1,1,0,0,0,0,0,0,0,0,0,0,0,0,0,1,1,0
"",Primolius maracana,1,3,0,0,0,0,0,0,0,0,0,0,0,0,0,1,3,
Soldatenara,Ara militaris mexicana,1,2,0,0,0,0,0,0,0,0,0,0,0,0,0,1,2,0
"",Amazone lilacina,1,1,0,0,0,0,0,0,0,0,0,0,0,0,0,1,1,
Kuba-Amazone,Amazona leucocephala,1,1,0,0,0,0,0,0,0,0,0,0,0,0,0,1,1,0
"",Calytorhynchus banksii,3,1,0,0,0,0,0,0,0,0,0,0,0,0,0,3,1,
Weißhaubenkakadu,Cacatua alba,2,0,0,0,0,0,0,0,0,0,0,0,0,0,0,2,0,0
"",Cacatua goffini,1,1,0,0,0,0,0,0,0,0,0,0,0,0,0,1,1,
Inka-Kakadu,Cacatua leadbeateri,1,0,0,0,0,0,0,0,0,0,0,0,0,0,0,1,0,0
"Cacatua sulphureacitrinocristata",0,1,0,0,0,0,0,0,0,0,0,0,0,0,0,0,1,,
""
VÖGEL,AVES,2020,geboren,Zugänge,gestorben,Abgabe,2021,,,,,,,,,,,,
Kuckucksvögel,Cuculiformes,m,w,u,m,w,u,m,w,u,m,w,u,m,w,u,m,w,u
Rotkopfturako,Tauraco erythrolophus,1,1,0,0,0,0,0,0,0,0,0,0,0,0,0,1,1,0
"",Musophaga violacea,0,1,0,0,0,0,0,0,0,0,0,0,0,0,0,0,1,
Weißbauch-Lärmvogel,Criniferoides leucogaster,1,0,0,0,0,0,0,0,0,0,0,0,0,0,0,1,0,0
"",Scythrops novaehollandiae,1,0,0,0,0,0,0,0,0,0,0,0,0,0,0,1,0,
Guira-Kuckuck,Guira guira,1,6,0,0,0,3,0,0,0,0,1,1,0,0,0,1,5,2
"",Centropus superciliosus,0,0,0,0,0,0,1,1,0,0,0,0,0,0,0,1,1,
Eulen,Strigiformes,m,w,u,m,w,u,m,w,u,m,w,u,m,w,u,m,w,u
Europäischer Uhu,Bubo bubo bubo,0,2,0,0,0,0,0,0,0,0,0,0,0,0,0,0,2,0
"",Bubo scandiacus,6,0,0,0,0,0,0,0,0,2,0,0,0,0,0,4,0,
Sperbereule,Surnia ulula,0,1,0,0,0,0,1,1,0,1,1,0,0,0,0,0,1,0
"",Otus scops,1,0,0,0,0,0,0,0,0,0,0,0,0,0,0,1,0,
Brillenkauz,Pulsatrix perspicillata,2,2,0,0,0,0,0,2,0,0,0,0,0,0,0,2,4,0
"",Strix nebulosa,0,1,0,0,0,0,0,1,0,0,0,0,0,0,0,0,2,
Schwalmvögel,Caprimulgiformes,m,w,u,m,w,u,m,w,u,m,w,u,m,w,u,m,w,u
Eulenschwalm,Podargus strigoides,2,2,0,0,0,1,0,0,0,0,0,1,0,0,0,2,2,0
Mausvögel,Coliiformes,m,w,u,m,w,u,m,w,u,m,w,u,m,w,u,m,w,u
Blaunacken-Mausvogel,Urocolius macrourus,1,0,0,0,0,0,0,0,0,0,0,0,0,0,0,1,0,0
Rackenvögel,Coraciiformes,m,w,u,m,w,u,m,w,u,m,w,u,m,w,u,m,w,u
Opalracke,Coracias cyanogaster,2,1,0,0,0,0,0,0,0,0,0,0,0,0,0,2,1,0
"",Momotus momota,1,1,0,0,0,0,0,0,0,0,1,0,0,0,0,1,0,
Blauflügel-Jägerliest,Dacelo leachii,1,1,0,0,0,2,0,0,0,0,0,1,0,0,0,1,1,1
"",Dacelo novaeguineae,1,0,0,0,0,0,0,0,0,0,0,0,0,0,0,1,0,
Braunkopfliest,Halcyon albiventris,1,0,0,0,0,0,0,0,0,0,0,0,0,0,0,1,0,0
"",Merops apiaster,2,6,0,0,0,0,0,0,0,0,0,0,0,0,0,2,6,
Weißstirnspint,Merops bullockoides,1,2,0,0,0,0,0,0,0,0,0,0,0,0,0,1,2,0
"",Upupa epops,0,1,0,0,0,0,0,0,0,0,1,0,0,0,0,0,0,
Silberwangen-Hornvogel,Bycanistes brevis,1,1,0,0,0,0,0,0,0,0,0,0,0,0,0,1,1,0
"",Bucorvus abyssinicus,1,0,0,0,0,0,0,0,0,0,0,0,0,0,0,1,0,
Südl. Hornrabe,Bucorvus leadbeateri,1,1,0,0,0,0,0,0,0,0,0,0,0,0,0,1,1,0
"",Penelopides panini panini,1,1,0,0,1,0,0,0,0,0,0,0,0,0,0,1,2,
Spechtvögel,Piciformes,m,w,u,m,w,u,m,w,u,m,w,u,m,w,u,m,w,u
"Senegal-Furchen-schnabelbartvogel",Lybius dubius,0,0,0,0,0,0,1,0,0,0,0,0,0,0,0,1,0,0
"","Trachyphonuserythrocephalus",1,1,0,0,0,0,0,0,0,0,0,0,0,0,0,1,1,
Schwarzkehlarassari,Pteroglossus aracari,1,1,0,0,0,0,0,0,0,0,0,0,0,0,0,1,1,0
""
VÖGEL,AVES,2020,geboren,Zugänge,gestorben,Abgabe,2021,,,,,,,,,,,,
Sperlingsvögel,Passeriformes,m,w,u,m,w,u,m,w,u,m,w,u,m,w,u,m,w,u
Gelbkopfpipra,Pipra erythrocephala,1,2,0,0,0,0,0,0,0,1,1,0,0,0,0,0,1,0
"",Cotinga cayana,2,2,0,0,0,0,0,0,0,1,1,0,0,0,0,1,1,
Weißohrkatzenvogel,Ailuroedos buccoides,1,1,0,0,0,0,0,0,0,0,0,0,0,0,0,1,1,0
"",Entomyzon cyanotis,1,2,0,0,0,0,1,0,0,0,1,0,0,0,0,2,1,
Weißrückenflötenvogel,Gymnorhina tibicen,1,0,0,0,0,0,0,0,0,0,0,0,0,0,0,1,0,0
"",Urocissa erythroryncha,1,1,0,0,0,0,0,0,0,0,0,0,0,0,0,1,1,
Goldscheitelwürger,Laniarius barbarus,1,1,0,0,0,0,0,0,0,0,0,0,0,0,0,1,1,0
"",Lanius cabanisi,0,1,0,0,0,0,0,0,0,0,0,0,0,0,0,0,1,
Geierrabe,Corvus albicollis,1,1,0,0,0,0,0,0,0,0,0,0,0,0,0,1,1,0
"",Phonygammus keraudrenii,1,0,0,0,0,0,0,0,0,0,0,0,0,0,0,1,0,
Rotohrbülbül,Pycnonotus jocosus,1,1,0,0,0,0,0,0,0,0,0,0,0,0,0,1,1,0
"",Pycnonotus barbatus,1,0,0,0,0,0,0,0,0,1,0,0,0,0,0,0,0,
"Kilimandscharo-Brillenvogel",Zosterops eurycricotus,0,0,2,0,0,0,0,0,0,0,0,1,0,0,0,0,0,1
"",Zosterops senegalensis,2,2,0,0,0,0,0,0,0,1,0,0,0,0,0,1,2,
Orangebauch-Blattvogel,Chloropsis hardwickii,0,1,0,0,0,0,0,0,0,0,0,0,0,0,0,0,1,0
"",Irena puella,0,1,0,0,0,0,0,0,0,0,1,0,0,0,0,0,0,
Schwarzweißhäherling,Garrulax bicolor,1,1,0,0,0,0,0,0,0,0,0,0,0,0,0,1,1,0
"",Garrulax courtoisi,1,1,0,0,0,0,0,0,0,0,0,0,0,0,0,1,1,
Schwarzflügelstar,Acridotheres melanopterus,0,1,0,0,0,0,0,0,0,0,0,0,0,0,0,0,1,0
"",Aplonis panayensis,1,4,8,0,0,0,0,0,0,0,0,0,0,0,0,1,4,
Amethystglanzstar,Cinnyricinclus leucogaster,2,2,3,0,0,2,0,0,0,0,0,0,0,0,0,2,2,5
"",Cosmopsarus regius,3,1,0,0,0,0,0,0,0,0,0,0,0,0,0,3,1,
Lappenstar,Creatophora cinerea,1,1,0,0,0,0,0,0,0,0,0,0,0,0,0,1,1,0
"",Lamprotomis chalybaeus,0,0,1,0,0,0,0,0,0,0,0,0,0,0,0,0,0,
Smaragdglanzstar,Lamprotornis iris,0,1,0,0,0,0,0,0,0,0,0,0,0,0,0,0,1,0
"",Lamprotomis purpuropterus,1,1,0,0,0,1,0,0,0,0,0,1,0,0,0,1,1,
Balistar,Leucopsar rothschildi,2,1,0,0,0,0,0,0,0,1,1,0,0,0,0,1,0,0
"",Cichladusa guttata,3,1,1,2,2,1,0,0,0,0,1,1,0,0,0,5,3,
Weißbürzelschamadrossel,Copsychus malabaricus,1,1,0,0,0,0,0,0,0,0,0,0,0,0,0,1,1,0
"",Zoothera citrina,2,1,0,0,0,0,0,0,0,0,0,0,0,0,0,2,1,
Sumbawadrossel,Zoothera dohertyi,1,0,0,0,0,0,0,0,0,0,0,0,0,0,0,1,0,0
"",Leiothrix lutea,1,2,0,0,0,0,0,0,0,0,0,0,0,0,0,1,2,
Omeihäherling,Liocichia omeiensis,3,0,0,0,0,0,2,1,0,1,0,0,3,0,0,1,1,0
"",Panurus biarmicus,1,1,0,0,0,1,0,0,0,0,0,0,0,0,0,2,1,
Starweber,Dinemellia dinemelli,1,2,0,0,0,0,0,0,0,0,0,0,0,0,0,1,2,0
"",Euplectes orix,0,0,1,0,0,0,0,0,0,0,0,0,0,0,0,0,1,
Genickbandweber,Ploceus castaneiceps,5,0,0,0,0,0,0,0,0,1,0,0,0,0,0,4,0,0
Ploceus cucullatus,12,22,0,0,0,3,0,0,0,0,1,0,0,0,0,12,21,,
""
VÖGEL,AVES,2020,geboren,Zugänge,gestorben,Abgabe,2021,,,,,,,,,,,,
Sperlingsvögel,Passeriformes,m,w,u,m,w,u,m,w,u,m,w,u,m,w,u,m,w,u
Weißwangenastrild,Nesocharis capistrata,2,1,2,1,0,0,0,0,0,0,0,0,0,1,0,3,2,0
"",Estrilda astrild,0,2,0,0,0,0,0,0,0,0,1,0,0,0,0,0,1,
"Rotschwanz-Schön-bürzelastrild",Estrilda caerulescens,0,0,0,0,0,0,1,1,0,0,0,0,0,0,0,1,1,0
"",Spermophaga haematina,1,1,0,0,0,0,0,0,0,0,1,0,0,0,0,1,0,
Blaukopfschmettlingsfink,Uraeginthus cyanocephalus,1,0,0,0,0,0,0,0,0,0,0,0,0,0,0,1,0,0
"",Pytilia phoenicoptera,0,1,0,0,0,0,0,0,0,0,0,0,0,0,0,0,1,
Rotmaskenastrild,Pytilia hypogrammica,0,0,0,0,0,0,2,3,1,0,1,0,0,0,0,2,2,1
"","Lagonosticta senegalaruberrima",1,0,0,0,0,0,0,0,0,0,0,0,0,0,0,1,0,
Bandamadine,Amadina fasciata,1,0,0,0,0,0,0,0,0,0,0,0,0,0,0,1,0,0
"",Amandava amandava,0,1,0,0,0,0,0,0,0,0,1,0,0,0,0,0,0,
Rebhuhnastrild,Ortygospiza atricollis,6,1,0,0,0,0,0,0,0,0,0,0,0,0,0,6,1,0
"",Neochmia ruficauda,1,1,0,0,0,0,0,0,0,0,1,0,0,0,0,1,0,
Weißbürzel-Ringelastrild,"Taeniopygia bichenoviibichenovii",2,2,14,0,0,0,12,2,0,1,1,1,0,0,0,13,3,13
"",Taeniopygia guttata,0,0,0,0,0,0,3,0,0,0,0,0,0,0,0,3,0,
Granatastrild,Granatina granatina,0,0,0,0,0,0,1,2,0,0,0,0,0,0,0,1,2,0
"",Emblema pictum,0,0,0,0,0,0,1,3,0,0,1,0,0,0,0,1,2,
Diamantamadine,Stagonopleura guttata,0,0,0,0,0,0,2,0,0,0,0,0,0,0,0,2,0,0
"",Poephila acutucauda,0,0,0,0,0,0,2,0,0,0,0,0,0,0,0,2,0,
Gürtelgrasfink,Phoephila cincta,2,1,1,0,0,0,0,0,0,1,0,0,0,0,0,1,1,1
"",Erythura gouldiae,5,3,14,0,0,27,0,0,0,1,1,3,0,0,0,4,3,
Reisfink,Lonchura oryzivora,0,0,17,0,0,0,0,0,0,0,0,0,0,0,0,0,0,17
"",Serinus leucopygius,0,1,0,0,0,0,0,0,0,0,0,0,0,0,0,0,1,
Mocambiquegirlitz,Serinus mozambica,2,1,0,0,0,0,1,1,0,0,0,0,0,0,0,3,2,0
"",Icterus oberi,1,1,0,0,0,0,0,0,0,0,0,0,0,0,0,1,1,
Trauerpfäffchen,Sporophila luctuosa,1,0,0,0,0,0,0,0,0,1,0,0,0,0,0,0,0,0
"",Tiaris canora,0,3,0,0,0,0,0,0,0,0,3,0,0,0,0,0,0,
Grüner Kardinal,Gubernatrix cristata,1,1,0,0,0,4,0,0,0,0,0,1,0,0,0,2,3,0
"",Cardinalis cardinalis,1,1,0,0,0,0,0,0,0,0,0,0,0,0,0,1,1,
Azurbischof,Passerina caerulea,1,1,0,0,0,0,0,0,0,0,0,0,0,0,0,1,1,0
"",Dacnis lineata,1,1,0,0,0,0,0,0,0,0,0,0,0,0,0,1,1,
Purpurtangare,Ramphocelus bresilius,1,1,0,0,0,0,1,1,0,0,0,0,0,0,0,2,2,0
"",Tangara chilensis,0,1,0,0,0,0,0,1,0,0,0,0,0,0,0,0,2,
Bischofstangare,Thraupis episcopus,2,0,0,0,0,0,0,0,0,0,0,0,0,0,0,2,0,0
"",Tangara cayana,0,0,0,0,0,0,4,1,0,1,1,0,0,0,0,3,0,
Gelbfußhonigsauger,Cyanerpes caeruleus,0,0,0,0,0,0,2,0,0,2,0,0,0,0,0,0,0,0
KRIECHTIERE,REPTILIA,Artenzahl,,2020,,geboren,Zugänge,gestorben,Abgabe,,,2021,
"",,,m,w,u,m w u,m w u,m w u,m w u,,m,w,u
Schnabelköpfe,Sphenodontia,1,1,3,0,0 0 0,0 0 0,0 0 0,0 0 0,,1,3,0
Schildkröten,Testudines,10,11,14,24,0 0 6,1 0 0,0 0 2,0 0 0,,12,14,28
Krokodile,Crocodylia,3,2,4,0,0 0 0,0 0 0,0 0 0,0 0 0,,2,4,0
Echsen,Lacertilia,35,10,41,70,0 0 42,1 0 10,0 0 18,0 0 24,,11,41,80
Schlangen,Serpentes,15,22,10,6,0 0 7,1 0 4,0 0 3,0 0 2,,23,10,12
LURCHE,AMPHIBIA,Artenzahl,,2020,,geboren,Zugänge,gestorben,Abgabe,,,2021,
"",,,m,w,u,m w u,m w u,m w u,m w u,,m,w,u
Froschlurche,Anura,33,0,0,338,0 0 68,0 0 153,0 0 110,0 0 27,,0,0,422
Schwanzlurche,Caudata,12,0,0,93,0 0 0,0 0 0,0 0 13,0 0 0,,0,0,80
Schleichenlurche,Gymnophionia,1,0,0,4,0 0 0,0 0 27,0 0 0,0 0 0,,0,0,31
KNORPELFISCHE,CHONDRICHTHYES,Artenzahl,,2020,,geboren,Zugänge,gestorben,Abgabe,,,2021,
"",,,m,w,u,m w u,m w u,m w u,m w,u,m,w,u
Haie,Selachii,9,0,2,22,0 0 0,0 0 0,0 0 4,0 0,0,0,2,18
Rochen,Batoidea,6,2,2,14,0 0 1,0 0 7,0 0 3,0 0,0,2,2,19
KNOCHENFISCHE,OSTEICHTHYES,Artenzahl,,2020,,geboren,Zugänge,gestorben,Abgabe,,,2021,
"",,,m,w,u,m w u,m w u,m w u,m w u,,m,w,u
Flösselhechtartige,Polypteriformes,1,0,0,2,0 0 0,0 0 0,0 0 1,0 0 0,,0,0,1
Störartige,Acipenseriformes,0,0,0,1,0 0 0,0 0 0,0 0 1,0 0 0,,0,0,0
Knochenhechtartige,Lepisosteiformes,3,0,0,11,0 0 0,0 0 0,0 0 0,0 0 0,,0,0,11
Tarpunartige,Elopiformes,1,0,0,19,0 0 0,0 0 0,0 0 1,0 0 0,,0,0,18
Aalartige,Anguilliformes,5,0,0,26,0 0 0,0 0 0,0 0 4,0 0 2,,0,0,20
Knochenzünglerartige,Osteoglossiformes,3,0,0,21,0 0 0,0 0 4,0 0 0,0 0 0,,0,0,25
Hechtartige,Esociformes,0,0,0,0,0 0 0,0 0 0,0 0 0,0 0 0,,0,0,0
Schildfischartige,Gobiesociformes,0,0,0,0,0 0 0,0 0 0,0 0 0,0 0 0,,0,0,0
Salmlerartige,Characiformes,25,0,0,998,0 0 18,0 0 755,0 0 679,0 0 0,,0,0,1092
Karpfenfischartige,Cypriniformes,27,0,0,785,0 0 168,0 0 1,0 0 296,0 0 0,,0,0,658
Neuwelt-Messerfische,Gymnotiformes,1,0,0,1,0 0 0,0 0 0,0 0 0,0 0 0,,0,0,1
Welse,Siluriformes,53,0,0,472,0 0 0,0 0 3,0 0 107,0 0 49,,0,0,319
Froschfische,Batrachoidiformes,0,0,0,0,0 0 0,0 0 0,0 0 0,0 0 0,,0,0,0
""
KNOCHENFISCHE,OSTEICHTHYES,Artenzahl,2020,geboren,Zugänge,gestorben,Abgabe,2021,,,,,,,,,,,,
"",,,m,w,u,m,w,u,m,w,u,m,w,u,m,w,u,m,w,u
Armflosser,Lophiiformes,0,0,0,0,0,0,0,0,0,0,0,0,0,0,0,0,0,0,0
"",Gadiformes,2,0,0,4,0,0,0,0,0,0,0,0,0,0,0,0,0,0,
Ährenfischartige,Atheriniformes,4,0,0,241,0,0,0,0,0,0,0,0,54,0,0,0,0,0,187
"",Cyprinidontiformes,11,0,0,314,0,0,111,0,0,75,0,0,165,0,0,0,0,0,
Schleimkopfartige,Beryciformes,3,0,0,28,0,0,0,0,0,0,0,0,2,0,0,0,0,0,26
"",Sygnathiformes,6,0,0,74,0,0,24,0,0,25,0,0,21,0,0,8,0,0,
Stachelaalartige,Synbranchiformes,0,0,0,0,0,0,0,0,0,0,0,0,0,0,0,0,0,0,0
"",Scorpaeniformes,8,0,0,49,0,0,0,0,0,2,0,0,29,0,0,0,0,0,
Labyrinthfische,Anabantiformes,2,0,0,42,0,0,0,0,0,0,0,0,33,0,0,0,0,0,9
"",Perciformes,126,0,0,1409,0,0,10,0,0,255,0,0,271,0,0,1,0,0,
Plattfische,Pleuronectiformes,4,0,0,13,0,0,0,0,0,16,0,0,5,0,0,0,0,0,24
Tetradontiformes,6,0,0,30,0,0,0,0,0,0,0,0,21,0,0,0,0,0,,
Lungenfischartige,Lepidosireniformes,3,0,0,5,0,0,0,0,0,0,0,0,0,0,0,0,0,0,5
WIRBELLOSE,INVERTEBRATA,Artenzahl,2020,geboren,Zugänge,gestorben,Abgabe,2021,,,,,,,,,,,,
"",,,m,w,u,m,w,u,m,w,u,m,w,u,m,w,u,m,w,u
Manteltiere,Tunicata,0,0,0,20,0,0,0,0,0,0,0,0,20,0,0,0,0,0,0
"",Echinodermata,25,0,0,189,0,0,0,0,0,2,0,0,41,0,0,0,0,0,
Weichtiere,Mollusca,18,0,0,359,−,−,−,−,−,−,−,−,−,−,−,−,0,0,455
"",Insecta,39,0,0,4893,−,−,−,−,−,−,−,−,−,−,−,−,0,0,
Spinnentiere,Arachnida,19,0,0,85,0,0,12,0,0,31,0,0,22,0,0,2,0,0,104
"",Myriapoda,8,0,0,515,−,−,−,−,−,−,−,−,−,−,−,−,0,0,
Krebstiere,Crustacea,21,0,0,221,0,0,15,0,0,53,0,0,116,0,0,0,0,0,173
Annelida,1,0,0,4,0,0,0,0,0,0,0,0,0,0,0,0,0,0,,
Schwämme,Porifera,3,0,0,6,0,0,0,0,0,0,0,0,0,0,0,0,0,0,6
Cnidaria,105,0,0,7169,−,−,−,−,−,−,−,−,−,−,−,−,0,0,,
Tierbestand 2021,Anzahl Individuen,Arten/Formen
"",,
Säugetiere,787,144
"",1.264,
Kriechtiere,241,64
"",533,
Fische,4.305,309
"",12.313,
Gesambestand,19.443,1.074
""
Tagestickets Tierpark,Eintrittskarten 2021,Eintrittskarten 2020,+/- Vorjahr in %
Erwachsene,295.911,333.639,-11 %
"",32.252,22.744,
Kinder,109.185,111.649,-2 %
"",0,3.879,
Andere Eintrittsgelder,407,582,-30 %
Summe Tagestickets Tierpark,437.755,472.493,-7 %
Jahreskarten Tierpark,,,
Erwachsene,12.470,14.735,-15 %
"",2.302,2.824,
Kinder,310,307,1 %
"",17.593,19.981,
1-2-3-Card,9.491,8.189,16 %
Summe Jahreskarten Tierpark,42.166,46.036,-8 %
Sonstige Tickets Tierpark*,,,
Summe Sonstige Tickets Tierpark,158.921,31.785,400 %
Eintrittskarten Gesamt,638.842,550.314,16 %
Ermittelte Besucher **,1.265.569,1.220.166,4 %
•,In Zusammenarbeit mit dem WWF konnten neun,,Population in Deutschland auf über 350 Vögel
"",Wisente aus dem Tierpark Berlin im Kaukasus,,angestiegen.
"",ausgewildert werden.,•,Das Team von Polar Bears International führte die
•,Sieben im Tierpark Berlin geschlüpfte Waldrappe,,langjährige Wurfhöhlen-Studie weiter.
""
""
AKTIVA,2021,2020,
A.,ANLAGEVERMÖGEN,in €,in €
"I.Immaterielle Vermögensgegenstände, entgeltlich erworbene gewerbliche Schutzrechteund ähnliche Rechte und Werte sowie Lizenzen an solchen Rechten und Werten","17.928,00","14.329,00",
II.Sachanlagen,,,
1.Grundstücke und Bauten,"18.471.554,00","18.538.179,00",
2.Technische Anlagen und Maschinen,"141.962,00","167.889,00",
"3.Andere Anlagen, Betriebs- und Geschäftsausstattung","1.242.239,00","1.062.246,00",
4.,Geleistete Anzahlungen und Anlagen im Bau,"13.220.143,87","7.397.631,57"
Summe Sachanlagen,"33.075.898,87","27.165.945,57",
"",,,
"","1.120,00",,
Summe Anlagevermögen,"33.094.946,87","27.181.394,57",
B.,UMLAUFVERMÖGEN,,
I.Vorräte,,,
"1.Roh-, Hilfs- und Betriebsstoffe","0,00","150.718,00",
2.Fertige Erzeugnisse,"0,00","5.307,00",
Summe Vorräte,"0,00","156.025,00",
"",,,
"","456.535,35",,
"","876.277,89",,
"","1.332.813,24",,
"III.WertpapiereSonstige Wertpapiere","1,00","1,00",
"IV.Kassenbestand, Guthaben bei Kreditinstituten und Schecks","7.498.805,41","5.947.233,41",
Summe Umlaufvermögen,"8.831.619,65","6.370.504,30",
C.,RECHNUNGSABGRENZUNGSPOSTEN,"26.305,22","32.076,94"
SUMME AKTIVA,"41.952.871,74","33.583.975,81"
""
PASSIVA,2021,2020,
A.,EIGENKAPITAL,in €,in €
"",I.Gezeichnetes Kapital,"409.100,00","409.100,00"
"",II.Andere Gewinnrücklagen,"6.164.074,11","5.019.794,94"
"","III.Jahresüberschuss","1.025.721,06","1.144.279,17"
Su,me Eigenkapital,"7.598.895,17","6.573.174,11"
"",,,
B.,SONDERPOSTEN FÜR INVESTITIONSZUSCHÜSSE ZUM ANLAGEVERMÖGEN,"24.953.173,63","17.723.792,87"
"",,,
C.,RÜCKSTELLUNGEN,,
1.Rückstellungen für Pensionen und ähnliche Verpflichtungen,"124.830,00",,
2.Steuerrückstellung,"145.907,00",,
3.Sonstige Rückstellungen,"1.572.239,15",,
me Rückstellungen,"1.842.976,15",,
"",,,
"",,,
"",1.Erhaltene Anzahlungen,"132.114,61","176.866,86"
"",2.Verbindlichkeiten aus Lieferungen und Leistungen,"3.119.005,02","2.566.311,71"
"",3.Verbindlichkeiten gegenüber verbundenen Unternehmen,"2.210.659,35","2.201.046,16"
"",4.Sonstige Verbindlichkeiten,"1.293.520,81","1.377.213,83"
Su,me Verbindlichkeiten,"6.755.299,79","6.321.438,56"
E.,RECHNUNGSABGRENZUNGSPOSTEN,"802.527,00","1.213.966,18"
SUMME PASSIVA,"41.952.871,74","33.583.975,81"
""
GEWINN- UND VERLUSTRECHNUNG,2021,2020,
"",,in €,in €
1.,Erträge aus Zuschüssen des Landes Berlin,"6.627.624,31","7.318.600,15"
2.,Erträge aus Investitionszuschüssen des Landes Berlin,"7.732.286,12","6.962.812,19"
3.,Zuführung zum Sonderposten für Investitionszuschüsse,"-7.732.286,12","-6.962.812,19"
4.,"Erträge aus der Auflösung des Sonderpostensfür Investitionszuschüsse","502.905,36","304.451,05"
5.,Spenden und Zuwendungen,"1.740.353,03","1.394.600,53"
6.,Umsatzerlöse,"9.678.793,96","9.825.270,26"
7.,Sonstige betriebliche Erträge,"1.360.506,72","509.966,76"
8.,Gesamtleistung,"19.910.183,38","19.352.888,75"
"",Materialaufwand,"-3.527.311,03",
"","a) Aufwendungen für Roh-, Hilfs- und Betriebsstoffe und für bezogene Waren","-1.366.386,98",
"","b)  Aufwendungen für bezogene Leistungen- davon aus verbundenen Unternehmen € 637.558,59 (Vorjahr: € 704.117,17)","-2.160.924,05",
10.,Mittelverwendung,"-579.680,68","-49.499,69"
"",Personalaufwand,"-8.672.483,10",
"",a) Löhne und Gehälter,"-7.684.383,27",
"","b) Soziale Abgaben und Aufwendungen für Altersversorgungund für Unterstützung- davon für Altersversorgung: € -521.790,40 (Vorjahr: € 28.358,68)","-988.099,83",
12.,"Abschreibungen auf immaterielle Vermögensgegenständeund Sachanlagen","-1.026.792,36","-823.700,04"
"",Sonstige betriebliche Aufwendungen,"-4.861.850,11",
14.,Erträge aus anderen Wertpapieren des Finanzanlagevermögens,"33,10","30,10"
"",Sonstige Zinsen und ähnliche Erträge,"0,00",
16.,"Zinsen und ähnliche Aufwendungen- davon Aufwendungen aus Aufzinsungen € 15.844,76 (Vorjahr: € 19.313,09)- davon aus verbundenen Unternehmen € 8.778,00 (Vorjahr: € 8.778,00)","-24.622,76","-28.091,09"
"",Steuern vom Einkommen und vom Ertrag,"-171.037,07",
18.,Ergebnis nach Steuern,"1.046.439,37","1.166.140,83"
"",Sonstige Steuern,"-20.718,31",
20.,Jahresüberschuss,"1.025.721,06","1.144.279,17"
EIGENKAPITALSPIEGEL,01.01.2021,,Entnahme,,Zuführung,,31.12.2021,
Eigenkapital,,in €,,in €,,in €,,in €
""
VERBINDLICHKEITEN,RESTLAUFZEITEN,,,,,,
"",bis zu einem Jahr,"zwischen einemund fünf Jahren",mehr als fünf Jahre,Gesamt,,,
"",2021,2020,2021,2020,2021,2020,2021
"",in €,in T€,in €,in T€,in €,in T€,in €
1.Erhaltene Anzahlungen,"132.114,61","176,87","0,00","0,00","0,00","0,00","132.114,61"
"","3.033.949,93","2.519,55","85.055,09","46,76","0,00","0,00",
"3.Verbindlichkeiten gegenüberverbundenen Unternehmen","455.050,43","445,44","576.449,02","714,58","1.179.159,90","1.041,03","2.210.659,35"
"","1.293.520,81","958,57","0,00","418,64","0,00","0,00",
"","4.914.635,78","4.100,43","661.504,11","1.179,98","1.179.159,90","1.041,03","6.755.299,79"
UMSATZERLÖSE,2021,2020
"",in €,in €
Eintritte,"7.160.302,12","7.743.351,82"
"","73.370,00",
Merchandising,"225,50","0,00"
"","855.181,71",
Marketingpartnerschaften,"364.502,17","395.231,74"
"","1.225.212,46",
Umsatzerlöse,"9.678.793,96","9.825.270,26"
""
ENTWICKLUNG DES ANLAGEVERMÖGENS ZUM 31. DEZEMBER 2021 (ANLAGENSPIEGEL),,,,,
"",Anschaffungs- und Herstellungskosten,,,,
Alle Werte in €,Stand am 01.01.2021,Zugang,Abgang,Umbuchung,"Stand am31.12.2021"
"I.  ImmaterielleVermögensgegenständeEntgeltlich erworbene gewerb-liche Schutzrechte und ähnlicheRechte und Werte","167.729,52","6.051,15","0,00","13.502,40","187.283,07"
"","167.729,52","6.051,15","0,00","13.502,40","187.283,07"
"","21.008.048,69603.722,863.761.273,947.397.631,57","647.331,770,00231.697,336.055.264,41","0,000,000,000,00","18.138,330,00201.111,38-232.752,11",
"","32.770.677,06","6.934.293,51","0,00","-13.502,40",
"III.  FinanzanlagenGenossenschaftsanteile","1.120,00","0,00","0,00","0,00","1.120,00"
"","1.120,00","0,00","0,00","0,00","1.120,00"
"32.939.526,58","6.940.344,66","0,00","0,00",,
"",Abschreibungen,Buchwerte,,,,,
Alle Werte in €,"Stand am01.01.2021",Zugang,Abgang,"Zu-schrei-","Stand am31.12.2021","Stand am31.12.2021","Stand am31.12.2020"
"",,,,,,,
"I.  ImmaterielleVermögensgegenständeEntgeltlich erworbene gewerb-liche Schutzrechte und ähnlicheRechte und Werte","153.400,52","15.954,55","0,00","0,00","169.355,07","17.928,00","14.329,00"
"","153.400,52","15.954,55","0,00","0,00","169.355,07","17.928,00","14.329,00"
"","2.469.869,69435.833,862.699.027,940,00","732.095,1025.927,00252.815,710,00","0,000,000,000,00","0,000,000,000,00","3.201.964,79461.760,862.951.843,650,00","18.471.554,00141.962,001.242.239,0013.220.143,87",
"","5.604.731,49","1.010.837,81","0,00","0,00","6.615.569,30","33.075.898,87",
"III.  FinanzanlagenGenossenschaftsanteile","0,00","0,00","0,00","0,00","0,00","1.120,00","1.120,00"
"","0,00","0,00","0,00","0,00","0,00","1.120,00","1.120,00"
"5.758.132,01","1.026.792,36","0,00","0,00","6.784.924,37","33.094.946,87",,
PERSONALKENNZAHLEN,2017,2018,2019,2020,2021
SÄUGETIERE MAMMALIA,,2020,,geboren,Zugänge,gestorben,Abgabe,,,2021,
Kloakentiere Monotremata,m,w,u,m w u,m w u,m w u,m w,u,m,w,u
Neuguinea- Tachyglossus aculeatus,,,,,,,,,,,
0Kurzschnabeligel lawesii,2,1,0,0 0 0,0 0 0,0 0 0,0 0,0,2,1,
Beuteltiere Marsupialia,m,w,u,m w u,m w u,m w u,m w,u,m,w,u
Goodfellows-,,,,,,,,,,,
0BaumkänguruDendrolagus goodfellowi,0,1,0,0 0 0,1 0 0,0 0 0,0 0,0,1,1,
Westliches Graues  Macropus fuliginosus,,,,,,,,,,,
0Riesenkänguru melanops,2,1,0,1 0 0,0 2 0,2 1 0,0 0,0,1,2,
Östliches Bergkänguru Macropus robustus robustus,8,3,0,1 2 0,0 0 0,1 2 0,4 0,0,4,3,0
Ringelschwanz- Petrogale xanthopus,,,,,,,,,,,
0Felsenkänguru xanthopus,2,9,0,2 2 1,0 0 0,0 0 1,0 0,0,4,11,
Südlicher,,,,,,,,,,,
0Neuguinea-FilanderThylogale brunii,2,1,0,0 1 0,0 0 0,0 0 0,0 0,0,2,2,
Fledertiere Chiroptera,m,w,u,m w u,m w u,m w u,m w,u,m,w,u
Indischer Riesenflughund Pteropus giganteus,7,10,0,0 0 1,0 0 0,0 0 0,0 0,0,7,10,1
Nebengelenktiere Xenarthra,m,w,u,m w u,m w u,m w u,m w,u,m,w,u
Langschwanz-Tamandua Tamandua tetradactyla nigra,1,1,0,0 0 0,0 1 0,0 0 0,0 0,0,1,2,0
Kugelgürteltier Tolypeutes matacus,2,1,0,0 0 0,0 0 0,1 0 0,0 0,0,1,1,0
""
SÄUGETIERE,MAMMALIA,2020,geboren,Zugänge,gestorben,Abgabe,2021,,,,,,,,,,,,
Herrentiere,Primates,m,w,u,m,w,u,m,w,u,m,w,u,m,w,u,m,w,u
Halsbandmaki,Eulemur collaris,1,1,0,0,1,0,0,0,0,0,0,0,0,0,0,1,2,0
"",Eulemur macaco,1,1,0,0,0,0,0,0,0,0,0,0,1,1,0,0,0,
Mongozmaki,Eulemur mongoz,2,1,0,0,0,0,0,1,0,0,0,0,0,0,0,2,2,0
"",Eulemur rubriventer,3,3,0,0,0,0,0,0,0,0,0,0,0,0,0,3,3,
Katta,Lemur catta,2,2,0,0,0,0,0,0,0,0,0,0,0,0,0,2,2,0
"",Varecia rubra,3,1,0,0,0,0,0,0,0,0,0,0,0,0,0,3,1,
Schwarzweißer Vari,Varecia variegata variegata,3,1,0,0,0,0,0,0,0,0,0,0,0,0,0,3,1,0
"",Varecia variegata subcincta,0,0,0,0,0,0,3,0,0,0,0,0,0,0,0,3,0,
Coquerel-Sifaka,Propithecus coquereli,0,0,0,1,0,0,2,2,0,2,0,0,0,0,0,1,2,0
"",Mico argentatus,4,4,0,1,0,0,0,0,0,0,0,0,3,0,0,2,4,
Rothandtamarin,Saguinus midas,2,0,0,0,0,0,0,0,0,0,0,0,0,0,0,2,0,0
"",Sapajus xanthosternos,5,2,0,0,0,0,0,0,0,0,0,0,0,0,0,5,2,
Weißkopfsaki,Pithecia pithecia,2,0,0,0,0,0,0,0,0,1,0,0,0,0,0,1,0,0
"",Alouatta seniculus,6,1,0,0,0,1,0,0,0,0,0,0,0,0,0,6,1,
Dianameerkatze,Cercopithecus diana,1,1,0,0,0,0,0,0,0,0,0,0,1,1,0,0,0,0
"",Cercopithecus roloway,0,0,0,0,0,0,1,1,0,0,0,0,0,0,0,1,1,
Dschelada,Theropithecus gelada,5,8,0,0,2,4,0,0,0,1,2,1,0,0,0,4,8,3
"",Macaca nemestrina,6,0,0,0,0,0,0,0,0,0,0,0,0,0,0,6,0,
Berberaffe,Macaca sylvanus,6,6,0,0,0,0,0,0,0,0,0,0,0,0,0,6,6,0
"",Trachypithecus francoisi,0,0,0,0,0,0,2,0,0,0,0,0,0,0,0,2,0,
Weißhandgibbon,Hylobates lar,1,2,0,0,0,0,0,0,0,0,0,0,0,1,0,1,1,0
Spitzhörnchen,Scandentia,m,w,u,m,w,u,m,w,u,m,w,u,m,w,u,m,w,u
Nördliches Spitzhörnchen,Tupaia belangeri,0,0,0,0,0,0,0,3,0,0,1,0,0,0,0,0,2,0
Nagetiere,Rodentia,m,w,u,m,w,u,m,w,u,m,w,u,m,w,u,m,w,u
"Schwarzschwanz-Präriehund",Cynomys ludovicianus,0,0,18,2,0,8,0,0,0,0,0,8,2,0,0,0,0,18
"",Spermophilus citellus,3,3,0,0,0,0,1,2,0,0,0,0,2,2,0,2,3,
Madagaskar-Springratte,Hypogeomys antimena,0,0,0,0,0,0,2,0,0,0,0,0,0,0,0,2,0,0
"",Tamiops macclellandi,1,0,0,0,0,0,0,0,0,1,0,0,0,0,0,0,0,
"ChinesischesBaumstreifenhörnchen",Tamiops swinhoei,0,0,0,0,0,0,13,3,0,0,0,0,0,0,0,13,3,0
Sciurotamias davidianus,0,0,0,0,0,0,2,0,0,0,0,0,0,0,0,2,0,,
Bobak,Marmota bobak,0,0,0,0,0,0,4,1,0,0,0,0,0,0,0,4,1,0
""
SÄUGETIERE,MAMMALIA,2020,geboren,Zugänge,gestorben,Abgabe,2021,,,,,,,,,,,,
Nagetiere,Rodentia,m,w,u,m,w,u,m,w,u,m,w,u,m,w,u,m,w,u
Europäischer Feldhamster,Cricetus Cricetus,2,1,0,0,0,0,0,0,0,0,0,0,0,0,0,2,1,0
"",Lemniscomys barbarus,1,1,14,0,0,34,0,0,0,0,0,13,0,0,0,1,1,
"Weißschwanz-Stachelschwein",Hystrix leucura,1,2,0,0,0,0,0,0,0,0,0,0,0,0,0,1,2,0
"",Erethizon dorsatum,1,1,0,0,0,0,1,0,0,1,0,0,0,0,0,1,1,
"Aperea-Wildmeerschweinchen",Cavia aperea,1,4,14,0,0,19,0,0,0,0,0,31,0,0,0,1,4,2
"",Cavia porcellus,0,0,0,0,0,17,2,10,0,0,1,3,0,0,0,2,9,
Zwergmara,Dolichotis salinicola,4,3,0,0,1,7,0,0,0,0,2,5,3,0,2,1,2,0
"",Dolichotis patagonum,6,0,0,0,0,0,1,0,0,1,0,0,0,0,0,6,0,
Azara-Aguti,Dasyprocta azarae,0,3,0,0,0,0,0,0,0,0,0,0,0,0,0,0,3,0
"",Cuniculus paca,1,1,0,0,0,1,0,0,0,0,0,1,0,0,0,1,1,
Degu,Octodon degus,0,0,50,0,0,88,0,0,0,0,0,80,0,0,8,0,0,50
"",Heterocephalus glaber,1,1,44,0,0,85,0,0,0,0,0,84,0,0,0,1,1,
Hasenartige,Lagomorpha,m,w,u,m,w,u,m,w,u,m,w,u,m,w,u,m,w,u
Daurischer Pfeifhase,Ochotona dauurica,3,4,2,0,0,7,0,0,0,2,2,6,0,0,0,1,2,3
"",,1,1,0,1,4,1,0,0,0,0,4,1,0,0,0,2,1,
"FlämischesRiesenkaninchen",,9,14,0,0,0,0,0,0,0,1,0,0,5,6,0,3,8,0
"",,1,0,0,0,0,0,0,0,0,1,0,0,0,0,0,0,0,
Deutscher Widder,,0,0,0,0,0,0,1,0,0,0,0,0,0,0,0,1,0,0
"",,0,1,0,0,0,0,0,0,0,0,0,0,0,0,0,0,1,
Rheinische Schecken,,0,3,0,0,0,0,0,0,0,0,2,0,0,1,0,0,0,0
"",,0,0,0,0,0,0,1,1,0,0,0,0,0,0,0,1,1,
Holländer-Kaninchen,,0,0,0,0,0,0,0,1,0,0,0,0,0,0,0,0,1,0
"",,0,6,0,0,0,0,0,0,0,0,4,0,0,0,0,0,2,
"",,,,,,,,,,,,,,,,,,,
"",,,,,,,,,,,,,,,,,,,
Tüpfelhyäne,Crocuta crocuta,1,1,0,0,0,0,0,0,0,0,0,0,0,0,0,1,1,0
"",Hyaena hyaena sultana,1,1,0,0,0,0,0,0,0,0,1,0,0,0,0,1,0,
Iberischer Wolf,Canis lupus signatus,2,0,0,0,0,0,0,0,0,0,0,0,0,0,0,2,0,0
"",Cuon alpinus lepturus,10,0,0,0,0,0,0,0,0,0,0,0,0,0,0,10,0,
"SüdafrikanischerLöffelhund",Otocyon megalotis megalotis,1,1,0,0,0,0,0,0,0,0,1,0,0,0,0,1,0,0
"",Speothos venaticus,1,1,0,0,0,0,0,0,0,0,1,0,0,0,0,1,0,
Mähnenwolf,Chrysocyon brachyurus,2,1,0,3,2,1,0,0,0,1,1,1,0,0,0,3,2,0
"","Helarctos malayanus mal-ayanus",1,1,0,0,0,0,0,0,0,0,0,0,0,0,0,1,1,
Brillenbär,Tremarctos ornatus,1,1,0,0,0,0,0,0,0,0,0,0,0,0,0,1,1,0
"",Ursus maritimus,0,2,0,0,0,0,0,0,0,0,0,0,0,0,0,0,2,
Westlicher Kleiner Panda,Ailurus fulgens fulgens,1,4,0,1,0,0,1,2,0,0,0,0,1,2,0,2,4,0
Procyon lotor,1,1,0,0,0,0,0,0,0,0,0,0,0,0,0,1,1,,
""
SÄUGETIERE,MAMMALIA,2020,geboren,Zugänge,gestorben,Abgabe,2021,,,,,,,,,,,,
Raubtiere,Carnivora,m,w,u,m,w,u,m,w,u,m,w,u,m,w,u,m,w,u
Amur-Buntmarder,Martes flavigula aterrima,1,2,0,0,0,0,0,0,0,1,1,0,0,0,0,0,1,0
"",Mellivora capensis cottoni,1,1,0,0,0,0,0,0,0,0,0,0,0,0,0,1,1,
Zebramanguste,Mungos mungo,4,7,0,0,0,0,0,0,0,0,0,0,0,0,0,4,7,0
"",Arctictis binturong binturong,3,1,0,0,0,0,0,0,0,1,1,0,0,0,0,2,0,
Sumatra-Larvenroller,Paguma larvata leucomystax,1,1,0,0,0,0,0,0,0,0,0,0,0,0,0,1,1,0
"",Otocolobus manul manul,1,1,0,0,0,0,0,0,0,0,0,0,0,0,0,1,1,
Palawan-Bengalkatze,"Prionailurus bengalensisheaneyi",1,0,0,0,0,0,0,0,0,1,0,0,0,0,0,0,0,0
"",Leopardus wiedii nicaraguae,0,1,0,0,0,0,0,0,0,0,0,0,0,0,0,0,1,
Nebelparder,Neofelis nebulosa,2,0,0,0,0,0,1,1,0,0,0,0,2,0,0,1,1,0
"",Panthera onca,0,1,0,0,0,0,0,0,0,0,0,0,0,1,0,0,0,
Java-Leopard,Panthera pardus melas,1,1,0,0,0,0,0,0,0,0,0,0,0,0,0,1,1,0
"",Panthera tigris corbetti,1,1,0,0,0,0,0,0,0,0,0,0,0,0,0,1,1,
Sumatratiger,Panthera tigris sumatrae,2,3,0,0,0,0,0,0,0,0,0,0,0,0,0,2,3,0
"",Uncia uncia,2,1,0,0,0,0,0,1,0,0,0,0,1,1,0,1,1,
Sudan-Gepard,"Acinonyx jubatussoemmeringii",3,0,0,0,0,0,0,0,0,0,0,0,0,0,0,3,0,0
Schliefer,Hyracoidea,m,w,u,m,w,u,m,w,u,m,w,u,m,w,u,m,w,u
Buschschliefer,Heterohyrax brucei,1,7,0,1,0,2,0,0,0,0,2,2,0,0,0,2,5,0
""
SÄUGETIERE,MAMMALIA,2020,geboren,Zugänge,gestorben,Abgabe,2021,,,,,,,,,,,,
Unpaarhufer,Perissodactyla,m,w,u,m,w,u,m,w,u,m,w,u,m,w,u,m,w,u
Przewalskipferd,Equus przewalskii,1,8,0,0,0,0,0,2,0,0,1,0,0,2,0,1,7,0
"",,0,2,0,0,0,0,0,0,0,0,0,0,0,0,0,0,2,
Shetlandpony,,1,3,0,0,0,0,0,0,0,0,0,0,0,0,0,1,3,0
"",Equus hemionus kulan,1,5,0,0,0,0,0,0,0,0,1,0,0,0,0,1,4,
Östlicher Kiang,Equus kiang holdereri,2,8,0,0,0,0,0,2,0,0,1,0,0,0,0,2,9,0
"",,1,3,0,0,0,0,0,0,0,0,0,0,0,1,0,1,2,
Zwergesel,,1,3,0,0,0,0,0,0,0,0,0,0,0,0,0,1,3,0
"",Equus africanus somaliensis,1,5,0,0,0,0,0,1,0,0,1,0,0,0,0,1,5,
Grevy-Zebra,Equus grevyi,1,1,0,0,0,0,0,0,0,0,0,0,1,1,0,0,0,0
"",Equus zebra hartmannae,1,4,0,0,0,0,1,0,0,0,1,0,1,0,0,1,3,
Paarhufer,Artiodactyla,m,w,u,m,w,u,m,w,u,m,w,u,m,w,u,m,w,u
Chaco-Pekari,Catagonus wagneri,11,12,0,7,7,1,0,0,0,3,2,1,1,2,0,14,14,0
"",Potamochoerus porcus,3,0,0,0,0,0,0,0,0,0,0,0,0,0,0,3,0,
Hirscheber,Babyrousa babyrussa,2,2,0,0,0,0,0,0,0,0,0,0,0,0,0,2,2,0
"",,2,7,0,2,1,0,0,0,0,1,1,0,1,0,0,2,7,
Dromedar,,0,7,0,2,1,0,0,0,0,1,1,0,0,1,0,1,6,0
"",Lama guanicoe,1,6,0,1,2,0,0,0,0,0,1,0,1,0,0,1,7,
Lama,,1,8,0,0,0,0,0,0,0,0,0,0,0,0,0,1,8,0
"",,1,3,0,0,2,0,0,0,0,0,0,0,0,0,0,1,5,
Vikunja,Vicugna vicugna,3,3,0,0,0,2,0,2,0,1,0,0,1,0,0,1,5,2
"",Tragulus nigricans,0,0,0,0,0,0,0,1,0,0,0,0,0,0,0,0,1,
Europäischer Elch,Alces alces alces,2,0,0,0,0,0,1,0,0,0,0,0,0,0,0,3,0,0
"",Rangifer tarandus,0,5,0,0,0,0,0,0,0,0,1,0,0,4,0,0,0,
Europäisches Waldrentier,Rangifer tarandus fennicus,0,0,0,0,0,0,4,0,0,3,0,0,0,0,0,1,0,0
"",Axis kuhlii,1,4,0,2,0,0,0,0,0,1,0,0,0,0,0,2,4,
Schweinshirsch,Axis porcinus,3,2,0,1,1,0,0,2,0,0,0,0,0,0,0,4,5,0
"",Cervus elaphus barbarus,1,3,0,0,1,0,0,0,0,1,1,0,0,0,0,0,3,
Wapiti,"Cervus canadensiscanadensis",2,5,0,0,2,0,0,0,0,0,0,0,1,0,0,1,7,0
"",Cervus elaphus sibiricus,3,6,0,1,0,0,0,0,0,0,0,0,1,0,0,3,6,
Bucharahirsch,Cervus elaphus bactrianus,3,6,0,2,1,0,0,0,0,1,3,0,1,0,0,3,4,0
"",Cervus nippon pseudaxis,3,7,0,0,3,0,0,0,0,0,1,0,2,0,0,1,9,
"MesopotamischerDamhirsch",Dama dama mesopotamica,2,8,0,2,0,0,0,0,0,2,3,0,0,0,0,2,5,0
"","Elaphodus cephalophusmichianus",2,3,0,2,1,0,0,0,0,1,0,0,0,0,0,3,4,
Chinesisches Wasserreh,Hydropotes inermis inermis,1,0,0,0,0,0,0,0,0,0,0,0,0,0,0,1,0,0
"",Elaphurus davidianus,3,9,0,0,3,0,0,0,0,0,1,0,0,2,0,3,9,
Barasingha,Rucervus duvaucelii,1,4,0,1,2,0,0,0,0,1,0,0,0,0,0,1,6,0
Cervus albirostris,0,7,0,0,0,0,1,2,0,0,0,0,0,0,0,1,9,,
""
SÄUGETIERE,MAMMALIA,2020,geboren,Zugänge,gestorben,Abgabe,2021,,,,,,,,,,,,
Paarhufer,Artiodactyla,m,w,u,m,w,u,m,w,u,m,w,u,m,w,u,m,w,u
"",,,,,,,,,,,,,,,,,,,
Burma-Leierhirsch,Cervus eldii thamin,6,8,0,1,0,0,0,0,0,1,0,0,0,0,0,6,8,0
"",Cervus timorensis,2,4,0,1,2,0,0,0,0,1,1,0,0,0,0,2,5,
"HinterindischerPferdehirsch",Cervus unicolor malaccensis,1,2,0,1,0,0,0,0,0,1,0,0,0,0,0,1,2,0
"",Giraffa camelopardalis,0,4,0,0,0,0,0,0,0,0,0,0,0,0,0,0,4,
Rothschild-Giraffe,"Giraffa camelopardalisrothschildi",2,2,0,0,0,0,0,0,0,0,0,0,0,1,0,2,1,0
"",Connochaetes taurinus,0,0,0,0,0,0,1,3,0,0,0,0,0,0,0,1,3,
Nilgauantilope,Boselaphus tragocamelus,1,3,0,0,0,0,0,0,0,0,0,0,0,0,0,1,3,0
"","Moschus moschiferusmoschiferus",0,0,0,0,0,0,1,1,0,0,0,0,0,0,0,1,1,
Ungarisches Steppenrind,,2,3,0,1,1,0,0,0,0,0,0,0,2,2,0,1,2,0
"",,1,3,0,1,0,0,1,0,0,0,0,0,1,1,0,2,2,
Kaukasus-Zebu,,2,2,0,1,0,0,0,0,0,1,0,0,0,0,0,2,2,0
"",,3,4,0,0,0,0,0,0,0,0,0,0,2,0,0,1,4,
Nellorezebu,,5,2,0,0,0,0,0,0,0,1,1,0,4,1,0,0,0,0
"",,1,4,0,0,0,0,0,0,0,0,0,0,0,0,0,1,4,
Gayal,,2,9,0,0,0,0,0,0,0,0,0,0,0,0,0,2,9,0
"",Syncerus caffer caffer,0,5,0,0,0,0,0,0,0,0,1,0,0,0,0,0,4,
Rotbüffel,Syncerus caffer nanus,1,7,0,0,0,0,0,0,0,0,0,0,0,0,0,1,7,0
"",Bison bison athabascae,1,5,0,0,0,0,0,0,0,0,0,0,0,0,0,1,5,
Wisent,Bison bonasus,2,4,0,0,2,0,2,4,0,0,0,0,2,5,0,2,5,0
"","Kobus ellipsiprymnusellipsiprymnus",0,3,0,0,1,0,0,0,0,0,0,0,0,4,0,0,0,
Rotbüffel,Syncerus caffer nanus,2,8,0,0,0,0,0,0,0,0,1,0,1,0,0,1,7,0
"",Bison bison athabascae,1,5,0,0,0,0,0,0,0,0,0,0,0,0,0,1,5,
Wisent,Bison bonasus,1,3,0,2,1,0,1,5,0,1,1,0,1,4,0,2,4,0
"","Kobus ellipsiprymnusellipsiprymnus",1,3,0,0,0,0,0,0,0,1,0,0,0,0,0,0,3,
"SüdafrikanischerBergriedbock","Redunca fulvorufulafulvorufula",2,1,0,0,1,0,0,0,0,0,0,0,0,0,0,2,2,0
"",Oryx leucoryx,1,2,0,0,0,0,0,0,0,1,0,0,0,0,0,0,2,
Beisa-Oryx,Oryx beisa,3,0,0,0,0,0,0,0,0,0,0,0,0,0,0,3,0,0
"",Addax nasomaculatus,1,3,0,0,0,0,0,0,0,0,0,0,0,0,0,1,3,
Mhorr-Gazelle,Gazella dama mhorr,3,8,0,2,3,0,0,0,0,2,7,0,1,0,0,2,4,0
"",Litocranius walleri walleri,4,5,0,1,1,0,0,0,0,0,1,0,2,1,0,3,4,
Mishmi-Takin,Budorcas taxicolor taxicolor,3,6,0,0,0,0,0,0,0,0,0,0,0,0,0,3,6,0
"",Budorcas taxicolor bedfordi,3,4,0,0,0,0,0,0,0,0,0,0,0,0,0,3,4,
Sichuan-Takin,Budorcas taxicolor tibetana,2,4,0,0,2,0,0,0,0,0,1,0,0,0,0,2,5,0
"","Ovibos moschatusmoschatus",1,6,0,1,1,0,0,0,0,0,0,0,0,0,0,2,7,
Mittelchinesischer Goral,"Naemorhedus griseusarnouxianus",2,6,0,0,0,0,0,0,0,1,2,0,0,0,0,1,4,0
""
SÄUGETIERE,MAMMALIA,2020,geboren,Zugänge,gestorben,Abgabe,2021,,,,,,,,,,,,
Paarhufer,Artiodactyla,m,w,u,m,w,u,m,w,u,m,w,u,m,w,u,m,w,u
Blauschaf,Pseudois nayaur,2,9,0,0,0,0,0,0,0,0,0,0,0,0,0,2,9,0
"",Oreamnos americanus,4,5,0,1,1,0,0,0,0,0,1,0,2,1,0,3,4,
"TurkmenischeSchraubenziege",Capra falconeri heptneri,7,7,0,0,0,0,0,0,0,0,2,0,0,0,0,7,5,0
"",Capra sibirica,0,0,0,0,0,0,6,0,0,0,0,0,0,0,0,6,0,
Girgentana-Ziege,,4,6,0,4,1,0,0,0,0,2,1,0,1,1,0,5,5,0
"",,1,2,0,2,1,0,0,2,0,1,0,0,1,2,0,1,3,
Kamerun-Zwergziege,,0,9,0,0,0,0,0,0,0,0,0,0,0,0,0,0,9,0
"",,1,1,0,0,0,0,0,2,0,0,0,0,0,0,0,1,3,
Kreishornschaf,Ovis ammon cycloceros,3,9,0,2,4,0,0,0,0,1,6,0,0,0,0,4,7,0
"",Ovis ammon polii,5,2,0,0,2,0,0,0,0,0,0,0,0,0,0,5,4,
Zackelschaf,,0,4,0,0,0,0,0,1,0,0,0,0,0,0,0,0,5,0
"",,2,4,0,2,1,0,0,0,0,2,0,0,1,0,0,1,5,
Hissar-Fettsteißschaf,,1,3,0,1,1,0,0,0,0,0,1,0,0,0,0,2,3,0
"",,1,4,0,2,2,0,0,0,0,0,0,0,2,0,0,1,6,
Rotkopfschaf,,1,4,0,1,0,0,0,0,0,0,1,0,1,0,0,1,3,0
"",,1,4,0,2,3,0,1,0,0,0,1,0,1,0,0,3,6,
Geschecktes Bergschaf,,1,5,0,4,6,0,0,0,0,1,2,0,2,2,0,2,7,0
Laufvögel,Struthioniformes,m,w,u,m,w,u,m,w,u,m,w,u,m,w,u,m,w,u
Darwin-Nandu,Rhea pennata,1,2,0,1,2,0,0,0,0,1,0,0,0,0,0,1,4,0
""
VÖGEL,AVES,2020,geboren,Zugänge,gestorben,Abgabe,2021,,,,,,,,,,,,
Pinguine,Sphenisciformes,m,w,u,m,w,u,m,w,u,m,w,u,m,w,u,m,w,u
Brillenpinguin,Spheniscus demersus,25,20,0,5,1,3,0,0,0,2,1,3,0,0,0,28,20,0
Ruderfüßer,Pelecaniformes,m,w,u,m,w,u,m,w,u,m,w,u,m,w,u,m,w,u
Brillenpelikan,Pelecanus conspicillatus,3,5,0,0,0,0,0,0,0,0,1,0,0,0,0,3,4,0
"",Pelecanus crispus,4,4,0,0,0,0,0,0,0,0,0,0,0,0,0,4,4,
Nashornpelikan,Pelecanus erythrorhynchos,4,7,0,0,0,0,0,0,0,0,0,0,0,0,0,4,7,0
"",Pelecanus onocrotalus,5,4,0,0,0,0,0,0,0,0,0,0,0,0,0,5,4,
Fleckschnabelpelikan,Pelecanus philippensis,3,3,0,1,0,0,0,0,0,0,0,0,0,0,0,4,3,0
"",Pelecanus rufescens,4,5,0,1,0,0,0,0,0,0,0,0,0,0,0,5,5,
Florida-Meerespelikan,"Pelecanus occidentaliscarolinensis",3,3,0,1,0,3,0,0,0,0,0,0,0,0,0,4,3,3
"",Phalacrocorax melanoleucos,2,5,0,3,1,1,0,0,0,0,0,0,0,0,0,5,6,
"",,,,,,,,,,,,,,,,,,,
"",,,,,,,,,,,,,,,,,,,
Goliathreiher,Ardea goliath,1,0,0,0,0,0,0,0,0,0,0,0,1,0,0,0,0,0
"",Ardeola grayii,2,0,0,0,0,0,1,1,0,0,0,0,2,0,0,1,1,
Prachtreiher,Ardeola speciosa,1,1,0,0,0,0,0,0,0,0,0,0,0,0,0,1,1,0
"",Bubulcus ibis ibis,1,7,0,0,0,0,0,0,0,0,1,0,0,0,0,1,6,
Weißwangenreiher,Egretta novaehollandiae,3,2,0,0,0,0,0,0,0,0,0,0,0,0,0,3,2,0
"","Nycticorax caledonicusmanillensis",2,2,0,0,0,0,0,0,0,0,0,0,0,0,0,2,2,
"Hammerkopf /Schattenvogel",Scopus umbretta,2,1,0,0,0,0,0,0,0,0,0,0,0,0,0,2,1,0
"",Ciconia abdimii,6,2,0,1,0,0,0,0,0,1,0,0,2,0,0,4,2,
Schwarzschnabelstorch,Ciconia boyciana,1,1,0,0,0,0,0,0,0,0,0,0,0,0,0,1,1,0
"",Ciconia c. ciconia,2,2,0,0,0,0,1,0,0,1,0,0,0,0,0,2,2,
Sattelstorch,"Ephippiorhynchussenegalensis",1,0,0,0,0,0,0,1,0,0,0,0,0,0,0,1,1,0
"",Leptoptilos crumeniferus,1,1,0,0,0,0,1,1,0,0,0,0,1,1,0,1,1,
Afrikanischer Nimmersatt,Mycteria ibis,1,1,0,1,1,0,0,0,0,0,0,0,0,0,0,2,2,0
"",Anastomus lamelligerus,2,3,0,0,0,0,0,0,0,0,0,0,0,0,0,2,3,
Waldrapp,Geronticus eremita,6,8,0,2,3,1,0,0,0,0,0,1,4,5,0,4,6,0
"",Plegadis f. falcinellus,0,0,1,0,0,0,0,0,0,0,0,0,0,0,0,0,0,
Strohhalsibis,Threskiornis spinicollis,6,4,0,0,0,2,0,0,0,0,0,2,2,0,0,4,4,0
"",Threskiornis bernieri,0,0,0,0,0,0,3,3,0,0,0,0,0,0,0,3,3,
Heiliger Ibis,Threskiornis aethiopicus,2,3,0,0,0,0,0,0,0,0,1,0,0,0,0,2,2,0
"",Hagedashia hagedash,3,2,0,1,1,1,0,0,0,0,0,1,1,1,0,3,2,
Flamingos,Phoenicopteriformes,m,w,u,m,w,u,m,w,u,m,w,u,m,w,u,m,w,u
Chileflamingo,Phoenicopterus chilensis,2,0,28,1,0,0,0,0,0,0,0,0,0,0,0,3,0,28
"",Phoenicopterus ruber ruber,6,9,50,1,1,1,0,0,0,0,1,1,0,0,0,7,9,
"HybridflamingoChile x Kuba",Phoenicopterus,1,0,0,0,0,0,0,0,0,0,0,0,0,0,0,1,0,0
""
VÖGEL,AVES,2020,geboren,Zugänge,gestorben,Abgabe,2021,,,,,,,,,,,,
Gänsevögel,Anseriformes,m,w,u,m,w,u,m,w,u,m,w,u,m,w,u,m,w,u
Halsband-Wehrvogel,Chauna torquata,1,1,0,0,0,0,0,2,0,0,0,0,0,1,0,1,2,0
"",Dendrocygna eytoni,1,1,0,0,0,0,0,0,0,0,0,0,0,0,0,1,1,
Spaltfußgans,Anseranas semipalmata,1,1,0,0,0,0,0,1,0,0,0,0,0,0,0,1,2,0
"",Cygnus melanocoryphus,2,4,0,0,0,0,0,0,0,0,0,0,1,1,0,1,3,
Graugans,Anser a. anser,8,4,0,0,0,0,0,0,0,1,0,0,0,0,0,7,4,0
"",Anser c. caerulescens,1,1,0,3,3,0,0,0,0,0,0,0,1,1,0,3,3,
Schwanengans,Anser cygnoides,1,1,0,0,0,0,0,0,0,0,0,0,0,0,0,1,1,0
"",Plectropterus gambensis,1,1,0,0,0,0,0,0,0,1,0,0,0,0,0,0,1,
Spießente,Anas acuta,1,1,0,1,0,0,0,0,0,0,0,0,0,0,0,2,1,0
"",Anas bernieri,1,1,0,0,0,0,0,0,0,0,0,0,0,0,0,1,1,
Rotschnabelente,Anas erythrorhynchos,1,0,0,0,0,0,0,0,0,0,0,0,0,0,0,1,0,0
"",Sibirionetta formosa,1,2,0,0,0,0,0,0,0,0,0,0,1,2,0,0,0,
Madagaskar-Stockente,Anas melleri,2,2,0,0,0,0,0,0,0,1,0,0,0,0,0,1,2,0
"",Marmaronetta angustirostris,4,4,0,11,10,2,0,0,0,0,2,2,2,2,0,13,10,
Plüschkopfente,Somateria fischeri,1,1,0,0,0,0,0,0,0,0,0,0,0,0,0,1,1,0
"",Histrionicus histrionicus,2,3,0,0,0,0,0,0,0,0,3,0,0,0,0,2,0,
Moorente,Aythya nyroca,5,4,0,1,1,2,0,3,0,0,0,2,0,0,0,6,8,0
"",Aythya baeri,0,0,0,0,0,0,2,3,0,0,0,0,0,0,0,2,3,
"Rotaugenente,Afrikanische","Netta erythrophthalmabrunnea",1,1,0,0,0,0,0,0,0,0,0,0,0,0,0,1,1,0
"",Netta peposaca,2,3,0,2,1,0,0,0,0,0,1,0,1,2,0,3,1,
Kolbenente,Netta rufina,1,1,0,0,0,0,0,0,0,1,0,0,0,0,0,0,1,0
"",Chenonetta jubata,1,1,0,0,0,0,0,0,0,0,1,0,0,0,0,1,0,
Büffelkopfente,Bucephala albeola,3,1,0,0,1,0,0,0,0,0,0,0,0,0,0,3,2,0
"",Mergus albellus,1,2,0,0,0,0,0,0,0,0,1,0,0,0,0,1,1,
Schuppensäger,Mergus squamatus,1,2,0,2,4,0,0,0,0,0,0,0,2,4,0,1,2,0
"",Anser anser f. domestica,0,1,0,0,0,0,0,0,0,0,0,0,0,0,0,0,1,
Hybridgänse,Anser anser f. domestica,2,3,0,0,0,0,0,0,0,0,0,0,2,3,0,0,0,0
"",Anser anser f. domestica,2,2,0,0,0,0,0,0,0,1,0,0,0,0,0,1,2,
Leinegans,Anser anser f. domestica,2,2,0,3,6,0,0,1,0,0,1,0,0,0,0,5,8,0
"","Anas platyrhynchos f.domestica",7,1,0,0,0,0,0,0,0,2,1,0,0,0,0,5,0,
Greifvögel,Falconiformes,m,w,u,m,w,u,m,w,u,m,w,u,m,w,u,m,w,u
Truthahngeier,Cathartes aura,1,3,0,0,0,0,0,0,0,0,0,0,1,2,0,0,1,0
"",Cathartes burrovianus,4,2,0,1,2,0,0,0,0,1,0,0,0,0,0,4,4,
Königsgeier,Sarcorhamphus papa,2,3,0,0,0,0,0,0,0,0,0,0,0,1,0,2,2,0
"",Sagittarius serpentarius,1,1,0,0,0,0,0,0,0,0,0,0,0,0,0,1,1,
Kaiseradler,Aquila heliaca,1,1,0,0,0,0,0,0,0,0,0,0,0,0,0,1,1,0
"",Aquila nipalensis,0,1,0,0,0,0,0,0,0,0,0,0,0,0,0,0,1,
Königsbussard,Buteo regalis,1,1,0,0,0,0,0,0,0,0,0,0,0,0,0,1,1,0
""
VÖGEL,AVES,2020,geboren,Zugänge,gestorben,Abgabe,2021,,,,,,,,,,,,
Greifvögel,Falconiformes,m,w,u,m,w,u,m,w,u,m,w,u,m,w,u,m,w,u
Wüstenbussard,Parabuteo unicinctus,0,3,0,0,0,0,0,0,0,0,0,0,0,0,0,0,3,0
"",Geranoaetus melanoleucus,1,0,0,0,0,0,0,0,0,0,0,0,0,0,0,1,0,
Königsbussard,Haliaeetus a. albicilla,1,0,0,0,0,0,0,1,0,0,0,0,0,0,0,1,1,0
"",Haliaeetus leucocephalus,2,1,0,0,0,0,0,0,0,0,0,0,0,0,0,2,1,
Riesenseeadler,Haliaeetus pelagicus,1,2,0,0,0,0,0,0,0,0,0,0,0,1,0,1,1,0
"",Harpia harpyia,1,0,0,0,0,0,0,0,0,0,0,0,0,0,0,1,0,
Kampfadler,Polemaetus bellicosus,1,1,0,0,0,0,0,0,0,0,0,0,0,0,0,1,1,0
"",Gypaetus barbatus,2,2,0,0,0,0,0,0,0,0,0,0,0,0,0,2,2,
Zwerggänsegeier,Gyps africanus,1,1,0,0,0,0,0,0,0,0,0,0,0,0,0,1,1,0
"",Gyps fulvus,2,2,0,0,0,0,0,2,0,0,1,0,0,0,0,2,3,
Schneegeier,Gyps himalayensis,1,2,0,0,0,0,0,0,0,0,0,0,0,0,0,1,2,0
"",Gyps ruepelli,2,2,0,0,0,0,0,0,0,0,0,0,0,0,0,2,2,
Kappengeier,Necrosyrtes monachus,2,2,0,1,0,0,0,0,0,2,0,0,1,0,0,0,2,0
"","Neophron percnopterusginginianus",1,0,0,0,0,0,0,0,0,1,0,0,0,0,0,0,0,
Gaukler,Theratopius ecaudatus,1,0,0,0,0,0,0,0,0,1,0,0,0,0,0,0,0,0
"",Trigonoceps occipitalis,1,1,0,0,0,0,0,0,0,0,0,0,0,0,0,1,1,
Falkland-Karakara,Phalcoboenus australis,2,3,0,2,0,0,0,0,0,0,1,0,0,1,0,4,1,0
"",Phalcoboenus megalopterus,1,1,0,0,0,0,0,0,0,0,0,0,0,0,0,1,1,
Schopfkarakara,Caracara plancus,0,0,0,0,0,0,1,0,0,0,0,0,0,0,0,1,0,0
""
VÖGEL,AVES,2020,geboren,Zugänge,gestorben,Abgabe,2021,,,,,,,,,,,,
Hühnervögel,Galliformes,m,w,u,m,w,u,m,w,u,m,w,u,m,w,u,m,w,u
Schopfkarakara,Caracara plancus,0,0,0,0,0,0,1,0,0,0,0,0,0,0,0,1,0,0
"",Falco tinnunculus,0,1,0,0,0,0,0,0,0,0,0,0,0,0,0,0,1,
Lannerfalke,Falco biarmicus,1,1,0,0,0,0,0,0,0,0,0,0,0,0,0,1,1,0
"",Falco cherrug,1,0,0,0,0,0,0,0,0,0,0,0,1,0,0,0,0,
Wanderfalke,Falco peregrinus,2,0,0,0,0,0,0,0,0,0,0,0,2,0,0,0,0,0
"",Alectoris melanocephala,1,1,0,0,0,0,0,1,0,0,1,0,0,0,0,1,1,
China-Waldrebhuhn,Arborophila gingica,2,0,0,0,0,0,0,0,0,0,0,0,0,0,0,2,0,0
"",Tragopan caboti,2,1,0,0,0,0,0,0,0,0,0,0,0,0,0,2,1,
Satyr-Tragoan,Tragopan satyra,1,1,0,0,0,0,0,0,0,0,0,0,0,0,0,1,1,0
"",Tragopan temminckii,1,1,0,1,1,1,0,0,0,0,0,1,0,0,0,2,2,
Straußwachtel,Rollulus rouloul,3,3,0,0,1,5,0,0,0,2,2,5,0,0,0,1,2,0
"",Pavo christatus,4,5,0,1,1,0,0,0,0,0,0,0,0,0,0,5,6,
Ährenträgerpfau,Pavo m. muticus,1,1,0,0,0,0,0,0,0,0,0,0,0,0,0,1,1,0
"",Catreus wallichi,1,0,0,0,0,0,0,0,0,1,0,0,0,0,0,0,0,
Diamantfasan,Chrysolophus amherstiae,1,1,0,0,0,0,0,1,0,0,1,0,0,0,0,1,1,0
"",Chrysolophus pictus,1,1,0,0,0,0,0,0,0,0,0,0,0,0,0,1,1,
Palawan-Pfaufasan,Polyplectron napoleonis,2,1,0,0,0,0,0,0,0,0,1,0,0,0,0,2,0,0
"",Crossoptilon auritum,1,1,0,0,0,0,0,0,0,0,0,0,0,0,0,1,1,
Weißer Ohrfasan,Crossoptilon crossoptilon,1,1,0,0,0,0,0,0,7,1,0,0,0,0,0,0,1,7
"",Crossoptilon mantchuricum,1,1,0,0,0,0,0,1,0,0,1,0,0,0,0,1,1,
Himalaya-Glanzfasan,Lophophorus impejanus,1,2,0,1,1,4,3,0,0,0,0,4,0,1,0,5,2,0
"",Lophura hatinhensis,1,1,0,0,0,1,0,0,0,0,0,1,0,0,0,1,1,
Vietnamesischer Fasan,Lophura edwardsi,0,1,0,0,0,0,1,1,0,0,0,0,0,0,0,1,2,0
"",Lophura nycthemera berliozi,1,1,0,0,0,0,0,0,0,0,0,0,0,0,0,1,1,
Swinhoefasan,Lophura swinhoii,1,1,0,3,2,1,0,0,0,0,0,1,0,0,0,4,3,0
"",Syrmaticus ellioti,1,1,0,0,0,1,0,0,0,0,0,1,0,0,0,1,1,
Mikadofasan,Syrmaticus mikado,1,1,0,2,5,0,0,0,0,0,0,0,0,0,0,3,6,0
"",Syrmaticus reevesii,2,1,0,0,0,0,0,0,0,1,0,0,0,0,0,1,1,
Brahma-Huhn,Gallus gallus f. domestica,4,5,0,0,0,0,0,0,0,2,1,0,0,0,0,2,4,0
"",Gallus gallus f. domestica,0,1,0,0,0,0,0,0,0,0,1,0,0,0,0,0,0,
Orloff-Zwerghuhn,Gallus gallus f. domestica,6,3,0,0,0,0,0,0,0,0,0,0,0,0,0,6,3,0
"","Meleagris gallopavo f.domestica",1,1,0,0,0,0,0,2,0,0,0,0,0,0,0,1,3,
"",,,,,,,,,,,,,,,,,,,
"",,,,,,,,,,,,,,,,,,,
Sandflughuhn,Pterocles orientalis,2,1,0,0,0,0,0,0,0,0,0,0,0,0,0,2,1,0
Kranichvögel,Gruiformes,m,w,u,m,w,u,m,w,u,m,w,u,m,w,u,m,w,u
Sonnenralle,Eurypyga helias,2,0,0,0,0,0,0,0,0,0,0,0,2,0,0,0,0,0
Psophia crepitans,1,1,0,0,0,0,0,0,0,0,0,0,0,0,0,1,1,,
""
VÖGEL,AVES,2020,geboren,Zugänge,gestorben,Abgabe,2021,,,,,,,,,,,,
"",,,,,,,,,,,,,,,,,,,
"",,,,,,,,,,,,,,,,,,,
Jungfernkranich,Anthropoides virgo,1,1,0,0,0,0,0,0,0,0,0,0,0,0,0,1,1,0
"",Bugeranus carunculatus,1,1,0,0,0,0,0,0,0,0,0,0,0,0,0,1,1,
Saruskranich,Grus antigone,1,0,0,0,0,0,0,0,0,0,0,0,1,0,0,0,0,0
"",Grus g. grus,1,0,0,0,0,0,0,0,0,0,0,0,1,0,0,0,0,
Mandschurenkranich,Grus japonensis,1,1,0,0,0,0,0,0,0,0,0,0,0,0,0,1,1,0
"",Leucogeranus leucogeranus,2,2,0,0,0,0,0,0,0,0,0,0,0,0,0,2,2,
Schwarzhalskranich,Grus nigricollis,1,2,0,0,0,0,0,0,0,0,0,0,0,0,0,1,2,0
"",Grus vipio,1,1,0,0,0,0,0,0,0,0,0,0,0,0,0,1,1,
West-Pfauenkranich,Belearica p. pavonina,1,1,0,0,0,0,0,0,0,1,0,0,0,0,0,0,1,0
"","Belearica regulorumgibbericeps",1,1,0,0,0,0,0,0,0,0,0,0,0,0,0,1,1,
Großtrappe,Otis tarda,3,0,0,0,0,0,0,0,0,0,0,0,0,0,0,3,0,0
"",,,,,,,,,,,,,,,,,,,
"",,,,,,,,,,,,,,,,,,,
Austernfischer,Haematopus ostralegus,4,6,0,1,3,1,0,0,0,0,0,1,2,2,0,3,7,0
"",Larus atricilla,7,6,1,0,0,2,0,0,0,0,1,2,0,0,0,7,5,
Graukopfmöwe,Larus cirrocephalus,6,5,0,0,2,1,0,0,0,0,0,1,0,0,0,6,7,0
"",Larus crassirostris,2,7,1,1,3,1,0,0,0,0,0,1,0,0,0,3,10,
Graumöwe,Larus modestus,13,11,0,4,4,4,0,0,0,0,2,4,4,0,0,13,13,0
Taubenvögel,Columbiformes,m,w,u,m,w,u,m,w,u,m,w,u,m,w,u,m,w,u
Mähnentaube,Caloenas nicobarica,4,4,0,0,0,1,0,0,0,0,0,1,0,0,0,4,4,0
"",Gallicolumba crinigera,1,0,0,0,0,0,0,1,0,1,0,0,0,0,0,0,1,
Diamanttäubchen,Geopelia cuneata,3,3,4,0,0,1,0,0,0,0,1,1,0,0,0,3,2,4
"",Spilopelia chinensis,4,3,0,0,0,0,0,0,0,0,0,0,0,0,0,4,3,
Orientturteltaube,Streptopelia orientalis,3,2,0,0,0,0,0,0,0,0,1,0,0,0,0,3,1,0
"",Goura sclaterii,0,1,0,0,0,0,1,0,0,0,0,0,0,0,0,1,1,
Krontaube,Goura christata,0,2,0,0,0,0,0,0,0,0,0,0,0,0,0,0,2,0
Papageien,Psittaciformes,m,w,u,m,w,u,m,w,u,m,w,u,m,w,u,m,w,u
"",,,,,,,,,,,,,,,,,,,
Goffins-Kakadu,Cacatua goffiniana,1,1,0,0,0,0,0,0,0,1,0,0,0,0,0,0,1,0
"",Cacatua moluccensis,1,0,0,0,0,0,0,0,0,0,0,0,0,0,0,1,0,
Nacktaugenkakadu,Cacatua sanguinea,5,2,0,0,0,0,0,0,0,0,0,0,1,1,0,4,1,0
"",Eolophus roseicapilla,4,1,0,0,0,0,0,0,0,1,0,0,0,0,0,3,1,
Grünschwanzlori,Lorius chlorocercus,2,1,0,0,0,0,0,0,0,0,0,0,0,0,0,2,1,0
"","Trichoglossus forstenimitchellii",2,2,0,0,0,0,0,0,0,0,0,0,0,0,0,2,2,
Halmahera-Edelpapagei,Eclectus roratus roratus,3,2,0,0,0,0,0,0,0,0,0,0,0,0,0,3,2,0
"",Psittacula derbiana,0,1,0,0,0,0,0,0,0,0,0,0,0,0,0,0,1,
Pfirsichköpfchen,Agapornis fischeri,1,1,0,0,0,0,0,0,0,0,0,0,0,0,0,1,1,0
"",Agapornis roseicollis,0,0,41,0,0,0,0,0,0,0,0,12,0,0,0,0,0,
Jamaika-Amazone,Amazona collaria,1,2,0,0,0,0,0,0,0,0,0,0,0,0,0,1,2,0
Amazona d. dufresniana,0,1,0,0,0,0,0,0,0,0,0,0,0,0,0,0,1,,
""
VÖGEL,AVES,2020,geboren,Zugänge,gestorben,Abgabe,2021,,,,,,,,,,,,
"",,,,,,,,,,,,,,,,,,,
Papageien,Psittaciformes,m,w,u,m,w,u,m,w,u,m,w,u,m,w,u,m,w,u
Mülleramazone,Amazona farinosa,1,0,0,0,0,0,0,0,0,0,0,0,1,0,0,0,0,0
"",Amazona festiva bodini,1,1,0,0,0,0,0,0,0,0,0,0,0,0,0,1,1,
Kleiner Vasapapagei,Coracopsis nigra libs,1,1,0,0,0,0,0,0,0,0,0,0,0,0,0,1,1,0
"",Psittacus e. erithacus,3,4,0,0,0,0,0,1,0,0,0,0,0,0,0,3,5,
Hyazinthara,"Anodorhynchushyacinthinus",3,4,0,0,1,0,1,0,0,0,0,0,1,0,0,3,5,0
"",Ara ambigua,2,2,0,0,0,0,0,0,0,0,1,0,0,0,0,2,1,
Grünflügelara,Ara chloroptera,1,0,0,0,0,0,0,0,0,0,0,0,0,0,0,1,0,0
"",Ara glaucogularis,4,1,0,0,0,0,0,2,0,0,0,0,0,0,0,4,3,
Gelbflügelara,Ara macao,1,0,0,0,0,0,0,0,0,0,0,0,0,0,0,1,0,0
"",Ara rubrogenys,1,1,0,0,0,0,0,0,0,0,0,0,0,0,0,1,1,
Jendayasittich,Aratinga jandaya,6,4,0,1,1,0,0,0,0,1,1,0,0,0,0,6,4,0
"",Pyrrhura perlata,0,0,0,0,0,0,3,3,0,0,0,0,0,0,0,3,3,
Felsensittich,Caynoliseus patagonus,6,7,0,0,0,0,0,0,0,0,0,0,0,0,0,6,7,0
"",Loriculus galgulus,2,0,0,0,0,0,2,2,0,0,0,0,0,0,0,4,2,
Nymphensittich,Nymphicus hollandicus,0,0,32,0,0,0,0,0,0,0,0,2,0,0,20,0,0,10
"",Melopsittacus undulatus,0,0,58,0,0,5,0,0,0,0,0,5,0,0,30,0,0,
Eulen,Strigiformes,m,w,u,m,w,u,m,w,u,m,w,u,m,w,u,m,w,u
Maskeneule,Phodilus badius,3,3,0,1,2,0,1,0,0,3,1,0,1,1,0,1,3,0
"",Athene noctua,1,0,0,0,0,0,0,0,0,0,0,0,0,0,0,1,0,
Fleckenuhu,Bubo a. africanus,1,0,0,0,0,0,0,0,0,0,0,0,0,0,0,1,0,0
"",Bubo bubo bubo,0,1,0,0,0,0,0,0,0,0,0,0,0,0,0,0,1,
Turkmenenuhu,Bubo b. omissus,1,1,0,0,0,0,0,0,0,0,0,0,0,0,0,1,1,0
"",Bubo b. sibiricus,1,1,0,0,0,0,0,0,0,1,1,0,0,0,0,0,0,
Kenia-Uhu,Bubo capensis mackinderi,1,1,0,0,0,0,0,0,0,0,0,0,0,0,0,1,1,0
"",Bubo lacteus,1,1,0,0,0,0,0,0,0,0,0,0,0,0,0,1,1,
Nepal-Uhu,Bubo nipalensis blighi,1,1,0,0,0,0,0,0,0,0,0,0,0,0,0,1,1,0
"",Bubo sumatranus,0,1,0,0,0,0,0,0,0,0,0,0,0,0,0,0,1,
Viginia-Uhu,Bubo virginianus,1,1,0,0,0,0,0,0,0,0,0,0,0,0,0,1,1,0
"",Otus megalotis,1,1,0,1,1,0,0,0,0,0,0,0,0,0,0,2,2,
Westkreischeule,Otus kennicotti,1,4,0,1,2,0,0,0,0,2,0,0,0,5,0,0,1,0
"",Ptilopsis granti,1,0,0,0,0,0,0,0,0,0,0,0,0,0,0,1,0,
Boobook-Kauz,Ninox boobook,1,1,0,0,0,0,0,0,0,0,0,0,0,0,0,1,1,0
"",Strix chacoensis,1,0,0,0,0,0,1,2,0,1,0,0,0,0,0,1,2,
Brasilkauz,Strix hylophila,3,1,0,0,0,0,0,0,0,0,0,0,0,0,0,3,1,0
"",Strix uralensis,1,1,0,0,0,0,1,1,0,0,0,0,0,0,0,2,2,
Rackenvögel,Coraciiformes,m,w,u,m,w,u,m,w,u,m,w,u,m,w,u,m,w,u
Haubenliest,Dacelo leachii,1,2,0,2,1,0,0,0,0,0,0,0,0,1,0,3,2,0
Merops nubicus nubicus,0,0,0,0,0,0,2,3,0,0,0,0,0,0,0,2,3,,
""
VÖGEL,AVES,2020,geboren,Zugänge,gestorben,Abgabe,2021,,,,,,,,,,,,
Sperlingsvögel,Passeriformes,m,w,u,m,w,u,m,w,u,m,w,u,m,w,u,m,w,u
"",,,,,,,,,,,,,,,,,,,
Purpurkehl-Kotinga,Cotinga cayana,0,1,0,0,0,0,0,0,0,0,0,0,0,1,0,0,0,0
"",Hypsipetes leucocephalus,2,2,0,0,0,0,0,0,0,1,0,0,0,0,0,1,2,
Rotohrbülbül,Pycnonotus jocosus,4,5,0,0,0,2,0,0,0,0,2,0,1,1,0,3,2,2
"",Irena puella,0,1,0,0,0,0,2,1,0,0,1,0,0,0,0,2,1,
Streifenlachdrossel,Babax lanceolatus,0,1,0,0,0,0,0,0,0,0,0,0,0,0,0,0,1,0
"",Dryonastes courtoisi,1,5,0,0,0,0,0,0,0,0,0,0,0,0,0,1,5,
Augenbrauenhäherling,Garrulax canorus,2,2,0,0,0,3,0,0,0,0,0,1,0,0,0,2,2,2
"",Dryonastes chinensis,1,1,0,0,0,0,0,0,0,0,0,0,0,0,0,1,1,
Weißhaubenhäherling,Garrulax leucolophus diardi,2,2,0,0,0,0,0,0,0,0,0,0,0,0,0,2,2,0
"",Trochalopteron milnei,0,2,0,0,0,0,0,0,0,0,1,0,0,0,0,0,1,
Lätzchenhäherling,Garrulax monileger,1,0,0,0,0,0,0,0,0,0,0,0,0,0,0,1,0,0
"",Dryonastes berthemyi,1,1,0,0,0,0,0,0,0,0,0,0,0,0,0,1,1,
Brustbandhäherling,Garrulax pectoralis,0,1,0,0,0,0,0,0,0,0,0,0,0,0,0,0,1,0
"",Pterorhinus sannio,1,1,0,0,0,0,0,0,0,0,0,0,0,0,0,1,1,
Omeihäherling,Liocichla omeiensis,2,1,0,2,0,1,1,0,0,0,0,1,1,0,0,4,1,0
"",Liocichla steerii,1,2,0,0,0,1,0,0,0,0,0,1,0,1,0,1,1,
Karminflügelhäherling,Liocichla ripponi,1,1,0,0,0,0,0,0,0,0,0,0,0,0,0,1,1,0
"",Leiothrix lutea,0,0,0,0,0,0,2,0,0,1,0,0,0,0,0,1,0,
Silberohr-Sonnenvogel,Leiothrix argentauris,0,0,0,0,0,0,2,3,0,0,0,0,0,0,0,2,3,0
"",Turdus dissimilis,1,0,0,0,0,0,1,1,0,0,0,0,0,0,0,2,1,
Weißbürzelschama,Kittacincla malabaricus,2,1,0,0,0,0,0,3,0,0,1,0,0,0,0,2,3,0
"",Tangara cayana,6,1,0,0,0,0,0,0,0,1,0,0,5,1,0,0,0,
Siebenfarbentangare,Tangara chilensis,1,1,0,0,0,0,0,0,0,1,0,0,0,1,0,0,0,0
"",Ramphocelus bresilius,1,0,0,0,0,0,0,1,0,0,0,0,1,1,0,0,0,
Schwarzkopf-Grünfink,Carduelis ambigua,1,0,0,0,0,0,0,0,0,0,0,0,0,0,0,1,0,0
"",Carduelis carduelis caniceps,0,3,0,0,0,0,0,0,0,0,2,0,0,0,0,0,1,
"Schwarzschwanz-kernbeißer",Eophona migratoria,2,1,0,0,0,0,0,0,0,0,1,0,0,0,0,2,0,0
"",Serinus canaria f. domestica,0,0,30,0,0,21,0,0,0,0,0,15,0,0,0,0,0,
Textorweber,Ploceus cucullatus,0,0,0,0,0,0,17,17,0,0,2,0,0,0,0,17,15,0
"",Taeniopygia guttata,0,0,97,0,0,45,0,0,0,0,0,36,0,0,38,0,0,
Balistar,Leucopsar rothschildi,0,3,0,0,0,0,0,0,0,0,2,0,0,0,0,0,1,0
"",Sturnus contra,0,1,0,0,0,0,0,0,0,0,1,0,0,0,0,0,0,
Blauelster,Cyanopica cyanus,1,2,0,0,0,1,0,0,0,0,1,1,0,0,0,1,1,0
Urocissa erythrorhyncha,3,1,0,0,0,0,0,0,0,0,0,0,0,0,0,3,1,,
""
KRIECHTIERE,REPTILIA,2020,geboren,Zugänge,gestorben,Abgabe,2021,,,,,,,,,,,,
"",,,,,,,,,,,,,,,,,,,
"",,,,,,,,,,,,,,,,,,,
Krokodile (1 Art),Crocodylia,3,4,4,0,0,0,0,0,0,0,1,0,3,2,0,0,1,4
"",Testudines,37,35,72,0,0,7,2,5,23,0,3,6,8,12,7,31,25,
Echsen (14 Arten),Lacertilia,15,14,21,0,0,1,2,4,4,5,4,4,2,2,4,10,12,18
Serpentes,14,10,9,0,0,0,5,1,3,2,1,1,2,2,2,15,8,,
LURCHE,AMPHIBIA,2020,geboren,Zugänge,gestorben,Abgabe,2021,,,,,,,,,,,,
"",,,,,,,,,,,,,,,,,,,
"",,,,,,,,,,,,,,,,,,,
Froschlurche (12 Arten),Anura,3,3,96,0,0,17,0,0,132,0,0,139,0,0,0,3,3,106
Caudata,0,0,18,0,0,0,0,0,0,0,0,0,0,0,13,0,0,,
""
KNORPELFISCHE,CHONDRICHTHYES,2020,geboren,Zugänge,gestorben,Abgabe,2021,,,,,,,,,,,,
"",,m,w,u,m,w,u,m,w,u,m,w,u,m,w,u,m,w,u
"",,,,,,,,,,,,,,,,,,,
Rochen (1 Art),Batoidea,0,0,1,0,0,0,0,0,0,0,0,0,0,0,0,0,0,1
KNOCHENFISCHE,OSTEICHTHYES,2020,geboren,Zugänge,gestorben,Abgabe,2021,,,,,,,,,,,,
"",,m,w,u,m,w,u,m,w,u,m,w,u,m,w,u,m,w,u
Knochenhechtartige (1 Art),Lepsiosteiformes,0,0,2,0,0,0,0,0,0,0,0,0,0,0,1,0,0,1
"",Atheriniformes,0,0,0,0,0,14,0,0,70,0,0,11,0,0,0,0,0,
Salmlerartige (3 Arten),Characiformes,0,0,5047,0,0,0,0,0,1500,0,0,4970,0,0,19,0,0,1558
"",Cypriniformes,0,0,21,0,0,0,0,0,0,0,0,0,0,0,21,0,0,
Zahnkärpflinge (3 Arten),Cyprinodontiformes,0,0,34,0,0,35,4,2,110,0,0,30,0,0,32,4,2,117
"",Siluriformes,0,0,213,0,0,0,0,0,16,0,0,63,0,0,23,0,0,
Kletterfischartige (2 Arten),Anabantiformes,0,0,1,0,0,11,8,10,15,0,0,25,0,0,1,8,10,1
"",Perciformes,0,0,1027,0,0,20,0,0,42,0,0,620,0,0,50,0,0,
Kugelfischartige (3 Arten),Tetradontiformes,0,0,6,0,0,0,0,0,3,0,0,2,0,0,0,0,0,7
"",Scorpaeniformes,0,0,0,0,0,0,0,0,3,0,0,0,0,0,0,0,0,
Armflosser (0 Arten),Lophiiformes,0,0,0,0,0,0,0,0,2,0,0,2,0,0,0,0,0,0
WIRBELLOSE,INVERTEBRATA,2020,geboren,Zugänge,gestorben,Abgabe,2021,,,,,,,,,,,,
"",,m,w,u,m,w,u,m,w,u,m,w,u,m,w,u,m,w,u
Stachelhäuter (11 Arten),Echinodermata,1,1,48,0,0,0,0,0,4,0,0,2,0,0,0,1,1,50
"",Mollusca,0,0,265,0,0,50,0,0,206,0,0,59,0,0,0,0,0,
Gliederfüßer (16 Arten),Arthropoda,0,1,173,0,0,43,0,0,20,0,1,57,0,0,0,0,0,179
"",Annelida,0,0,20,0,0,0,0,0,0,0,0,0,0,0,0,0,0,
Plattwürmer (1 Art),Plathelminthes,0,0,10,0,0,0,0,0,0,0,0,0,0,0,0,0,0,10
"",Cnidaria,0,0,693,0,0,11,0,0,366,0,0,83,0,0,3,0,0,
Schwämme (1 Art),Porifera,0,0,1,0,0,0,0,0,0,0,0,0,0,0,0,0,0,1
Tierbestand 2021,Anzahl Individuen,Arten/Formen
Säugetiere,1.014,160
"",1.158,
Kriechtiere,222,52
"",123,
Fische,2.347,68
"",1.708,
Gesamtbestand,6.572,645
