""
Tagestickets Zoo,Eintrittskarten 2020,Eintrittskarten 2019,+/- Vorjahr in %
"",503.883,745.352,
"",58.453,160.687,
"",157.271,116.381,
"",12.794,308.832,
"",3.220,18.832,
Summe Tagestickets Zoo,735.621,1.350.084,-46 %
Tagestickets Zoo-Aquarium,Eintrittskarten 2020,Eintrittskarten 2019,+/- Vorjahr in %
"",169.746,357.713,
"",26.810,76.752,
"",53.443,53.556,
"",10.465,199.027,
"",555,1.956,
Summe Tagestickets Zoo-Aquarium,261.019,689.004,-62 %
SUMME TAGESTICKETS TOTAL,996.640,2.039.088,-51 %
Jahreskarten Zoo,Eintrittskarten 2020,Eintrittskarten 2019,+/- Vorjahr in %
"",11.841,14.983,
"",2.846,3.583,
"",359,459,
"",20.291,21.207,
"",8.189,7.705,
Summe Jahreskarten Zoo,43.526,47.937,-9 %
Jahreskarten Zoo-Aquarium,Eintrittskarten 2020,Eintrittskarten 2019,+/- Vorjahr in %
"",3.477,5.047,
"",834,1.295,
"",202,245,
"",7.472,9.412,
"",8.189,7.705,
Summe Jahreskarten Zoo-Aquarium,20.174,23.704,-15 %
SUMME JAHRESKARTEN  TOTAL,63.700,71.641,-11 %
"",43.653,127.090,
"",23.689,61.616,
"",822.800,1.525.111,
"",304.882,774.324,
EINTRITTSKARTEN GESAMT,1.127.682,2.299.435,-51 %
Ermittelte Besucher**,2.267.398,3.729.999,-39 %
"Jahresverlauf notwendig, zur Absicherung der Liquidität das","von 9,744 Mio. € könnten durch die zum 31. Dezember 2020"
"Anlagevolumen um 2,2 Mio. € wieder zu reduzieren. Das","vorhandenen liquiden Mittel von 10,066 Mio. € zu rund 27%"
Finanzanlagevermögen ist dennoch im Vergleich zum Vorjahr,fi nanziert werden (Vj. 71%). Unter Einbeziehung der kurzfris-
"gestiegen und beträgt zum Bilanzstichtag rd. 21,460 Mio. € (Vj.",tig verfügbaren Mittel aus der Vermögensverwaltung sowie
"16,984 Mio. €). Hier sind neben dem seit 2017 bestehenden",der kurzfristigen Forderungen (u. a. aus Corona-Hilfen) wäre
""
""
AKTIVA,2020,2019,
A.,ANLAGEVERMÖGEN,in €,in €
"130.095,00","164.160,00",,
"",,,
"36.588.451,00","38.182.608,00",,
"1.560.433,00","1.875.970,00",,
"1.677.667,00","1.889.645,00",,
"15.681.107,60","9.611.621,31",,
"55.507.658,60","51.559.844,31",,
"",,,
"1.755.608,92","1.755.608,92",,
"19.703.833,98","15.227.695,76",,
"1.120,00","1.120,00",,
"21.460.562,90","16.984.424,68",,
"77.098.316,50","68.708.428,99",,
B.,UMLAUFVERMÖGEN,,
"",,,
"181.348,00","171.543,00",,
"12.055,00","6.520,00",,
"193.403,00","178.063,00",,
"",,,
"103.636,45","311.627,55",,
"482.709,31","350.280,92",,
"1.996.614,05","264.113,88",,
"2.582.959,81","926.022,35",,
"1,00","1,00",,
"10.065.939,09","20.310.125,18",,
"12.842.302,90","21.414.211,53",,
C.,RECHNUNGSABGRENZUNGSPOSTEN,"565.664,02","549.818,25"
SUMME AKTIVA,"90.506.283,42","90.672.458,77"
""
PASSIVA,2020,2019,
A.,EIGENKAPITAL,in €,in €
"",,,
"1.716.000,00","1.716.000,00",,
"-1.196,00","-156,00",,
"1.714.804,00","1.715.844,00",,
"62.659,07","62.659,07",,
"",,,
"139.989,53","139.989,53",,
"1.196,00","156,00",,
"63.540.926,01","61.857.814,96",,
"63.682.111,54","61.997.960,49",,
"-4.100.851,98","1.683.111,05",,
"61.358.722,63","65.459.574,61",,
B.,SONDERPOSTEN FÜR INVESTITIONSZUSCHÜSSE ZUM ANLAGEVERMÖGEN,"711.238,68","438.184,32"
"",,,
C.,RÜCKSTELLUNGEN,,
"20.631.083,85","18.380.424,13",,
"18.120,25","18.120,25",,
"1.264.559,00","1.155.755,00",,
"21.913.763,10","19.554.299,38",,
D.,VERBINDLICHKEITEN,,
"800.000,00","0,00",,
"210.500,50","167.425,50",,
"3.107.067,54","2.929.570,29",,
"1.201.824,97","810.103,67",,
"5.319.393,01","3.907.099,46",,
E.,RECHNUNGSABGRENZUNGSPOSTEN,"1.203.166,00","1.313.301,00"
SUMME PASSIVA,"90.506.283,42","90.672.458,77"
""
GEWINN- UND VERLUSTRECHNUNG,2020,2019,
"",,in €,in €
"",Erträge aus Investitionszuschüssen,"273.054,36","302.702,30"
"",Zuführung zum Sonderposten für Investitionszuschüsse,"-273.054,36","-302.702,30"
"",Spenden und Zuwendungen,"7.796.080,06","6.132.732,40"
"",Umsatzerlöse,"17.056.705,19","27.563.179,09"
"",Sonstige betriebliche Erträge,"2.454.723,31","795.180,54"
"",Gesamtleistung,"27.307.508,56","34.491.092,03"
"",Materialaufwand,"-3.707.946,54","-4.560.109,88"
"","a) Roh-, Hilfs-, Betriebsstoff e und bezogene Waren","-1.460.208,93","-1.751.013,02"
"","b) Bezogene Leistungen- davon aus verbundenen Unternehmen € 35.096,94 (Vorjahr: T€ 100)","-2.247.737,61","-2.809.096,86"
"",Mittelverwendung,"-476.115,05","-978.906,10"
"",Personalaufwand,"-16.250.039,24","-16.974.345,83"
"",a) Löhne und Gehälter,"-10.655.594,34","-10.513.932,63"
"","b) Soziale Abgaben und Aufwendungen für Altersversorgungund für Unterstützung- davon für Altersversorgung € 3.333.171,22 (Vorjahr: T€ 4.341)","-5.594.444,90","-6.460.413,20"
"","Abschreibungen auf Immaterielle Vermögensgegenständeund Sachanlagen","-2.560.448,69","-2.545.884,45"
"",Sonstige betriebliche Aufwendungen,"-7.832.457,91","-7.481.083,84"
"",Erträge aus anderen Wertpapieren des Finanzanlagevermögens,"230.575,80","153.800,52"
"","Sonstige Zinsen und ähnliche Erträge- davon aus verbundenen Unternehmen € 8.778,00 (Vorjahr: T€ 9)","8.952,00","9.000,44"
"",Abschreibungen auf Finanzanlagen,"-96.159,22","0,00"
"","Zinsen und ähnliche Aufwendungen- davon Aufwendungen aus Aufzinsung € 718.190,00 (Vorjahr: T€ 708)","-651.950,90","-349.985,06"
"",Steuern vom Einkommen und vom Ertrag,"-35.988,71","-45.309,61"
"",Ergebnis nach Steuern,"-4.064.069,90","1.718.268,22"
"",Sonstige Steuern,"-36.782,08","-35.157,17"
19.,Jahresfehlbetrag/ -überschuss,"-4.100.851,98","1.683.111,05"
""
EIGENKAPITALSPIEGEL,01.01.2020,Entnahme,Einstellung,31.12.2020
Eigenkapital,in €,in €,in €,in €
"1.715.844,00","-1.040,00","0,00","1.714.804,00",
"1.716.000,00","0,00","0,00","1.716.000,00",
"-156,00","-1.040,00","0,00","-1.196,00",
"62.659,07","0,00","0,00","62.659,07",
"61.997.960,49","1.040,00","1.683.111,05","63.682.111,54",
"139.989,53","0,00","0,00","139.989,53",
"156,00","1.040,00","0,00","1.196,00",
"61.857.814,96","0,00","1.683.111,05","63.540.926,01",
"0,00","0,00","0,00","0,00",
"1.683.111,05","-1.683.111,05","-4.100.851,98","-4.100.851,98",
"65.459.574,61","-1.683.111,05","-2.417.740,93","61.358.722,63",
""
""
VERBINDLICHKEITEN,RESTLAUFZEITEN,,,,,,
"",bis zu einem Jahr,"zwischen einemund fünf Jahren",mehr als fünf Jahre,Gesamt,,,
"",2020,2019,2020,2019,2020,2019,2020
"",in €,in T€,in €,in T€,in €,in T€,in €
"0,00","0,0","800.000,00","0,0","0,00","0,0",,
"210.500,50","167,4","0,00","0,0","0,00","0,0",,
"3.020.209,14","2.871,9","86.858,40","57,7","0,00","0,0",,
"1.201.824,97","810,1","0,00","0,0","0,00","0,0",,
"4.432.534,61","3.849,40","886.858,40","57,70","0,00","0,00",,
""
""
UMSATZERLÖSE,2020,2019,
"",,in €,in €
"",itte,"14.265.457,28","23.986.149,29"
"",ungsgebühren,"126.779,50","252.270,00"
"",handising,"2.828,14","6.453,22"
"",en und Pachten,"848.141,04","1.448.347,90"
"",etingpartnerschaften,"389.928,69","394.018,69"
"",zen,"521,68","0,00"
"",tige Umsatzerlöse,"1.423.048,86","1.475.939,99"
Um,atzerlöse,"17.056.705,19","27.563.179,09"
ENTWICKLUNG DES ANLAGEVERMÖGENS ZUM 31. DEZEMBER 2020 (ANLAGENSPIEGEL)
Anscha  ungs- und Herstellungskosten
Alle Werte in € 01.01.2020 Stand am Zugang Abgang Umbuchung 31.12.2020Stand am
"",,,Abschreibungen,,,Buchwerte
Alle Werte in €,Stand am 01.01.2020,,Zugang Abgang,Stand am 31.12.2020,,Stand am 31.12.2020 31.12.2019Stand am
Sachanlagen,,,,,,,
1. Grundstücke und Bauten,"12.168.013,06","1.756.927,82","434.126,69","13.490.814,19","36.588.451,00","38.182.608,00",ANHANG ZUM JAHRESABSCHLUSS
2. Technische Anlagen und,,,,,,,
Maschinen,"2.959.203,60","315.246,26","0,00","3.274.449,86","1.560.433,00","1.875.970,00",
"3. Andere Anlagen, Betriebs-",,,,,,,
und Geschäftsausstattung,"3.877.140,32","395.235,78","35.397,44","4.236.978,66","1.677.667,00","1.889.645,00",
4. Geleistete Anzahlungen und,,,,,,,
Anlagen im Bau,"0,00","0,00","0,00","0,00","15.681.107,60","9.611.621,31",
"","19.004.356,98","2.467.409,86","469.524,13","21.002.242,71","55.507.658,60","51.559.844,31",
"19.265.466,68","2.656.607,91","470.291,20","21.451.783,39","77.098.316,50","68.708.428,99"
ENTWICKLUNG DES ANLAGEVERMÖGENS ZUM 31. DEZEMBER 2020 (ANLAGENSPIEGEL)
Anscha  ungs- und Herstellungskosten
Alle Werte in € 01.01.2020 Stand am Zugang Abgang Umbuchung 31.12.2020Stand am
I.  Immaterielle
Vermögensgegenstände
Entgeltlich erworbene ge-
"werbliche Schutzrechte und 425.269,70 58.973,83 767,07 0,00 483.476,46"
ähnliche Rechte und Werte
"425.269,70 58.973,83 767,07 0,00 483.476,46"
II.  Sachanlagen
"1. Grundstücke und Bauten 50.350.621,06 162.770,82 434.126,69 0,00 50.079.265,19"
2. Technische Anlagen und
"4.835.173,60 Maschinen-290,74 0,00 0,00 4.834.882,86"
"3. Andere Anlagen, Betriebs-"
"5.766.785,32 und Geschäftsausstattung184.549,78 36.689,44 0,00 5.914.645,66"
4. Geleistete Anzahlungen und
"9.611.621,31 Anlagen im Bau6.119.724,12 50.237,83 0,00 15.681.107,60"
"70.564.201,29 6.466.753,98 521.053,96 0,00 76.509.901,31"
III.  Finanzanlagen
1. Ausleihungen an ver-
"1.755.608,92 bundene Unternehmen 0,00 0,00 0,00 1.755.608,92"
2. Wertpapiere des
"15.227.695,76 Anlagevermögens8.214.978,20 3.642.680,76 0,00 19.799.993,20"
"3. Genossenschaftsanteile 1.120,00 0,00 0,00 0,00 1.120,00"
"16.984.424,68 8.214.978,20 3.642.680,76 0,00 21.556.722,12"
"87.973.895,67 14.740.706,01 4.164.501,79 0,00 98.550.099,89"
"1.755.608,92bundene Unternehmen 0,00 0,00","0,00","0,00","1.755.608,92"
Wertpapiere des Anlage-,,,
"15.227.695,76 vermögens0,00 96.159,22","0,00","96.159,22","19.703.833,98"
PERSONALKENNZAHLEN,2016,2017,2018,2019,2020
Personalaufwand in T€,12.278,10.860,14.000,16.974,16.250
SÄUGETIERE MAMMALIA,,2019,,geboren,Zugänge,gestorben,Abgabe,,,2020,
Beuteltiere Marsupialia,m,w,u,m w u,m w u,m w u,m w u,,m,w,u
Kurzschwanzopossum Monodelphis domestica,6,8,0,0 0 0,0 0 0,1 0 0,2 3 0,,3,5,0
Parma-Känguru Macropus parma,4,5,1,2 0 1,0 0 0,2 2 0,2 0 0,,2,4,1
Rotes Riesenkänguru Macropus rufus,2,2,0,0 0 1,0 0 0,1 0 1,0 0 0,,1,2,0
Kurzkopf-Gleitbeutler Petaurus breviceps,0,0,0,0 0 0,0 2 0,0 1 0,0 0 0,,0,1,0
Tanrekartige Tenrecoidea,m,w,u,m w u,m w u,m w u,m w u,,m,w,u
Kleiner Igeltanrek Echinops telfairi,1,0,2,0 0 0,0 1 1,1 0 1,0 0 0,,0,1,2
Röhrchenzähner Tubulidendata,m,w,u,m w u,m w u,m w u,m w u,,m,w,u
Erdferkel Orycteropus afer,1,1,0,0 0 0,0 0 0,0 0 0,0 0 0,,1,1,0
Rüsseltiere Proboscidae,m,w,u,m w u,m w u,m w u,m w u,,m,w,u
Asiatischer Elefant Elephas maximus,1,4,0,0 0 0,0 0 0,0 0 0,0 0 0,,1,4,0
Zahnarme Pilosa,m,w,u,m w u,m w u,m w u,m w u,,m,w,u
Weißborstengürteltier Euphractus sexcinctus,2,3,0,1 0 1,0 0 0,0 0 1,1 0 0,,2,3,0
Südliches,,,,,,,,,,,
0KugelgürteltierTolypiotes matacus,2,1,0,0 0 0,0 0 0,0 0 0,0 0 0,,2,1,
Zwei  ngerfaultier Choloepus didactylus,1,1,0,0 0 0,0 0 0,0 0 0,0 0 0,,1,1,0
Myrmecophaga Großer Ameisenbär 0tridactyla,1,1,0,0 0 0,0 0 0,0 0 0,0 0 0,,1,1,
""
SÄUGETIERE,MAMMALIA,2019,geboren,Zugänge,gestorben,Abgabe,2020,,,,,,,,,,,,
Primaten,Primates,m,w,u,m,w,u,m,w,u,m,w,u,m,w,u,m,w,u
Microcebus murinus,1,2,0,0,0,0,0,0,0,1,1,0,0,0,0,0,1,,
Nycticebus bengalensis,0,1,0,0,0,0,0,0,0,0,0,0,0,0,0,0,1,,
Nycticebus coucang,1,1,0,0,0,0,0,0,0,0,1,0,0,0,0,1,0,,
Galago senegalensis,1,5,0,0,0,0,0,0,0,0,1,0,0,0,0,1,4,,
Callimico goeldii,1,1,0,0,0,0,0,0,0,0,1,0,0,0,0,1,0,,
Callithrix geo  royi,1,1,0,0,0,0,0,0,0,0,1,0,0,0,0,1,0,,
"Saguinus imperatorsubgrisecens",1,1,0,0,0,0,0,0,0,1,0,0,0,0,0,0,1,,
Saguinus nigricollis,1,0,0,0,0,0,0,0,0,0,0,0,0,0,0,1,0,,
Saguinus oedipus,1,1,0,0,1,1,0,0,0,0,1,1,0,0,0,1,1,,
Cebus olivaceus,5,3,0,0,0,0,0,0,0,2,0,0,0,0,0,3,3,,
Saimiri sciureus,1,5,3,0,0,5,0,0,0,0,0,2,2,0,0,1,6,,
Aotus azarae,3,4,0,0,0,0,0,0,0,0,0,0,0,0,0,3,4,,
Callicebus cupreus,3,1,0,0,0,0,0,0,0,0,0,0,0,0,0,3,1,,
Alouatta caraya,0,1,0,0,0,0,0,0,0,0,0,0,0,1,0,0,0,,
Ateles fusciceps ru  ventris,1,1,0,0,0,0,0,0,0,0,0,0,0,0,0,1,1,,
Cercopithecus hamlyni,1,2,0,0,1,0,0,0,0,0,0,0,0,0,0,1,3,,
Macaca fuscata,8,8,0,0,0,0,0,0,0,0,0,0,0,0,0,8,8,,
Macaca silenus,2,7,0,0,0,0,0,0,0,0,0,0,0,0,0,2,7,,
Macaca sinica,8,5,0,0,0,0,0,0,0,0,0,0,0,0,0,8,5,,
Mandrillus sphinx,2,2,0,0,0,0,0,0,0,0,0,0,0,0,0,2,2,,
Papio hamadryas,17,24,0,1,0,8,0,0,0,0,3,7,0,0,0,18,21,,
Semnopithecus entellus,1,3,0,0,0,0,0,0,0,0,1,0,0,0,0,1,2,,
Trachypithecus auratus,0,2,0,0,0,0,0,0,0,0,0,0,0,2,0,0,0,,
Hylobates pileatus,1,0,0,0,0,0,0,0,0,0,0,0,0,0,0,1,0,,
Symphalangus syndactylus,3,1,0,0,0,0,0,0,0,1,0,0,0,0,0,2,1,,
Gorilla gorilla gorilla,1,4,0,0,0,0,0,0,0,0,0,0,0,0,0,1,4,,
Pan paniscus,3,3,0,0,1,0,0,0,0,0,0,0,0,0,0,3,4,,
Pan troglodytes,1,2,0,0,0,0,0,0,0,0,0,0,0,0,0,1,2,,
Pan troglodytes schweinfurthii,1,0,0,0,0,0,0,0,0,0,0,0,0,0,0,1,0,,
Pan troglodytes verus,0,1,0,0,0,0,0,0,0,0,0,0,0,0,0,0,1,,
Pongo pygmaeus,2,3,0,0,0,0,0,0,0,0,0,0,0,1,0,2,2,,
""
SÄUGETIERE,MAMMALIA,2019,geboren,Zugänge,gestorben,Abgabe,2020,,,,,,,,,,,,
Nagetiere,Rodentia,m,w,u,m,w,u,m,w,u,m,w,u,m,w,u,m,w,u
"",Callosciurus prevostii ra   esii,1,0,0,0,0,0,0,0,0,0,0,0,0,0,0,1,0,
"","Callosciurus prevostiibangkanus",1,0,0,0,0,0,0,0,0,0,0,0,0,0,0,1,0,
"",Marmota marmota,2,2,0,0,0,0,0,0,0,1,0,0,0,0,0,1,2,
"",Castorber,1,1,0,0,0,0,0,0,0,0,0,0,0,0,0,1,1,
"",Phodopus roborovskii,2,2,0,3,4,0,0,0,0,2,3,0,0,0,0,3,3,
"",Mus minutoides,4,8,0,7,6,0,0,0,0,7,6,0,0,0,0,4,8,
"",Gerbillus perpallidus,4,10,0,4,6,0,0,0,0,4,6,0,0,0,0,4,10,
"",(Hypogeomys antimena),0,0,0,0,0,0,0,1,0,0,0,0,0,0,0,0,1,
"",Pedetes capensis,5,1,0,0,1,0,0,0,0,1,0,0,2,0,0,2,2,
"",Cryptomys spec. (anselli),9,2,7,0,0,4,0,0,0,1,0,0,0,0,0,8,3,
"",Atherurus africanus,2,1,0,0,0,0,0,0,0,0,0,0,0,0,0,2,1,
"",Hystrix africaeaustralis,1,2,0,0,0,0,0,0,0,0,0,0,0,0,0,1,2,
"",Cavia aperea f. percellus,0,0,15,0,0,0,0,0,0,0,0,0,0,0,0,0,0,
"",Dolichotis patagonum,5,0,0,0,0,0,0,0,0,2,0,0,0,0,0,3,0,
"",Hydrochaeris hydrochaeris,1,1,0,0,0,3,0,0,0,0,0,3,0,0,0,1,1,
"",Dasyprocta leporina,0,1,0,0,0,0,0,0,0,0,1,0,0,0,0,0,0,
"",Spalacopus cyaneus,2,3,1,0,0,0,0,0,0,0,0,0,0,0,0,2,3,
Hasenartige,Lagomorpha,m,w,u,m,w,u,m,w,u,m,w,u,m,w,u,m,w,u
"","Oryctolagus cuniculus f.domestica",1,2,0,0,3,0,0,0,0,0,0,0,0,0,0,1,5,
Fledertiere,Chiroptera,m,w,u,m,w,u,m,w,u,m,w,u,m,w,u,m,w,u
Desmodus rotundus,1,3,0,0,0,0,0,0,0,1,3,0,0,0,0,0,0,,
Glossophaga soricina,22,19,0,0,5,0,0,0,0,3,3,0,0,0,0,19,21,,
Carollia perspicillata,50,45,0,10,0,0,0,0,0,2,3,0,0,0,0,58,42,,
""
SÄUGETIERE,MAMMALIA,2019,geboren,Zugänge,gestorben,Abgabe,2020,,,,,,,,,,,,
Raubtiere,Carnivora,m,w,u,m,w,u,m,w,u,m,w,u,m,w,u,m,w,u
"",Felis margarita,0,1,0,0,0,0,0,0,0,0,1,0,0,0,0,0,0,
"",Leopardus pardalis,0,1,0,0,0,0,0,0,0,0,0,0,0,0,0,0,1,
"",Prionailurus rubiginosus,0,1,0,0,0,0,0,0,0,0,0,0,0,0,0,0,1,
"",Panthera leo,0,1,0,0,0,0,1,2,0,0,0,0,0,0,0,1,3,
"",Panthera pardus saxicolor,1,0,0,0,0,0,0,0,0,0,0,0,0,0,0,1,0,
"",Panthera tigris altaica,0,0,0,0,0,0,1,1,0,0,1,0,0,0,0,1,0,
"",Galidia elegans,3,3,0,0,0,1,1,0,0,0,0,1,0,0,0,4,3,
"",Mungotictis decemlineata,3,5,0,0,1,2,0,1,0,0,1,1,1,1,0,2,5,
"",Helogale parvula,1,2,0,0,0,0,0,0,0,0,1,0,0,0,0,1,1,
"",Suricata suricatta,1,4,0,7,3,0,0,0,0,1,0,0,0,2,0,7,5,
"",Canis lupus hudsonicus,2,1,0,0,0,0,0,0,0,1,0,0,0,0,0,1,1,
"",Lycaon pictus,5,2,0,0,0,0,0,0,0,0,0,0,0,0,0,5,2,
"",Vulpes zerda,1,0,0,0,0,0,0,1,0,0,0,0,0,0,0,1,1,
"",Ailuropoda melanoleuca,3,1,0,0,0,0,0,0,0,0,0,0,0,0,0,3,1,
"",Melursus ursinus,2,2,0,0,0,0,0,0,0,0,0,0,0,0,0,2,2,
"",Ursus maritimus,0,1,0,0,0,0,0,0,0,0,0,0,0,0,0,0,1,
"",Ursus thibetanus,1,0,0,0,0,0,0,0,0,1,0,0,0,0,0,0,0,
"",Arctocephalus pusillus,0,1,0,0,0,0,0,0,0,0,1,0,0,0,0,0,0,
"",Zalophus californianus,3,7,0,1,0,0,0,0,0,0,0,0,0,1,0,4,6,
"",Phoca vitulina,4,4,0,1,2,0,0,0,0,0,1,0,3,0,0,2,5,
"",Aonyx cinereus,1,1,0,0,0,0,0,0,0,0,0,0,0,0,0,1,1,
"",Eira barbata,1,1,0,0,0,0,0,0,0,0,0,0,0,0,0,1,1,
"",Potosavus,3,2,0,1,0,0,0,0,0,0,0,0,0,0,0,4,2,
"",Nasua narica,1,1,0,0,0,0,0,0,0,0,0,0,0,0,0,1,1,
Unpaarhufer,Perissodactyla,m,w,u,m,w,u,m,w,u,m,w,u,m,w,u,m,w,u
"",Equus asinus f. asinus,1,3,0,0,0,0,0,0,0,0,0,0,0,0,0,1,3,
"",Equus quagga boehmi,1,5,0,0,0,0,0,0,0,0,0,0,0,1,0,1,4,
"",Equus grevyi,0,3,0,0,0,0,0,0,0,0,0,0,0,1,0,0,2,
"",Equus przewalskii,0,1,0,0,0,0,0,0,0,0,0,0,0,0,0,0,1,
"",Equus przewalskii f. caballus,3,1,0,0,0,0,0,0,0,0,0,0,0,0,0,3,1,
"",Tapirus bairdii,1,0,0,0,0,0,0,0,0,0,0,0,1,0,0,0,0,
"",Tapirus terrestris,1,1,0,0,0,0,0,0,0,0,0,0,0,0,0,1,1,
"",Diceros bicornis,0,3,0,0,0,0,0,0,0,0,1,0,0,0,0,0,2,
"",Rhinocerus unicornis,1,1,0,0,0,0,0,0,0,0,0,0,0,0,0,1,1,
Paarhufer,Artiodactyla,m,w,u,m,w,u,m,w,u,m,w,u,m,w,u,m,w,u
Babyrousa babyrussa,1,2,0,0,0,0,0,1,0,0,0,0,0,1,0,1,2,,
Sus b. barbatus,1,0,0,0,0,0,0,0,0,0,0,0,0,0,0,1,0,,
Sus cebifrons medinus,1,1,0,0,0,0,0,0,0,0,0,0,0,0,0,1,1,,
""
SÄUGETIERE,MAMMALIA,2019,geboren,Zugänge,gestorben,Abgabe,2020,,,,,,,,,,,,
Paarhufer,Artiodactyla,m,w,u,m,w,u,m,w,u,m,w,u,m,w,u,m,w,u
Sus scrofa f. domestica,0,1,0,0,0,0,0,0,0,0,0,0,0,0,0,0,1,,
Tayassu pecari,13,16,0,2,4,0,0,0,0,2,0,0,0,0,0,13,20,,
Cheoropsis liberiensis,1,1,0,0,0,0,0,0,0,0,0,0,0,0,0,1,1,,
Hippopotamus amphibius,1,3,0,0,0,0,0,0,0,0,0,0,0,0,0,1,3,,
Lama pacos,3,4,0,4,0,0,0,0,0,2,1,0,2,0,0,3,3,,
Vicugna vicugna,1,2,0,0,0,0,0,0,0,0,0,0,0,0,0,1,2,,
Tragulus javanicus,2,2,0,0,0,2,0,0,0,1,1,2,0,0,0,1,1,,
Odocoileus virginianus,0,2,0,0,0,0,1,3,0,0,0,0,0,0,0,1,5,,
Pudu pudu,0,2,0,0,1,0,0,0,0,0,2,0,0,0,0,0,1,,
Rangifer tarandus fennicus,1,5,0,2,0,0,0,0,0,2,1,0,0,0,0,1,4,,
Cervus nippon nippon,0,2,0,0,0,0,0,0,0,0,0,0,0,0,0,0,2,,
Dama dama mesopotamica,2,0,0,0,0,0,0,0,0,0,0,0,0,0,0,2,0,,
Muntiacus reevesi,1,0,0,0,0,0,0,0,0,0,0,0,1,0,0,0,0,,
Rucervus duvauceli,0,3,0,0,0,0,0,0,0,0,0,0,0,3,0,0,0,,
Cervus alfredi,1,2,0,1,0,0,0,0,0,0,0,0,0,1,0,2,1,,
Hydropotes inermis,1,3,0,0,0,0,0,0,0,0,0,0,0,0,0,1,3,,
"Gira  a camelopardalisreticulata",1,0,0,0,0,0,0,0,0,0,0,0,0,0,0,1,0,,
"Gira  a camelopardalisrothschildi",1,0,0,0,0,0,0,0,0,0,0,0,0,0,0,1,0,,
Okapi johnstoni,1,1,0,0,0,0,0,0,0,0,0,0,0,0,0,1,1,,
Damaliscus pygargus,1,2,0,0,0,0,0,0,0,0,0,0,0,0,0,1,2,,
Antidorcas marsupialis,1,0,0,0,0,0,2,0,0,0,0,0,0,0,0,3,0,,
Antilope cervicapra,1,7,0,0,0,0,1,0,0,0,1,0,0,0,0,2,6,,
Litocranius walleri,1,0,0,0,0,0,0,0,0,0,0,0,0,0,0,1,0,,
Madoqua kirkii,1,4,0,1,2,,0,0,0,1,1,0,0,1,0,1,4,,
Bison bison,0,3,0,0,0,0,1,0,0,0,0,0,0,0,0,1,3,,
Bison bonasus,2,1,0,0,0,0,0,0,0,0,0,0,1,0,0,1,1,,
Bos javanicus javanicus,3,5,0,0,0,0,0,0,0,0,1,0,0,0,0,3,4,,
Bos taurus,1,2,0,1,0,0,0,0,0,0,0,0,0,0,0,2,2,,
Bos taurus taurus watusi,1,3,0,0,0,0,0,0,0,0,0,0,0,0,0,1,3,,
Bos gaurus gaurus,0,4,0,0,0,0,0,0,0,0,0,0,0,0,0,0,4,,
Bubalus bubalis,2,4,0,0,0,0,0,0,0,0,1,0,1,0,0,1,3,,
"Bubalus (Anoa)depressicornis",1,2,0,0,0,0,0,0,0,0,0,0,0,1,0,1,1,,
Syncerus ca  er nanus,0,3,0,0,0,0,1,0,0,0,0,0,0,0,0,1,3,,
Tragelaphus oryx,2,3,0,0,0,0,0,0,0,0,0,0,1,0,0,1,3,,
Tragelaphus angasii,0,3,0,0,0,0,0,0,0,0,0,0,0,0,0,0,3,,
Tragelaphus euryceros,1,3,0,0,0,0,0,0,0,0,0,0,0,0,0,1,3,,
""
SÄUGETIERE,MAMMALIA,2019,geboren,Zugänge,gestorben,Abgabe,2020,,,,,,,,,,,,
Paarhufer,Artiodactyla,m,w,u,m,w,u,m,w,u,m,w,u,m,w,u,m,w,u
Tragelaphus spekii gratus,1,3,0,1,1,0,0,0,0,0,3,0,0,0,0,2,1,,
Tragelaphus strepsiceros,3,3,0,0,3,0,0,0,0,0,1,0,1,0,0,2,5,,
Budorcas taxicolor tibetana,2,1,0,0,0,0,1,0,0,1,1,0,0,0,0,2,0,,
Capra aegragrus f. hircus,5,8,0,9,3,0,0,0,0,11,1,0,2,2,0,1,8,,
Capra aegragrus f. hircus,1,0,0,0,0,0,0,0,0,0,0,0,0,0,0,1,0,,
Capra ibex sibirica,9,9,0,2,4,0,0,0,0,8,1,0,0,0,0,3,12,,
Hemitragus jemlahicus,2,1,0,0,1,0,0,0,0,0,0,0,0,0,0,2,2,,
Ovis ammon f. aries,2,3,0,0,3,0,0,0,0,1,3,0,0,0,0,1,3,,
Ovis ammon f. aries,1,5,0,4,4,0,1,0,0,5,3,0,0,0,0,1,6,,
Cephalophus natalensis,2,2,0,1,0,0,0,1,0,1,0,0,0,0,0,2,3,,
Hippotragus niger niger,0,3,0,0,0,0,0,0,0,0,0,0,0,0,0,0,3,,
Oryx  dammah,0,2,0,0,0,0,1,1,0,0,0,0,0,0,0,1,3,,
Oryx gazella gazella,1,4,0,0,0,0,0,0,0,0,1,0,0,0,0,1,3,,
Kobus ellipsiprymnus defassa,1,2,0,0,2,0,0,0,0,0,2,0,0,0,0,1,2,,
Kobus leche kafuensis,2,9,0,0,0,0,0,0,0,0,1,0,0,0,0,2,8,,
VÖGEL,AVES,2019,geboren,Zugänge,gestorben,Abgabe,2020,,,,,,,,,,,,
Straußenvögel,Struthioniformes,m,w,u,m,w,u,m,w,u,m,w,u,m,w,u,m,w,u
"",Struthio camelus australis,1,3,0,0,0,0,0,0,0,0,1,0,0,0,0,1,2,
"",Rhea americana,0,1,0,0,0,0,0,0,0,0,0,0,0,1,0,0,0,
"","Pterocnemia pennatapennata",0,0,0,0,0,0,1,1,0,0,0,0,0,0,0,1,1,
"",Casuarius casuarius,1,1,0,0,0,0,0,0,0,0,0,0,0,0,0,1,1,
"",Dromaius novaehollandiae,1,1,0,0,0,0,0,0,0,0,0,0,0,0,0,1,1,
"",Apteryx australis mantelli,4,4,0,0,0,0,0,0,0,0,0,0,0,1,0,4,3,
Hühnervögel,Galliformes,m,w,u,m,w,u,m,w,u,m,w,u,m,w,u,m,w,u
Alectura lathami lathami,1,1,0,0,0,0,0,0,0,0,0,0,1,1,0,0,0,,
Pipile cumanensis,1,1,0,1,1,0,0,0,0,1,0,0,0,1,0,1,1,,
Crax rubra,1,1,0,0,0,0,0,0,0,0,0,0,0,1,0,1,0,,
Tetrao urogallus,0,0,0,0,0,0,1,2,0,0,0,0,0,1,0,1,1,,
Numida meleagris f. dom.,1,1,6,0,0,10,0,0,0,0,0,14,0,0,0,1,1,,
Arborophila gingica,1,1,0,1,1,0,0,0,0,0,0,0,0,1,0,2,1,,
Coturnix delegorgnei,6,2,0,0,0,0,0,0,0,2,1,0,1,0,0,3,1,,
Coturnix chinensis,2,4,0,0,0,0,0,0,0,0,0,0,0,2,0,2,2,,
Rollulus roulroul,8,2,0,0,0,0,0,2,0,3,0,0,1,2,0,4,2,,
""
VÖGEL,AVES,2019,geboren,Zugänge,gestorben,Abgabe,2020,,,,,,,,,,,,
Hühnervögel,Galliformes,m,w,u,m,w,u,m,w,u,m,w,u,m,w,u,m,w,u
"",Gallus gallus,3,6,0,2,8,0,0,0,0,1,3,0,1,2,0,3,9,
"",Gallus gallus f. domestica,3,10,0,0,5,0,0,0,0,0,0,0,0,5,0,3,10,
"",Gallus gallus f. domestica,3,10,0,1,4,0,0,0,0,2,6,0,0,0,0,2,7,
"",Gallus gallus f. domestica,3,10,0,0,9,0,0,0,0,0,0,0,0,9,0,3,10,
"",Gallus gallus f. domestica,3,7,0,0,2,0,0,0,0,0,2,0,0,0,0,3,7,
"",Gallus gallus f. domestica,3,13,0,0,7,0,0,0,0,0,1,0,0,9,0,3,10,
"",Gallus gallus f. domestica,3,10,0,0,5,0,0,0,0,1,3,0,0,2,0,2,10,
"",Gallus sonneratii,1,2,0,0,0,0,0,0,0,0,0,0,0,0,0,1,2,
"",Alectoris graeca saxatillis,0,0,0,0,0,0,1,1,0,0,0,0,0,0,0,1,1,
"",Lophura edwardsi,2,1,0,0,1,3,0,0,0,0,1,3,1,1,0,1,0,
"",Lophura ignita,1,0,0,0,0,0,0,0,0,1,0,0,0,0,0,0,0,
"",Catreus wallichi,0,0,0,0,0,0,1,1,0,0,0,0,0,0,0,1,1,
"",Syrmaticus ellioti,1,1,0,0,0,0,0,0,0,0,1,0,0,0,0,1,0,
"",Chrysolophus amerstiae,1,1,0,0,0,0,0,0,0,0,1,0,0,0,0,1,0,
"",Tragopan caboti,1,1,0,0,0,0,0,0,0,1,0,0,0,0,0,0,1,
"",Polyplectron germaini,1,1,0,0,0,0,0,0,0,0,0,0,0,0,0,1,1,
"",Polyplectron bicalcaratum,1,0,0,0,0,0,0,0,0,0,0,0,0,0,0,1,0,
"",Polyplectron napoleonis,3,2,0,0,0,3,0,0,0,0,0,1,2,0,0,1,2,
"",Argusianus argus,1,2,0,0,0,0,0,0,0,0,1,0,0,0,0,1,1,
"",Pternistis leucoscepus,1,1,0,0,0,0,0,0,0,0,0,0,0,0,0,1,1,
Gänsevögel,Anseriformes,m,w,u,m,w,u,m,w,u,m,w,u,m,w,u,m,w,u
Chauna torquata,1,1,0,0,0,0,0,0,0,0,0,0,0,0,0,1,1,,
Dendrocygna bicolor,12,5,0,0,0,0,0,0,0,1,0,0,1,1,0,10,4,,
Dendrocygna viduata,24,26,1,0,0,30,0,0,0,4,3,4,0,0,,32,37,,
Anser caerulescens,1,0,0,0,0,0,0,0,0,0,0,0,1,0,0,0,0,,
Anser cygnoid,4,4,0,0,0,0,0,0,0,1,0,0,0,0,0,3,4,,
Anser orthropus,0,0,0,0,0,0,3,6,0,0,0,0,0,0,0,3,6,,
Anser indicus,1,0,0,0,0,0,0,0,0,0,0,0,0,0,0,1,0,,
Branta leucopsis,0,1,0,0,0,0,0,0,0,0,0,0,0,0,0,0,1,,
Branta ru  collis,3,5,0,4,1,0,0,0,0,2,0,0,0,0,0,5,6,,
Branta sandvicensis,2,3,0,0,0,0,0,0,0,0,0,0,0,0,0,2,3,,
Cyanochen cyanoptera,2,0,0,0,0,0,0,1,0,0,0,0,0,0,0,2,1,,
Coscoroba coscoroba,1,1,0,0,0,0,0,0,0,0,0,0,0,0,0,2,0,,
Cygnus cygnus,1,1,0,0,0,0,0,0,0,0,0,0,0,0,0,1,1,,
Aix sponsa,3,0,0,0,0,0,0,0,0,1,0,0,0,0,0,2,0,,
Alopochen aegyptiacus,0,1,0,0,0,0,0,0,0,0,0,0,0,0,0,0,1,,
""
VÖGEL,AVES,2019,geboren,Zugänge,gestorben,Abgabe,2020,,,,,,,,,,,,
Gänsevögel,Anseriformes,m,w,u,m,w,u,m,w,u,m,w,u,m,w,u,m,w,u
Anas acuta,7,2,0,2,4,0,0,0,0,0,0,0,0,1,0,9,5,,
Anas bahamensis,8,4,0,0,0,0,0,0,0,0,2,0,9,1,0,0,0,,
Anas bernieri,1,1,0,0,0,0,0,0,0,0,0,0,0,0,0,1,1,,
Anas crecca,1,1,0,0,0,0,0,0,0,0,1,0,0,0,0,1,0,,
Anasavirostris oxyptera,2,0,0,0,0,0,0,0,0,1,0,0,1,0,0,0,0,,
Anas luzonica,4,4,0,0,0,0,0,0,0,2,1,0,0,0,0,2,3,,
"Anas platyrhynchus f.domestica",4,5,0,0,0,0,0,0,0,0,0,0,0,0,0,4,5,,
Anas undulata,1,0,0,0,0,0,0,0,0,0,0,0,0,0,0,1,0,,
Aythya ferina,17,17,0,0,0,0,0,0,0,0,0,0,0,0,0,17,17,,
Aythya fuligula,18,20,0,0,0,0,0,0,0,3,8,0,0,0,0,15,12,,
Aythya marila,2,4,2,0,0,1,0,0,0,1,0,1,2,3,0,1,1,,
Aythya nyroca,32,5,0,1,2,1,0,0,0,0,1,1,0,0,0,33,6,,
Bucephala clangula,1,2,0,0,0,0,0,0,0,0,0,0,0,0,0,0,3,,
Mergellus albellus,1,1,0,0,0,0,0,0,0,0,0,0,0,0,0,1,1,,
Mergus cucullatus,2,2,0,0,0,0,0,0,0,0,1,0,0,0,0,2,1,,
Mergus merganser,2,0,0,0,0,0,0,0,0,0,0,0,0,0,0,2,0,,
Marmaronetta argustirostris,1,1,0,0,0,0,0,0,0,0,0,0,0,0,0,1,1,,
Netta peposaca,4,4,0,0,0,0,0,0,0,0,0,0,0,0,0,4,4,,
Netta ru  na,3,5,0,1,1,0,0,0,0,2,0,0,0,0,0,2,6,,
Oxyura j. jamaicensis,3,4,0,0,0,0,0,0,0,0,0,0,0,0,0,3,4,,
Oxyra leucocephala,1,3,0,0,0,0,0,0,0,0,0,0,0,0,0,1,3,,
Sibirionetta formosa,1,1,0,0,0,0,0,0,0,0,1,0,0,0,0,1,0,,
Somateria molissima,2,1,0,0,2,0,0,0,0,0,1,0,0,0,0,2,2,,
Tachyeres pteneres,1,0,0,0,0,0,0,0,0,1,0,0,0,0,0,0,0,,
Tadorna ferruginea,2,2,0,2,2,0,0,0,0,0,0,0,2,2,0,2,2,,
Tadorna tadorna,0,1,0,0,0,0,0,0,0,0,0,0,0,0,0,0,1,,
Mareca falcata,1,0,0,0,0,0,0,0,0,1,0,0,0,0,0,0,0,,
Mareca penelope,0,3,0,0,0,0,0,0,0,0,0,0,0,0,0,0,3,,
Mareca sibilatrix,10,5,0,0,0,0,0,0,0,0,0,0,0,0,0,10,5,,
Spatula clypeata,5,5,0,0,1,0,0,0,0,0,0,0,0,1,0,5,5,,
Spatula cyanoptera,1,1,0,0,0,0,0,0,0,0,0,0,0,0,0,1,1,,
Spatula hottentota,1,2,1,0,0,6,0,0,0,0,1,3,0,0,0,1,1,,
Spatula platalea,2,4,0,0,0,0,0,0,0,0,0,0,0,0,0,2,4,,
Spatula querquedula,0,2,0,0,0,0,0,0,0,0,0,0,0,0,0,0,2,,
Speculanas specularis,0,1,0,0,0,0,0,0,0,0,0,0,0,0,0,0,1,,
Asarcornis scutulata,2,1,0,0,0,0,0,0,0,0,0,0,1,0,0,1,1,,
""
VÖGEL,AVES,2019,geboren,Zugänge,gestorben,Abgabe,2020,,,,,,,,,,,,
Pinguine,Sphenisciformes,m,w,u,m,w,u,m,w,u,m,w,u,m,w,u,m,w,u
"",Aptenodytes patagonica,5,1,0,0,0,0,0,0,0,1,0,0,0,0,0,4,1,
"",Eudyptes chrysocome,2,4,0,0,0,0,0,0,0,0,1,0,0,0,0,2,3,
"",Spheniscus demersus,10,10,1,1,2,1,0,0,0,3,6,0,0,0,0,9,7,
"",Spheniscus humboldti,8,7,0,1,0,0,0,0,0,1,0,0,0,0,0,8,7,
Flamingos,Phoenicopteriformes,m,w,u,m,w,u,m,w,u,m,w,u,m,w,u,m,w,u
"",Phoeniconaias minor,19,10,0,0,0,0,0,0,0,1,1,0,0,0,0,18,9,
"",Phoenicoparrus andinus,7,6,0,0,0,0,0,0,0,0,1,0,0,0,0,7,5,
"",Phoenicoparrus jamesi,2,5,0,0,0,0,0,0,0,1,0,0,0,0,0,1,5,
"",Phoenicopterus chilensis,11,13,0,0,0,0,0,0,0,0,1,0,0,0,0,11,12,
"",Phoenicopterus ruber roseus,16,9,0,0,0,0,0,0,0,0,1,0,0,0,0,16,8,
Schreitvögel,Ciconiiformes,m,w,u,m,w,u,m,w,u,m,w,u,m,w,u,m,w,u
"",Scopus umbretta,1,1,0,0,0,0,0,0,0,0,0,0,0,0,0,1,1,
"",Ciconia nigra,0,1,0,0,0,0,1,0,0,1,0,0,0,0,0,0,1,
"",Ciconia abdimii,5,9,0,1,2,0,0,0,0,0,0,0,1,2,0,5,9,
"",Ciconia ciconia,1,1,0,0,0,0,0,0,0,0,0,0,0,0,0,1,1,
"",Leptoptilos crumenifer,1,1,0,0,0,0,0,0,0,0,0,0,0,0,0,1,1,
"",Theristicus caudatus,0,1,0,0,0,0,0,0,0,0,0,0,0,0,0,0,1,
"",Geronticus eremita,11,9,0,2,1,0,0,0,0,0,1,0,2,1,0,11,8,
"",Lophotibis cristata,2,1,1,0,0,0,0,0,0,1,1,0,0,0,0,1,0,
"",Platalea leucorodia,2,0,0,0,0,0,5,5,0,3,1,0,0,0,0,4,4,
"",Bubulcus ibis,6,1,0,0,0,0,0,0,0,0,0,0,0,0,0,6,1,
"",Ardeola grayii,1,0,0,0,0,0,0,0,0,0,0,0,0,0,0,1,0,
"",Ardeola speciosa,2,1,0,0,0,0,0,0,0,1,0,0,0,0,0,1,1,
"",Ixobrychus minutus,1,1,0,0,0,1,0,0,0,0,0,0,0,0,0,1,1,
Ruderfüßer,Pelicaniformes,m,w,u,m,w,u,m,w,u,m,w,u,m,w,u,m,w,u
"",Pelecanus conspicillatus,2,4,0,0,0,0,0,0,0,0,0,0,0,0,0,2,4,
"",Pelecanus crispus,8,7,0,1,1,0,0,0,0,0,0,0,5,0,0,4,8,
"",Pelecanus erythrorhynchos,2,2,0,0,0,0,0,0,0,0,0,0,0,0,0,2,2,
"",Pelecanus rufescens,4,3,0,0,0,0,0,0,0,0,0,0,0,0,0,4,3,
Greifvögel,Falconiformes,m,w,u,m,w,u,m,w,u,m,w,u,m,w,u,m,w,u
Caracara plancus,1,1,0,0,0,0,0,0,0,0,0,0,0,0,0,1,1,,
Aquila chrysaetos,1,2,0,0,0,0,0,0,0,0,0,0,0,0,0,1,2,,
Gypaetus barbatus,1,1,0,1,0,1,0,0,0,0,0,1,0,0,0,2,1,,
Gypohierax angolensis,1,2,0,0,0,0,0,0,0,0,0,0,0,0,0,1,2,,
Gyps fulvus,3,1,0,0,0,0,0,2,0,0,0,0,0,0,0,3,3,,
Haliaetus leucocephalus,1,1,0,0,0,0,0,0,0,0,0,0,1,1,0,0,0,,
Haliaetus vocifer,0,1,0,0,0,0,0,0,0,0,0,0,0,0,0,0,1,,
Necrosyrtes monachus,3,2,0,0,0,0,0,0,0,0,0,0,0,0,0,3,2,,
Neophron percnopterus,1,1,0,0,0,0,0,0,0,0,0,0,0,0,0,1,1,,
""
VÖGEL,AVES,2019,geboren,Zugänge,gestorben,Abgabe,2020,,,,,,,,,,,,
Greifvögel,Falconiformes,m,w,u,m,w,u,m,w,u,m,w,u,m,w,u,m,w,u
"",Parabuteo unicinctus,0,1,0,0,0,0,0,0,0,0,0,0,0,0,0,0,1,
"",Terathopius ecaudatus,1,1,0,0,0,0,0,0,0,0,0,0,0,0,0,1,1,
"",Trigonoceps occipitalis,1,1,0,0,0,0,0,0,0,0,0,0,0,0,0,1,1,
"",Sarcoramphus papa,1,1,0,0,0,0,0,0,0,0,0,0,0,0,0,1,1,
"",Vultur gryphus,1,1,0,0,0,0,0,0,0,0,0,0,0,0,0,1,1,
Kranichvögel,Gruiformes,m,w,u,m,w,u,m,w,u,m,w,u,m,w,u,m,w,u
"",Eupodotis senegalensis,1,0,0,0,0,0,0,0,0,1,0,0,0,0,0,0,0,
"",Rhynochetus jubatus,1,1,0,0,0,0,0,0,0,0,0,0,0,0,0,1,1,
"",Cariama cristata,2,2,0,0,2,0,0,0,0,0,0,0,1,1,0,1,3,
"",Eurypyga helias,1,1,0,0,0,0,0,0,0,0,0,0,1,0,0,0,1,
"",Crex crex,1,0,0,0,0,0,0,0,0,1,0,0,0,0,0,0,0,
"","Balearica regulorumregulorum",1,1,0,0,0,0,0,0,0,0,0,0,0,0,0,1,1,
"",Grus japonensis,1,1,0,0,0,0,0,0,0,0,0,0,0,0,0,1,1,
"",Grus leucogeranus,1,0,0,0,0,0,0,0,0,0,0,0,0,0,0,1,0,
Wat- und Möwenvögel,Charadriformes,m,w,u,m,w,u,m,w,u,m,w,u,m,w,u,m,w,u
"",Burhinus capensis,1,1,0,0,0,0,0,0,0,0,0,0,0,0,0,1,1,
"",Haematonus ostralegus,3,0,0,0,0,0,0,0,0,1,0,0,0,0,0,2,0,
"",Himantopus mexicanus,1,1,0,0,0,1,0,0,0,0,0,0,0,0,0,1,1,
"",Recurvirostra avosetta,1,0,32,0,0,0,0,0,0,0,0,2,0,0,0,1,0,
"",Charadrius hiaticula,1,1,0,0,0,0,0,0,0,0,0,0,0,0,0,1,1,
"",Vanellus senegallus,1,0,0,0,0,0,0,0,0,1,0,0,0,0,0,0,0,
"",Vanellus tectus,1,1,0,0,0,0,0,0,0,0,0,0,0,0,0,1,1,
"",Numenius arquata,0,1,0,0,0,0,0,0,0,0,0,0,0,0,0,0,1,
"",Tringa totanus,0,0,1,0,0,0,0,0,0,0,0,0,0,0,0,0,0,
"",Arenaria interpres,1,0,0,0,0,0,0,0,0,0,0,0,0,0,0,1,0,
"",Philomachus pugnax,0,0,2,0,0,0,0,0,0,0,0,0,0,0,0,0,0,
"",Larosterna inca,2,5,1,3,1,0,0,0,0,0,0,0,0,0,0,5,6,
Flughühner,Pteroclidiformes,m,w,u,m,w,u,m,w,u,m,w,u,m,w,u,m,w,u
"",Pterocles orientales,2,0,0,0,0,0,0,0,0,0,0,0,0,0,0,2,0,
Taubenvögel,Columbiformes,m,w,u,m,w,u,m,w,u,m,w,u,m,w,u,m,w,u
Caloenas nicobarica,1,1,0,0,1,0,0,0,0,0,0,0,0,0,0,1,2,,
Zenaida graysoni,1,0,0,0,0,0,0,0,0,0,0,0,0,0,0,1,0,,
Nesoenas picturata,1,0,0,0,0,0,0,0,0,0,0,0,0,0,0,1,0,,
Spilopelia senegalensis,0,0,2,0,0,0,0,0,0,0,0,1,0,0,0,0,0,,
Streptopelia turtur,1,1,0,1,3,0,0,0,0,0,0,0,0,0,0,2,4,,
Columbia livia,0,0,14,2,2,7,0,0,0,0,0,6,2,2,0,0,0,,
Columbia livia f. domestica,0,0,16,0,0,3,0,0,0,0,0,3,0,0,0,0,0,,
""
VÖGEL,AVES,2019,geboren,Zugänge,gestorben,Abgabe,2020,,,,,,,,,,,,
Taubenvögel,Columbiformes,m,w,u,m,w,u,m,w,u,m,w,u,m,w,u,m,w,u
"",Columbia livia f. domestica,2,2,11,0,0,3,0,0,0,0,0,3,0,0,0,2,2,
"",Columbia livia f. domestica,0,0,5,0,0,4,0,0,0,0,0,0,0,0,0,0,0,
"",Columbia livia f. domestica,0,0,6,0,0,3,0,0,0,0,0,1,0,0,0,0,0,
"",Columbia livia f. domestica,3,3,8,1,1,4,0,0,0,0,0,4,1,1,0,3,3,
"",Columbia livia f. domestica,0,0,6,0,0,0,0,0,0,0,0,0,0,0,0,0,0,
"",Gallicolumba criniger,3,2,1,0,0,0,0,0,0,0,0,0,0,1,0,4,1,
"",Gallicolumba luzonica,3,4,2,0,0,0,0,0,0,0,0,0,0,0,0,3,4,
"",Gallicolumba ru  gula,1,0,0,0,0,0,0,0,0,0,0,0,0,0,0,1,0,
"",Gallicolumba tristigmata,0,1,0,0,0,0,0,0,0,0,0,0,0,0,0,0,1,
"",Leptotila jamaicensis,1,1,0,0,0,0,0,0,0,1,1,0,0,0,0,0,0,
"",Leucosarcia melanoleuca,1,1,0,0,0,0,0,0,0,0,0,0,0,0,0,1,1,
"",Ocyphaps lophotes,2,0,0,0,0,0,0,0,0,0,0,0,0,0,0,2,0,
"",Oena capensis,2,0,0,0,0,0,0,0,0,0,0,0,0,0,0,2,0,
"",Otidiphaps nobilis,1,0,0,0,0,0,0,0,0,0,0,0,0,0,0,1,0,
"",Otidiphaps aruensis,1,1,0,0,0,0,0,0,0,0,0,0,0,0,0,1,1,
"",Ptilinopus aurantiifrons,3,1,1,1,0,1,0,0,0,1,0,0,0,0,0,3,2,
"",Ptilinopus coronulatus,0,1,0,0,0,0,0,0,0,0,0,0,0,0,0,0,1,
"",Ptilinopus greyii,3,3,4,1,0,0,0,0,0,0,0,0,2,2,0,5,2,
"",Ptilinopus iozonus,1,2,0,0,0,0,0,0,0,0,0,0,0,0,0,1,2,
"",Ptilinopus melanospilus,2,1,0,0,0,0,0,1,0,0,0,0,0,0,0,2,2,
Papageien,Psittaciformes,m,w,u,m,w,u,m,w,u,m,w,u,m,w,u,m,w,u
Loiusus domicella,1,1,0,0,0,0,0,0,0,0,0,0,0,0,0,1,1,,
Lathamus discolor,0,0,0,0,0,0,1,1,0,1,0,0,0,0,0,0,1,,
Nestor notabilis,1,1,0,0,0,0,1,1,0,0,0,0,0,0,0,2,2,,
Aratinga solstitialis,0,0,0,0,0,0,1,1,0,0,0,0,0,0,0,1,1,,
Cyanoramphus auricens,1,1,0,0,0,0,0,0,0,0,0,0,0,0,0,1,1,,
Psephotos chrysopteryglus,1,1,0,0,0,0,0,0,0,0,0,0,0,0,0,1,1,,
Neophema pulchella,1,1,0,0,0,0,0,0,0,0,0,0,0,0,0,1,1,,
Melopsittacus undulatus,21,8,0,8,0,7,0,0,0,4,5,0,1,0,0,24,3,,
Andorhynchus hyacinthinus,1,0,0,0,0,0,0,1,0,0,0,0,0,0,0,1,1,,
Primolius maracana,1,2,0,0,1,0,0,0,0,0,0,0,0,0,0,1,3,,
Ara militaris mexicana,1,3,0,0,0,1,0,0,0,0,0,0,0,2,0,1,1,,
Amazone lilacina,1,1,0,0,0,0,0,0,0,0,0,0,0,0,0,1,1,,
Amazona leucocephala,1,1,0,0,0,0,0,0,0,0,0,0,0,0,0,1,1,,
Probosciger aterrimus,1,0,0,0,0,0,0,0,0,0,0,0,1,0,0,0,0,,
Calytorhynchus banksii,3,1,0,0,0,0,0,0,0,0,0,0,0,0,0,3,1,,
Cacatua alba,2,0,0,0,0,0,0,0,0,0,0,0,0,0,0,2,0,,
""
VÖGEL,AVES,2019,geboren,Zugänge,gestorben,Abgabe,2020,,,,,,,,,,,,
Papageien,Psittaciformes,m,w,u,m,w,u,m,w,u,m,w,u,m,w,u,m,w,u
"",Cacatua go   ni,1,1,0,0,0,0,0,0,0,0,0,0,0,0,0,1,1,
"",Cacatua leadbeateri,2,1,0,0,0,0,0,0,0,0,0,0,1,1,0,1,0,
"","Cacatua sulphureacitrinocristata",0,1,0,0,0,0,0,0,0,0,0,0,0,0,0,0,1,
Kuckucksvögel,Cuculiformes,m,w,u,m,w,u,m,w,u,m,w,u,m,w,u,m,w,u
"",Tauraco erythrolophus,1,1,0,0,0,0,0,1,0,0,1,0,0,0,0,1,1,
"",Tauraco leucotis,0,1,0,0,0,0,0,0,0,0,1,0,0,0,0,0,0,
"",Musophaga violacea,1,1,0,0,0,0,0,0,0,1,0,0,0,0,0,0,1,
"",Corythalxoides personatus,2,0,0,0,0,0,0,0,0,1,0,0,1,0,0,0,0,
"",Criniferoides leucogaster,1,0,0,0,0,0,0,0,0,0,0,0,0,0,0,1,0,
"",Scythrops novaehollandiae,1,0,0,0,0,0,0,0,0,0,0,0,0,0,0,1,0,
"",Guira guira,1,8,1,0,0,0,0,0,0,0,2,1,0,0,0,1,6,
"",Geococcyx californianus,0,1,0,0,0,0,0,0,0,0,1,0,0,0,0,0,0,
Eulen,Strigiformes,m,w,u,m,w,u,m,w,u,m,w,u,m,w,u,m,w,u
"",Bubo bubo bubo,0,2,0,0,0,0,0,0,0,0,0,0,0,0,0,0,2,
"",Bubo scandiacus,5,0,0,0,0,0,1,0,0,0,0,0,0,0,0,6,0,
"",Surnia ulula,1,0,0,0,0,0,1,1,0,2,0,0,0,0,0,0,1,
"",Otus scops,1,0,0,0,0,0,0,0,0,0,0,0,0,0,0,1,0,
"",Pulsatrix perspicillata,1,2,0,0,0,0,1,0,0,0,0,0,0,0,0,2,2,
"",Strix nebulosa,0,1,0,0,0,0,0,0,0,0,0,0,0,0,0,0,1,
Schwalmvögel,Caprimulgiformes,m,w,u,m,w,u,m,w,u,m,w,u,m,w,u,m,w,u
"",Podargus strigoides,1,1,0,0,0,1,1,1,0,0,0,1,0,0,0,2,2,
Mausvögel,Coliiformes,m,w,u,m,w,u,m,w,u,m,w,u,m,w,u,m,w,u
"",Urocolius macrourus,1,0,0,0,0,0,0,0,0,0,0,0,0,0,0,1,0,
Rackenvögel,Coraciiformes,m,w,u,m,w,u,m,w,u,m,w,u,m,w,u,m,w,u
Coracias naevia,1,1,0,0,0,0,0,0,0,0,0,0,1,1,0,0,0,,
Coracias cyanogaster,1,1,0,0,0,0,1,0,0,0,0,0,0,0,0,2,1,,
Momotus momota,1,1,0,0,0,0,0,0,0,0,0,0,0,0,0,1,1,,
Dacelo leachii,2,1,0,0,0,0,0,0,0,0,0,0,1,0,0,1,1,,
Dacelo novaeguineae,1,1,0,0,0,0,0,0,0,0,0,0,0,1,0,1,0,,
Halcyon albiventris,1,0,0,0,0,0,0,0,0,0,0,0,0,0,0,1,0,,
Merops apiaster,2,6,0,0,0,0,0,0,0,0,0,0,0,0,0,2,6,,
Merops bullockoides,1,3,0,0,0,0,0,0,0,0,1,0,0,0,0,1,2,,
Upupa epops,1,1,0,0,0,0,0,1,0,1,1,0,0,0,0,0,1,,
Bycanistes brevis,1,1,0,0,0,0,0,0,0,0,0,0,0,0,0,1,1,,
Bucorvus abyssinicus,1,0,0,0,0,0,0,0,0,0,0,0,0,0,0,1,0,,
Bucorvus leadbeateri,1,1,0,0,0,0,0,0,0,0,0,0,0,0,0,1,1,,
Penelopides panini panini,1,1,0,0,0,0,0,0,0,0,0,0,0,0,0,1,1,,
""
VÖGEL,AVES,2019,geboren,Zugänge,gestorben,Abgabe,2020,,,,,,,,,,,,
Spechtvögel,Piciformes,m,w,u,m,w,u,m,w,u,m,w,u,m,w,u,m,w,u
"","Trachyphonuserythrocephalus",1,1,0,0,0,0,0,0,0,0,0,0,0,0,0,1,1,
"",Pteroglossus aracari,1,1,0,0,0,0,0,0,0,0,0,0,0,0,0,1,1,
Sperlingsvögel,Passeriformes,m,w,u,m,w,u,m,w,u,m,w,u,m,w,u,m,w,u
Pipra erythrocephala,1,2,0,0,0,0,0,0,0,0,0,0,0,0,0,1,2,,
Cotinga cayana,2,2,0,0,0,0,0,0,0,0,0,0,0,0,0,2,2,,
Ailuroedos buccoides,1,1,0,0,0,0,0,0,0,0,0,0,0,0,0,1,1,,
Entomyzon cyanotis,1,1,0,0,0,0,0,1,0,0,0,0,0,0,0,1,2,,
Gymnorhina tibicen,1,1,0,0,0,0,0,0,0,0,1,0,0,0,0,1,0,,
Urocissa erythroryncha,1,1,0,0,0,0,0,0,0,0,0,0,0,0,0,1,1,,
Laniarius barbarus,1,1,0,0,0,0,0,0,0,0,0,0,0,0,0,1,1,,
Lanius cabanisi,1,1,0,0,0,0,0,0,0,1,0,0,0,0,0,0,1,,
Corvus albicollis,1,1,0,0,0,0,0,0,0,0,0,0,0,0,0,1,1,,
Phonygammus keraudrenii,1,0,0,0,0,0,0,0,0,0,0,0,0,0,0,1,0,,
Pycnonotus jocosus,2,2,2,0,0,0,0,0,0,0,0,0,1,1,2,1,1,,
Pycnonotus barbatus,1,0,0,0,0,0,0,0,0,0,0,0,0,0,0,1,0,,
Zosterops kikuyuensis,0,0,2,0,0,0,0,0,0,0,0,0,0,0,0,0,0,,
Zosterops senegalensis,2,2,0,0,0,0,0,0,0,0,0,0,0,0,0,2,2,,
Chloropsis hardwickii,0,1,0,0,0,0,0,0,0,0,0,0,0,0,0,0,1,,
Irena puella,0,1,0,0,0,0,0,0,0,0,0,0,0,0,0,0,1,,
Garrulax bicolor,1,1,0,0,0,0,0,0,0,0,0,0,0,0,0,1,1,,
Garrulax courtoisi,1,1,0,0,0,0,0,0,0,0,0,0,0,0,0,1,1,,
Acridotheres melanopterus,0,1,0,0,0,0,0,0,0,0,0,0,0,0,0,0,1,,
Aplonis panayensis,2,6,10,0,0,0,0,0,0,1,2,2,0,0,0,1,4,,
Cinnyricinclus leucogaster,2,2,0,0,0,3,0,0,0,0,0,0,0,0,0,2,2,,
Cosmopsarus regius,3,2,0,0,0,0,0,0,0,0,1,0,0,0,0,3,1,,
Creatophora cinerea,3,2,0,0,0,0,0,0,0,2,1,0,0,0,0,1,1,,
Lamprotomis chalybaeus,0,0,1,0,0,0,0,0,0,0,0,0,0,0,0,0,0,,
Lamprotornis iris,0,1,0,0,0,0,0,0,0,0,0,0,0,0,0,0,0,,
Lamprotomis purpuropterus,1,1,0,0,0,1,0,0,0,0,0,1,0,0,0,1,1,,
Leucopsar rothschildi,2,1,0,0,0,0,0,0,0,0,0,0,0,0,0,2,1,,
Sturnus contra,0,0,1,0,0,0,0,0,0,0,0,1,0,0,0,0,0,,
Cichladusa guttata,3,1,0,0,1,0,0,0,0,0,0,0,0,0,0,3,2,,
Copsychus malabaricus,1,1,0,0,0,0,0,0,0,0,0,0,0,0,0,1,1,,
Zoothera citrina,2,1,0,0,1,0,0,0,0,0,1,0,0,0,0,2,1,,
Zoothera dohertyi,1,0,0,0,0,0,0,1,0,0,1,0,0,0,0,1,0,,
Leiothrix lutea,2,2,0,0,0,0,0,0,0,1,0,0,0,0,0,1,2,,
Liocichia omeiensis,0,0,0,0,0,0,3,0,0,0,0,0,0,0,0,3,0,,
Panurus biarmicus,1,1,0,1,0,0,0,0,0,1,0,0,0,0,0,1,1,,
""
VÖGEL,AVES,2019,geboren,Zugänge,gestorben,Abgabe,2020,,,,,,,,,,,,
Sperlingsvögel,Passeriformes,m,w,u,m,w,u,m,w,u,m,w,u,m,w,u,m,w,u
Dinemellia dinemelli,1,2,0,0,0,0,0,0,0,0,0,0,0,0,0,1,2,,
Euplectes orix,0,0,1,0,0,0,0,0,0,0,0,0,0,0,0,0,0,,
Ploceus castaneiceps,5,0,0,0,0,0,0,0,0,0,0,0,0,0,0,5,0,,
Ploceus cucullatus,1,3,30,0,0,1,0,0,0,0,0,1,0,0,0,1,3,,
Nesocharis capistrata,2,1,0,0,0,2,0,0,0,0,0,0,0,0,0,2,1,,
Estrilda astrild,0,2,0,0,0,0,0,0,0,0,0,0,0,0,0,0,2,,
Spermophaga haematina,3,2,0,0,0,0,0,0,0,2,1,0,0,0,0,1,1,,
Uraeginthus cyanocephalus,2,1,0,0,0,0,0,0,0,1,1,0,0,0,0,1,0,,
Pytilia phoenicoptera,1,1,0,0,0,0,0,0,0,1,0,0,0,0,0,0,1,,
"Lagonosticta senegalaruberrima",1,0,0,0,0,0,0,0,0,0,0,0,0,0,0,1,0,,
Amadina fasciata,1,1,0,0,0,0,0,0,0,0,1,0,0,0,0,1,0,,
Amandava sub  ava,1,1,0,0,0,0,0,0,0,0,0,0,1,1,0,0,0,,
Amandava amandava,0,1,0,0,0,0,0,0,0,0,0,0,0,0,0,0,1,,
Ortygospiza atricollis,6,2,0,0,0,3,0,0,0,0,1,3,0,0,0,6,1,,
Neochmia ru  cauda,2,1,0,0,0,0,0,0,0,0,0,0,1,0,0,1,1,,
"Taeniopygia bichenoviibichenovii",1,1,16,0,0,7,1,1,0,1,0,2,3,3,0,2,2,,
Phoephila cincta,2,2,0,0,0,1,0,0,0,0,1,0,0,0,0,2,1,,
Erythrura tricolor,1,1,0,0,0,0,0,0,0,1,1,0,0,0,0,0,0,,
Erythrura cyaneovirens,1,0,0,0,0,0,0,0,0,1,0,0,0,0,0,0,0,,
Erythura gouldiae,2,2,1,0,0,14,4,3,0,1,2,1,0,0,0,5,3,,
Lonchura castaneothorax,1,1,0,0,0,0,0,0,0,1,1,0,0,0,0,0,0,,
Lonchura oryzivora,0,0,19,0,0,0,0,0,0,0,0,2,0,0,0,0,0,,
Serinus leucopygius,2,1,0,0,0,0,0,0,0,2,0,0,0,0,0,0,1,,
Serinus mozambica,2,2,0,0,0,0,0,0,0,0,1,0,0,0,0,2,1,,
Cacicus haemorrhous,1,0,0,0,0,0,0,0,0,1,0,0,0,0,0,0,0,,
Icterus oberi,1,1,0,0,0,0,0,0,0,0,0,0,0,0,0,1,1,,
Sporophila luctuosa,1,0,0,0,0,0,0,0,0,0,0,0,0,0,0,1,0,,
Tiaris canora,0,4,0,0,0,0,0,0,0,0,1,0,0,0,0,0,3,,
Gubernatrix cristata,1,2,0,1,0,2,0,0,0,0,0,2,0,1,1,1,1,,
Cardinalis cardinalis,1,1,0,0,0,0,0,0,0,0,0,0,0,0,0,1,1,,
Passerina caerulea,1,1,0,0,0,0,0,0,0,0,0,0,0,0,0,1,1,,
Dacnis lineata,1,1,0,0,0,0,0,0,0,0,0,0,0,0,0,1,1,,
Ramphocelus bresilius,1,1,0,0,0,0,0,0,0,0,0,0,0,0,0,1,1,,
Tangara chilensis,1,2,0,0,0,0,0,0,0,1,1,0,0,0,0,0,1,,
Thraupis episcopus,2,0,0,0,0,0,0,0,0,0,0,0,0,0,0,2,0,,
KRIECHTIERE,REPTILIA,Artenzahl,,2019,,geboren,Zugänge,gestorben,Abgabe,,,2020,
"",,,m,w,u,m w u,m w u,m w u,m w,u,m,w,u
Schnabelköpfe,Sphenodontia,1,1,3,0,0 0 0,0 0 0,0 0 0,0 0,0,1,3,0
Schildkröten,Testudines,10,11,14,25,0 0 1,0 0 0,0 0 1,0 0,1,11,14,24
Krokodile,Crocodylia,3,2,4,0,0 0 0,0 0 0,0 0 0,0 0,0,2,4,0
Echsen,Lacertilia,34,24,45,62,0 0 13,0 1 0,14 5 2,0 0,3,10,41,70
Schlangen,Serpentes,14,25,14,6,0 0 0,1 0 0,4 4 0,0 0,0,22,10,6
LURCHE,AMPHIBIA,Artenzahl,,2019,,geboren,Zugänge,gestorben,Abgabe,,,2020,
"",,,m,w,u,m w u,m w u,m w u,m w u,,m,w,u
Froschlurche,Anura,31,0,0,544,0 0 22,0 0 29,0 0 257,0 0 0,,0,0,338
Schwanzlurche,Caudata,12,0,0,111,0 0 1,0 0 19,0 0 22,0 0 16,,0,0,93
Schleichenlurche,Gymnophionia,1,0,0,3,0 0 3,0 0 4,0 0 6,0 0 0,,0,0,4
KNORPELFISCHE,CHONDRICHTHYES,Artenzahl,,2019,,geboren,Zugänge,gestorben,Abgabe,,,2020,
"",,,m,w,u,m w u,m w u,m w u,m w,u,m,w,u
Haie,Selachii,9,0,2,23,0 0 0,0 0 2,0 0 3,0 0,0,0,2,22
Rochen,Batoidea,4,2,2,21,0 0 4,0 0 1,0 0 12,0 0,0,2,2,14
Seekatzen,Holocephali,0,0,0,0,0 0 0,0 0 0,0 0 0,0 0,0,0,0,0
KNOCHENFISCHE,OSTEICHTHYES,Artenzahl,,2019,,geboren,Zugänge,gestorben,Abgabe,,,2020,
"",,,m,w,u,m w u,m w u,m w u,m w u,,m,w,u
Flösselhechtartige,Polypteriformes,1,0,0,2,0 0 0,0 0 0,0 0 0,0 0 0,,0,0,2
Störartige,Acipenseriformes,1,0,0,0,0 0 0,0 0 1,0 0 0,0 0 0,,0,0,1
Knochenhechtartige,Lepisosteiformes,3,0,0,11,0 0 0,0 0 0,0 0 0,0 0 0,,0,0,11
Tarpunartige,Elopiformes,1,0,0,9,0 0 0,0 0 13,0 0 3,0 0 0,,0,0,19
Aalartige,Anguilliformes,8,0,0,24,0 0 0,0 0 7,0 0 5,0 0 0,,0,0,26
Knochenzünglerartige,Osteoglossiformes,3,0,0,23,0 0 0,0 0 0,0 0 2,0 0 0,,0,0,21
Hechtartige,Esociformes,0,0,0,0,0 0 0,0 0 0,0 0 0,0 0 0,,0,0,0
Schild  schartige,Gobiesociformes,0,0,0,0,0 0 0,0 0 0,0 0 0,0 0 0,,0,0,0
Salmlerartige,Characiformes,39,0,0,1163,0 0 0,0 0 182,0 0 347,0 0 0,,0,0,998
Karpfen  schartige,Cypriniformes,19,0,0,630,0 0 0,0 0 276,0 0 121,0 0 0,,0,0,785
Neuwelt-Messer  sche,Gymnotiformes,1,0,0,1,0 0 0,0 0 0,0 0 0,0 0 0,,0,0,1
Welse,Siluriformes,61,0,0,437,0 0 120,0 0 16,0 0 71,0 0 30,,0,0,472
Frosch  sche,Batrachoidiformes,0,0,0,0,0 0 0,0 0 0,0 0 0,0 0 0,,0,0,0
""
KNOCHENFISCHE,OSTEICHTHYES,Artenzahl,2019,geboren,Zugänge,gestorben,Abgabe,2020,,,,,,,,,,,,
"",,,m,w,u,m,w,u,m,w,u,m,w,u,m,w,u,m,w,u
Lophiiformes,0,0,0,0,0,0,0,0,0,0,0,0,0,0,0,0,0,0,,
Gadiformes,2,0,0,5,0,0,0,0,0,0,0,0,1,0,0,0,0,0,,
Atheriniformes,5,0,0,439,0,0,0,0,0,110,0,0,308,0,0,0,0,0,,
Cyprinidontiformes,10,0,0,258,0,0,0,0,0,80,0,0,24,0,0,0,0,0,,
Beryciformes,3,0,0,11,0,0,0,0,0,20,0,0,3,0,0,0,0,0,,
Sygnathiformes,6,0,0,72,0,0,0,0,0,51,0,0,49,0,0,0,0,0,,
Synbranchiformes,0,0,0,0,0,0,0,0,0,0,0,0,0,0,0,0,0,0,,
Scorpaeniformes,9,0,0,42,0,0,0,0,0,28,0,0,21,0,0,0,0,0,,
Anabantiformes,4,0,0,42,0,0,0,0,0,10,0,0,10,0,0,0,0,0,,
Perciformes,137,0,0,1562,0,0,56,0,0,74,0,0,273,0,0,10,0,0,,
Pleuronectiformes,5,0,0,12,0,0,0,0,0,5,0,0,4,0,0,0,0,0,,
Tetradontiformes,8,0,0,11,0,0,0,0,0,23,0,0,4,0,0,0,0,0,,
Lepidosireniformes,3,0,0,5,0,0,0,0,0,0,0,0,0,0,0,0,0,0,,
WIRBELLOSE,INVERTEBRATA,Artenzahl,2019,geboren,Zugänge,gestorben,Abgabe,2020,,,,,,,,,,,,
"",,,m,w,u,m,w,u,m,w,u,m,w,u,m,w,u,m,w,u
Tunicata,1,0,0,20,0,0,0,0,0,0,0,0,0,0,0,0,0,0,,
Echinodermata,27,0,0,191,0,0,0,0,0,31,0,0,33,0,0,0,0,0,,
Mollusca,19,−,−,329,−,−,−,−,−,−,−,−,−,−,−,−,0,0,,
Insecta,48,0,0,2914,−,−,−,−,−,−,−,−,−,−,−,−,0,0,,
Arachnida,22,0,0,113,0,0,0,0,0,6,0,0,34,0,0,0,0,0,,
Myriapoda,9,0,0,442,−,−,−,−,−,−,−,−,−,−,−,−,0,0,,
Crustacea,23,0,0,208,0,0,0,0,0,74,0,0,61,0,0,0,0,0,,
Annelida,1,0,0,54,0,0,0,0,0,0,0,0,50,0,0,0,0,0,,
Porifera,3,0,0,6,0,0,0,0,0,0,0,0,0,0,0,0,0,0,,
Cnidaria,105,0,0,7265,−,−,−,−,−,−,−,−,−,−,−,−,0,0,,
Tierbestand 2020,Anzahl Individuen,Arten/Formen
"",781,
"",1.357,
"",218,
"",435,
"",4.587,
"",13.461,
Gesambestand,20.839,1.115
""
Tagestickets Tierpark,Eintrittskarten 2020,Eintrittskarten 2019,+/- Vorjahr in %
"",333.639,379.592,
"",22.744,67.416,
"",111.649,88.007,
"",3.879,110.479,
"",582,3.464,
Summe Tagestickets Tierpark,472.493,648.958,-27 %
Jahreskarten Tierpark,,,
"",14.735,18.126,
"",2.824,3.626,
"",307,437,
"",19.981,21.086,
"",8.189,7.705,
Summe Jahreskarten Tierpark,46.036,50.980,-10 %
Sonstige Tickets Tierpark*,,,
Summe Sonstige Tickets Tierpark,31.785,190.591,-83 %
Eintrittskarten Gesamt,550.314,890.529,-38 %
Ermittelte Besucher **,1.220.166,1.726.143,-29 %
""
""
AKTIVA,2020,2019,
A.,ANLAGEVERMÖGEN,in €,in €
"14.329,00","43.681,00",,
"",,,
"18.538.179,00","6.500.631,00",,
"167.889,00","197.304,00",,
"1.062.246,00","1.156.793,00",,
Geleistete Anzahlungen und Anlagen im Bau,"7.397.631,57","12.899.994,34",
"27.165.945,57","20.754.722,34",,
"",,,
"1.120,00","1.120,00",,
"27.181.394,57","20.799.523,34",,
B.,UMLAUFVERMÖGEN,,
"",,,
"150.718,00","167.527,00",,
"5.307,00","7.819,00",,
"156.025,00","175.346,00",,
"",,,
"115.498,89","631.216,43",,
"151.746,00","216.682,88",,
"267.244,89","847.899,31",,
"1,00","1,00",,
"5.947.233,41","5.581.613,84",,
"6.370.504,30","6.604.860,15",,
C.,RECHNUNGSABGRENZUNGSPOSTEN,"32.076,94","28.170,21"
SUMME AKTIVA,"33.583.975,81","27.432.553,70"
""
PASSIVA,2020,2019,
A.,EIGENKAPITAL,in €,in €
"",I.Gezeichnetes Kapital,"409.100,00","409.100,00"
"",II.Andere Gewinnrücklagen,"5.019.794,94","3.686.156,67"
"","III.Jahresüberschuss","1.144.279,17","1.333.638,27"
"",me Eigenkapital,"6.573.174,11","5.428.894,94"
"",,,
B.,SONDERPOSTEN FÜR INVESTITIONSZUSCHÜSSE ZUM ANLAGEVERMÖGEN,"17.723.792,87","11.065.431,73"
"",,,
C.,RÜCKSTELLUNGEN,,
1.Rückstellungen für Pensionen und ähnliche Verpfl ichtungen,"676.017,00","674.206,00",
2.Steuerrückstellung,"77.365,57","1.003,94",
3.Sonstige Rückstellungen,"998.221,52","1.924.389,10",
me Rückstellungen,"1.751.604,09","2.599.599,04",
D.,VERBINDLICHKEITEN,,
"1.Erhaltene Anzahlungen- davon mit einer Restlaufzeit bis zu einem Jahr: € 176.866,86 (Vorjahr: € 142.029,96)","176.866,86","142.029,96",
"2.Verbindlichkeiten aus Lieferungen und Leistungen- davon mit einer Restlaufzeit bis zu einem Jahr: € 2.519.551,62 (Vorjahr: € 3.405.682,11)","2.566.311,71","3.464.177,47",
"3.Verbindlichkeiten gegenüber verbundenen Unternehmen- davon mit einer Restlaufzeit bis zu einem Jahr: € 445.437,24 (Vorjahr: € 350.280,92)","2.201.046,16","2.105.889,84",
"4.Sonstige Verbindlichkeiten- aus Steuern: € 0,00 (Vorjahr: € 589,42)- im Rahmen der sozialen Sicherheit: € 2.961,39 (Vorjahr: € 3.355,45)- mit einer Restlaufzeit bis zu einem Jahr: € 958.574,52 (Vorjahr: € 78.931,60)","1.377.213,83","1.525.086,72",
me Verbindlichkeiten,"6.321.438,56","7.237.183,99",
E.,RECHNUNGSABGRENZUNGSPOSTEN,"1.213.966,18","1.101.444,00"
SUMME PASSIVA,"33.583.975,81","27.432.553,70"
""
GEWINN- UND VERLUSTRECHNUNG,2020,2019,
"",,in €,in €
Erträge aus Zuschüssen des Landes Berlin,"7.318.600,15","6.706.562,11",
"",Erträge aus Investitionszuschüssen des Landes Berlin,"6.962.812,19","7.653.956,69"
"",Zuführung zum Sonderposten für Investitionszuschüsse,"-6.962.812,19","-7.653.956,69"
"","Erträge aus der Aufl ösung des Sonderpostensfür Investitionszuschüsse","304.451,05","50.499,36"
"",Spenden und Zuwendungen,"1.394.600,53","1.574.835,27"
"",Umsatzerlöse,"9.825.270,26","12.078.797,30"
"",Sonstige betriebliche Erträge,"509.966,76","394.938,88"
"",Gesamtleistung,"19.352.888,75","20.805.632,92"
"",Materialaufwand,"-3.149.119,72","-3.096.178,58"
"","a) Roh-, Hilfs-, Betriebsstoff e und bezogene Waren","-1.291.873,44","-1.398.119,45"
"","b) Bezogene Leistungen- davon aus verbundenen Unternehmen € 704.117,17 (Vorjahr: € 548.714,86)","-1.857.246,28","-1.698.059,13"
"",Mittelverwendung,"-49.499,69","-161.062,35"
"",Personalaufwand,"-9.345.557,08","-9.537.274,22"
"",a) Löhne und Gehälter,"-7.644.769,51","-7.866.012,12"
"","b) Soziale Abgaben und Aufwendungen für Altersversorgungund für Unterstützung- davon für Altersversorgung: € 28.358,68 (Vorjahr: € 43.411,72)","-1.700.787,57","-1.671.262,10"
"","Abschreibungen auf immaterielle Vermögensgegenständeund Sachanlagen","-823.700,04","-522.908,68"
"",Sonstige betriebliche Aufwendungen,"-4.660.889,15","-6.020.637,66"
"",Erträge aus anderen Wertpapieren des Finanzanlagevermögens,"30,10","27,50"
"",Sonstige Zinsen und ähnliche Erträge,"506,00","0,00"
"","Zinsen und ähnliche Aufwendungen- davon Aufwendungen aus Aufzinsungen € 19.313,09 (Vorjahr: € 21.181,00)- davon aus verbundenen Unternehmen € 8.778,00 (Vorjahr: € 8.778,00)","-28.091,09","-29.959,00"
"",Steuern vom Einkommen und vom Ertrag,"-130.427,25","-81.853,49"
"",Ergebnis nach Steuern,"1.166.140,83","1.355.786,44"
"",Sonstige Steuern,"-21.861,66","-22.148,17"
20.,Jahresüberschuss,"1.144.279,17","1.333.638,27"
EIGENKAPITALSPIEGEL,01.01.2020,,Entnahme,,Zuführung,,31.12.2020,
Eigenkapital,,in €,,in €,,in €,,in €
Zur Insolvenzsicherung des Wertguthabens gem. § 6 Abs. 1,UMSATZERLÖSE,2020,,2019,
AltTZG wurden Rückdeckungsversicherungen abgeschlossen,,,in €,,in €
VERBINDLICHKEITEN,,,RESTLAUFZEITEN,,,
"",bis zu einem Jahr,,zwischen einem und fünf Jahren,mehr als fünf Jahre,,Gesamt
"",2020,2019,2020 2019,2020,2019,2020
"",in €,in T€,in € in T€,in €,in T€,in €
""
ENTWICKLUNG DES ANLAGEVERMÖGENS ZUM 31. DEZEMBER 2020 (ANLAGENSPIEGEL),,,,,
"",Anschaungs- und Herstellungskosten,,,,
Alle Werte in €,Stand am 01.01.2020,Zugang,Abgang,Umbuchung,"Stand am31.12.2020"
"167.729,52","0,00","0,00","0,00",,
"167.729,52","0,00","0,00","0,00",,
"8.463.540,42628.622,713.598.720,5712.899.994,34","574.029,172.647,40124.854,376.572.603,00","0,00-27.547,250,00-66.787,67","11.970.479,100,0037.699,00-12.008.178,10",,
"25.590.878,04","7.274.133,94","-94.334,92","0,00",,
"1.120,00","0,00","0,00","0,00",,
"1.120,00","0,00","0,00","0,00",,
"25.759.727,56","7.274.133,94","-94.334,92","0,00",,
"",Abschreibungen,Buchwerte,,,,,
Alle Werte in €,"Stand am01.01.2020",Zugang,Abgang,"Zu-schrei-bungen","Stand am31.12.2020","Stand am31.12.2020","Stand am31.12.2019"
"124.048,52","29.352,00","0,00","0,00","153.400,52","14.329,00",,
"124.048,52","29.352,00","0,00","0,00","153.400,52","14.329,00",,
"1.962.909,42431.318,712.441.927,570,00","506.960,2730.287,40257.100,370,00","0,00-25.772,250,000,00","0,000,000,000,00","2.469.869,69435.833,862.699.027,940,00","18.538.179,00167.889,001.062.246,007.397.631,57",,
"4.836.155,70","794.348,04","-25.772,25","0,00","5.604.731,49","27.165.945,57",,
"0,00","0,00","0,00","0,00","0,00","1.120,00",,
"0,00","0,00","0,00","0,00","0,00","1.120,00",,
"4.960.204,22","823.700,04","-25.772,25","0,00","5.758.132,01","27.181.394,57",,
PERSONALKENNZAHLEN,2016,2017,2018,2019,2020
SÄUGETIERE MAMMALIA,,2019,,geboren,Zugänge,gestorben,Abgabe,,,2020,
Kloakentiere Monotremata,m,w,u,m w u,m w u,m w u,m w,u,m,w,u
Neuguinea- Tachyglossus aculeatus,,,,,,,,,,,
0Kurzschnabeligel lawesii,2,1,0,0 0 0,0 0 0,0 0 0,0 0,0,2,1,
Beuteltiere Marsupialia,m,w,u,m w u,m w u,m w u,m w,u,m,w,u
Goodfellow-,,,,,,,,,,,
0BaumkänguruDendrolagus goodfellowi,0,0,0,0 0 0,0 1 0,0 0 0,0 0,0,0,1,
Westliches Graues Macropus fuliginosus,,,,,,,,,,,
0Riesenkänguru melanops,4,2,0,0 0 0,0 0 0,0 0 0,2 0,0,2,1,
Östliches Bergkänguru Macropus robustus robustus,6,4,0,3 0 0,0 0 0,0 0 0,1 1,0,8,3,0
Ringelschwanz- Petrogale xanthopus,,,,,,,,,,,
0Felsenkänguru xanthopus,1,8,0,1 1 0,0 0 0,0 0 0,0 0,0,2,9,
Südlicher Neuguinea-,,,,,,,,,,,
0FilanderThylogale brunii,0,0,0,1 0 0,1 1 0,0 0 0,0 0,0,2,1,
Rüsselspringer Macroscelidea,m,w,u,m w u,m w u,m w u,m w,u,m,w,u
Kurzohr-Rüsselspringer Macroscelides proboscideus,1,1,0,0 0 5,0 0 0,0 0 5,1 1,0,0,0,0
Insektenfresser Eulipotyphla,m,w,u,m w u,m w u,m w u,m w,u,m,w,u
Etrusker-Spitzmaus Suncus etruscus,0,1,0,6 1 6,3 3 0,9 5 6,0 0,0,0,0,0
Fledertiere Chiroptera,m,w,u,m w u,m w u,m w u,m w,u,m,w,u
Indischer Riesen  ughund Pteropus giganteus,5,9,9,2 1 3,0 0 0,4 3 4,0 0,0,8,10,0
""
SÄUGETIERE,MAMMALIA,2019,geboren,Zugänge,gestorben,Abgabe,2020,,,,,,,,,,,,
Nebengelenktiere,Xenarthra,m,w,u,m,w,u,m,w,u,m,w,u,m,w,u,m,w,u
"","Tamandua tetradactylanigra",1,1,0,0,0,0,0,0,0,0,0,0,0,0,0,1,1,
"",Tolypeutes matacus,1,1,0,2,0,0,0,0,0,0,0,0,1,0,0,2,1,
Herrentiere,Primates,m,w,u,m,w,u,m,w,u,m,w,u,m,w,u,m,w,u
"",Eulemur collaris,1,1,0,0,0,0,0,0,0,0,0,0,0,0,0,1,1,
"",Eulemur macaco macaco,1,1,0,0,0,0,0,0,0,0,0,0,0,0,0,1,1,
"",Eulemur mongoz,2,2,0,0,0,0,0,0,0,0,1,0,0,0,0,2,1,
"",Eulemur rubriventer,3,3,0,0,0,0,0,0,0,0,0,0,0,0,0,3,3,
"",Lemur catta,2,2,0,0,0,0,0,0,0,0,0,0,0,0,0,2,2,
"",Varecia variegata rubra,3,1,0,0,0,0,0,0,0,0,0,0,0,0,0,3,1,
"",Varecia variegata variegata,4,1,0,0,2,0,0,0,0,1,2,0,0,0,0,3,1,
"",Varecia variegata subcincta,0,0,0,0,0,0,3,0,0,0,0,0,0,0,0,3,0,
"",Mico argentatus,4,3,0,0,1,0,0,0,0,0,0,0,0,0,0,4,4,
"",Saguinus midas,2,0,0,0,0,0,0,0,0,0,0,0,0,0,0,2,0,
"",Cebus xanthosternos,4,2,0,1,0,0,0,0,0,0,0,0,0,0,0,5,2,
"",Pithecia pithecia,2,0,0,0,0,0,0,0,0,0,0,0,0,0,0,2,0,
"",Alouatta seniculus,5,1,0,1,0,0,0,0,0,0,0,0,0,0,0,6,1,
"",Cercopithecus diana,1,1,0,0,0,0,0,0,0,0,0,0,0,0,0,1,1,
"",Theropithecus gelada,6,8,0,1,1,0,0,0,0,2,1,0,0,0,0,5,8,
"","Macaca nemestrinanemestrina",6,0,0,0,0,0,0,0,0,0,0,0,0,0,0,6,0,
"",Macaca sylvanus,6,8,0,0,0,0,0,0,0,0,2,0,0,0,0,6,6,
"",Hylobates lar,1,2,0,0,0,0,0,0,0,0,0,0,0,0,0,1,2,
Nagetiere,Rodentia,m,w,u,m,w,u,m,w,u,m,w,u,m,w,u,m,w,u
Cynomys ludovicianus,0,0,38,0,0,15,0,0,0,0,0,32,0,0,3,0,0,,
Spermophilus citellus,0,0,0,0,0,0,3,3,0,0,0,0,0,0,0,3,3,,
Tamiops macclellandi,1,0,0,0,0,0,0,0,0,0,0,0,0,0,0,1,0,,
Cricetulus griseus,3,2,43,0,0,7,0,0,0,0,0,38,2,7,0,0,0,,
Cricetus cricetus,0,0,0,0,0,0,2,2,0,0,1,0,0,0,0,2,1,,
Acomys minous,0,2,6,0,0,5,0,0,0,2,2,1,4,5,1,0,0,,
Arvicanthis neumanni,0,1,45,0,0,146,0,0,0,0,1,191,0,0,0,0,0,,
Lemniscomys barbarus,3,2,40,0,0,32,0,0,0,13,9,32,8,15,0,1,1,,
""
SÄUGETIERE,MAMMALIA,2019,geboren,Zugänge,gestorben,Abgabe,2020,,,,,,,,,,,,
Nagetiere,Rodentia,m,w,u,m,w,u,m,w,u,m,w,u,m,w,u,m,w,u
"",Hystrix leucura,1,4,0,0,0,0,0,0,0,0,0,0,0,0,0,1,2,
"",Erethizon dorsatum,1,1,0,0,0,0,0,2,0,0,2,0,0,0,0,1,1,
"",Cavia aperea,0,0,5,0,0,15,0,0,16,0,0,17,0,0,0,0,0,
"",Galea monasteriensis,1,4,0,0,0,0,0,0,0,1,4,0,0,0,0,0,0,
"",Dolichotis salinicola,4,3,0,0,0,0,0,0,0,0,0,0,0,0,0,4,3,
"",Dolichotis patagonum,3,0,0,0,0,0,5,0,0,2,0,0,0,0,0,6,0,
"",Dasyprocta azarae,0,3,0,0,0,0,0,0,0,0,0,0,0,0,0,0,3,
"",Cuniculus paca,1,1,0,0,0,1,0,0,0,0,0,0,0,0,1,1,1,
"",Octodon degus,0,0,58,0,0,40,0,0,0,0,0,29,0,0,19,0,0,
"",Heterocephalus glaber,2,1,83,0,0,120,0,0,0,1,1,109,0,0,49,1,1,
Hasenartige,Lagomorpha,m,w,u,m,w,u,m,w,u,m,w,u,m,w,u,m,w,u
"",Ochotona dauurica,1,1,14,0,0,8,0,0,0,2,3,10,0,0,0,2,4,
"",,0,1,0,0,0,0,2,0,0,0,1,0,0,0,0,2,0,
"",,0,0,0,0,0,37,4,10,0,0,0,22,2,4,0,6,17,
"",,1,0,0,0,0,0,0,0,0,0,0,0,0,0,0,1,0,
"",,0,1,0,0,0,0,0,0,0,0,0,0,0,0,0,0,1,
"",,0,2,0,0,0,6,0,0,0,0,0,6,0,0,0,0,2,
"",,1,0,0,0,0,0,0,0,0,1,0,0,0,0,0,0,0,
"",,0,2,0,0,4,0,0,0,0,0,0,0,0,0,0,0,6,
Raubtiere,Carnivora,m,w,u,m,w,u,m,w,u,m,w,u,m,w,u,m,w,u
Crocuta crocuta,1,1,0,0,0,0,0,0,0,0,0,0,0,0,0,1,1,,
Hyaena hyaena sultana,1,1,0,1,1,0,0,0,0,1,1,0,0,0,0,1,1,,
Canis lupus signatus,2,0,0,0,0,0,0,0,0,0,0,0,0,0,0,2,0,,
Cuon alpinus lepturus,10,4,0,0,0,0,0,0,0,0,2,0,0,2,0,10,0,,
Otocyon megalotis megalotis,1,1,0,0,0,0,0,0,0,0,0,0,0,0,0,1,1,,
Speothos venaticus,1,1,0,0,0,0,0,0,0,0,0,0,0,0,0,1,1,,
Chrysocyon brachyurus,1,1,0,0,0,0,0,0,0,0,0,0,0,0,0,1,1,,
"Helarctos malayanus mal-ayanus",1,1,0,0,0,0,0,0,0,0,0,0,0,0,0,1,1,,
Tremarctos ornatus,1,1,0,0,0,0,0,0,0,0,0,0,0,0,0,1,1,,
Ursus maritimus,0,2,0,0,0,0,0,0,0,0,0,0,0,0,0,0,2,,
Ailurus fulgens fulgens,1,1,0,0,1,0,1,2,0,1,0,0,0,0,0,1,4,,
Procyon lotor,1,1,0,0,0,0,0,0,0,0,0,0,0,0,0,1,1,,
Martesavigula aterrima,1,1,0,0,1,0,0,0,0,0,0,0,0,0,0,1,2,,
Mellivora capensis cottoni,1,1,0,0,0,0,0,0,0,0,0,0,0,0,0,1,1,,
Mungos mungo,4,7,0,0,0,0,0,0,0,0,0,0,0,0,0,4,7,,
SÄUGETIERE,MAMMALIA,2019,geboren,Zugänge,gestorben,Abgabe,2020,,,,,,,,,,,,
Raubtiere,Carnivora,m,w,u,m,w,u,m,w,u,m,w,u,m,w,u,m,w,u
Arctictis binturong binturong,3,1,0,0,1,0,0,0,0,0,1,0,0,0,0,3,1,,
Paguma larvata leucomystax,1,1,0,0,0,0,0,0,0,0,0,0,0,0,0,1,1,,
Genetta genetta grantii,2,2,0,1,0,0,0,0,0,0,0,0,3,2,0,0,0,,
Lynx lynx wardi,1,1,0,0,0,0,0,0,0,0,0,0,1,1,0,0,0,,
Lynx rufus,0,1,0,0,0,0,0,0,0,0,1,0,0,0,0,0,0,,
Otocolobus manul manul,1,1,0,0,0,0,0,0,0,0,0,0,0,0,0,1,1,,
Felis silvestris silvestris,1,0,0,0,0,0,0,0,0,1,0,0,0,0,0,0,0,,
"Prionailurus bengalensisheaneyi",2,0,0,0,0,0,0,0,0,1,0,0,0,0,0,1,0,,
Leopardus wiedii nicaraguae,0,1,0,0,0,0,0,0,0,0,0,0,0,0,0,0,1,,
Leptailurus serval,0,1,0,0,0,0,0,0,0,0,1,0,0,0,0,0,0,,
Neofelis nebulosa,2,0,0,0,0,0,0,0,0,0,0,0,0,0,0,2,0,,
Panthera onca,0,0,0,0,0,0,0,1,0,0,0,0,0,0,0,0,1,,
Panthera pardus melas,1,1,0,0,0,0,0,0,0,0,0,0,0,0,0,1,1,,
Panthera tigris altaica,1,1,0,0,0,0,0,0,0,0,0,0,1,1,0,0,0,,
Panthera tigris corbetti,1,1,0,0,0,0,0,0,0,0,0,0,0,0,0,1,1,,
Panthera tigris sumatrae,3,3,0,0,0,0,0,0,0,1,0,0,0,0,0,2,3,,
Uncia uncia,2,1,0,0,0,0,0,0,0,0,0,0,0,0,0,2,1,,
"Acinonyx jubatussoemmeringii",2,0,0,0,0,0,1,0,0,0,0,0,0,0,0,3,0,,
""
SÄUGETIERE,MAMMALIA,2019,geboren,Zugänge,gestorben,Abgabe,2020,,,,,,,,,,,,
Schliefer,Hyracoidea,m,w,u,m,w,u,m,w,u,m,w,u,m,w,u,m,w,u
"",Heterohyrax brucei,1,6,0,0,3,1,0,0,0,0,2,1,0,0,0,1,7,
Rüsseltiere,Proboscidea,m,w,u,m,w,u,m,w,u,m,w,u,m,w,u,m,w,u
"",Elephas maximus,1,6,0,0,0,0,0,0,0,0,0,0,1,6,0,0,0,
"",Loxodonta africana,0,3,0,0,0,0,0,0,0,0,0,0,0,3,0,0,0,
Unpaarhufer,Perissodactyla,m,w,u,m,w,u,m,w,u,m,w,u,m,w,u,m,w,u
"",Equus przewalskii,1,8,0,0,0,0,0,0,0,0,0,0,0,0,0,1,8,
"",,0,2,0,0,0,0,0,0,0,0,0,0,0,0,0,0,2,
"",,1,3,0,0,0,0,0,0,0,0,0,0,0,0,0,1,3,
"",Equus hemionus kulan,1,5,0,0,0,0,0,0,0,0,0,0,0,0,0,1,5,
"",Equus kiang holdereri,2,8,0,0,0,0,0,0,0,0,0,0,0,0,0,2,8,
"",,1,2,0,0,2,0,0,0,0,0,1,0,0,0,0,1,3,
"",,1,4,0,0,0,0,0,0,0,0,0,0,0,1,0,1,3,
"",Equus africanus somaliensis,1,5,0,0,0,0,0,0,0,0,0,0,0,0,0,1,5,
"",Equus burchellii chapmanni,1,4,0,0,0,0,0,0,0,0,0,0,1,4,0,0,0,
"",Equus grevyi,1,2,0,0,0,0,0,0,0,0,0,0,0,1,0,1,1,
"",Equus zebra hartmannae,1,4,0,0,0,0,0,0,0,0,0,0,0,0,0,1,4,
Paarhufer,Artiodactyla,m,w,u,m,w,u,m,w,u,m,w,u,m,w,u,m,w,u
Catagonus wagneri,10,11,0,9,6,3,0,0,0,2,4,3,5,2,0,12,11,,
Potamochoerus porcus,3,0,0,0,0,0,0,0,0,0,0,0,0,0,0,3,0,,
Babyrousa babyrussa,0,2,0,0,0,0,2,0,0,0,0,0,0,0,0,2,2,,
"",1,7,0,2,0,0,0,0,0,1,0,0,0,0,0,2,7,,
"",2,7,0,0,0,0,0,0,0,0,0,0,2,0,0,0,7,,
Lama guanicoe,1,6,0,0,0,0,0,0,0,0,0,0,0,0,0,1,6,,
"",1,8,0,0,0,0,0,0,0,0,0,0,0,0,0,1,8,,
"",1,6,0,0,0,1,0,0,0,0,1,1,0,2,0,1,3,,
Lama vicugna,2,5,0,1,1,0,0,0,0,0,1,0,0,2,0,3,3,,
Alces alces alces,2,0,0,0,0,0,1,0,0,1,0,0,0,0,0,2,0,,
Rangifer tarandus,2,4,0,0,2,0,0,0,0,1,1,0,1,0,0,0,5,,
Axis kuhlii,1,4,0,1,0,0,0,0,0,1,0,0,0,0,0,1,4,,
Axis porcinus,2,2,0,2,0,0,0,0,0,1,0,0,0,0,0,3,2,,
Cervus elaphus barbarus,1,4,0,0,0,0,0,0,0,0,1,0,0,0,0,1,3,,
"Cervus canadensiscanadensis",2,5,0,2,1,0,0,0,0,1,1,0,1,0,0,2,5,,
Cervus elaphus sibiricus,2,6,0,3,0,0,0,0,0,1,0,0,0,1,0,3,6,,
Cervus elaphus bactrianus,3,6,0,1,1,0,0,0,0,0,1,0,1,0,0,3,6,,
Cervus nippon pseudaxis,3,7,0,1,2,0,0,0,0,0,1,0,1,1,0,3,7,,
Dama dama mesopotamica,2,8,0,3,2,0,0,0,0,3,2,0,0,0,0,2,8,,
"Elaphodus cephalophusmichianus",2,3,0,3,1,0,0,0,0,2,1,0,1,0,0,2,3,,
""
SÄUGETIERE,MAMMALIA,2019,geboren,Zugänge,gestorben,Abgabe,2020,,,,,,,,,,,,
Paarhufer,Artiodactyla,m,w,u,m,w,u,m,w,u,m,w,u,m,w,u,m,w,u
Hydropotes inermis inermis,1,0,0,0,0,0,0,0,0,0,0,0,0,0,0,1,0,,
Elaphurus davidianus,2,7,0,1,2,0,0,0,0,0,0,0,0,0,0,3,9,,
Rucervus duvaucelii,0,0,0,0,0,0,1,4,0,0,0,0,0,0,0,1,4,,
Cervus albirostris,0,7,0,0,0,0,0,0,0,0,0,0,0,0,0,0,7,,
Cervus eldii thamin,1,8,1,4,1,0,1,1,0,1,1,0,0,1,0,5,8,,
Cervus timorensis,1,5,0,1,2,0,0,0,0,0,2,0,0,1,0,2,4,,
Cervus unicolor unicolor,1,2,0,0,0,0,0,0,0,0,0,0,0,0,0,1,2,,
Gira  a camelopardalis,0,4,0,0,0,0,0,0,0,0,0,0,0,0,0,0,4,,
"Gira  a camelopardalisrothschildi",1,2,0,1,0,0,0,0,0,0,0,0,0,0,0,2,2,,
Boselaphus tragocamelus,1,3,0,0,0,0,0,0,0,0,0,0,0,0,0,1,3,,
"Moschus moschiferusmoschiferus",2,0,0,0,0,0,0,0,0,2,0,0,0,0,0,0,0,,
"",2,3,0,1,1,0,0,0,0,0,0,0,0,2,0,2,3,,
"",0,2,0,0,0,0,0,0,0,0,1,0,0,1,0,0,0,,
"",2,2,0,1,1,0,0,0,0,1,0,0,1,0,0,1,3,,
"",1,2,0,2,0,0,0,0,0,1,0,0,0,0,0,2,2,,
"",2,4,0,1,0,0,0,0,0,0,0,0,0,0,0,3,4,,
"",5,2,0,0,0,0,0,0,0,0,0,0,0,0,0,5,2,,
"",1,4,0,0,0,0,0,0,0,0,0,0,0,0,0,1,4,,
"",1,7,0,2,2,0,0,0,0,1,0,0,0,0,0,2,9,,
Syncerus ca  er ca  er,0,5,0,0,0,0,0,0,0,0,0,0,0,0,0,0,5,,
Syncerus ca  er nanus,2,8,0,0,0,0,0,0,0,0,1,0,1,0,0,1,7,,
Bison bison athabascae,1,5,0,0,0,0,0,0,0,0,0,0,0,0,0,1,5,,
Bison bonasus,1,3,0,2,1,0,1,5,0,1,1,0,1,4,0,2,4,,
"Kobus ellipsiprymnusellipsiprymnus",1,3,0,0,0,0,0,0,0,1,0,0,0,0,0,0,3,,
"Redunca fulvorufulafulvorufula",2,2,0,0,2,0,0,0,0,0,3,0,0,0,0,2,1,,
Oryx leucoryx,1,2,0,0,0,0,0,0,0,0,0,0,0,0,0,1,2,,
Oryx beisa,0,0,0,0,0,0,3,0,0,0,0,0,0,0,0,3,0,,
Addax nasomaculatus,1,3,0,0,0,0,0,0,0,0,0,0,0,0,0,1,3,,
Gazella dama mhorr,1,8,0,5,2,0,0,0,0,3,2,0,0,0,0,3,8,,
Litocranius walleri walleri,1,2,0,2,1,0,2,2,0,1,0,0,0,0,0,4,5,,
Budorcas taxicolor taxicolor,1,7,0,3,1,0,0,0,0,1,2,0,0,0,0,3,6,,
Budorcas taxicolor bedfordi,4,4,0,0,0,0,0,0,0,1,0,0,0,0,0,3,4,,
Budorcas taxicolor tibetana,2,2,0,1,1,0,0,1,0,0,0,0,1,0,0,2,4,,
Ovibos moschatus,0,6,0,0,0,1,2,0,0,1,0,1,0,0,0,1,6,,
"Naemorhedus griseusarnouxianus",2,6,0,2,2,0,0,0,0,1,1,0,1,1,0,2,6,,
Pseudois nayaur,2,10,0,0,0,0,0,0,0,0,1,0,0,0,0,2,9,,
""
SÄUGETIERE,MAMMALIA,2019,geboren,Zugänge,gestorben,Abgabe,2020,,,,,,,,,,,,
Paarhufer,Artiodactyla,m,w,u,m,w,u,m,w,u,m,w,u,m,w,u,m,w,u
Oreamnos americanus,2,4,0,2,1,0,0,0,0,0,0,0,0,0,0,4,5,,
Capra falconeri heptneri,7,13,0,0,0,0,0,0,0,0,6,0,0,0,0,7,7,,
Capra ibex ibex,6,5,0,2,2,0,0,0,0,1,1,0,7,6,0,0,0,,
"",6,6,0,1,1,0,1,0,0,0,1,0,4,0,0,4,6,,
"",2,2,0,1,1,0,0,1,0,0,0,0,2,2,0,1,2,,
"",0,9,0,0,0,0,0,0,0,0,0,0,0,0,0,0,9,,
"",1,1,0,0,0,0,0,0,0,0,0,0,0,0,0,1,1,,
Ovis cycloceros arkal,5,9,0,4,6,0,0,0,0,6,6,0,0,0,0,3,9,,
Ovis ammon polii,5,2,0,1,1,0,0,0,0,1,1,0,0,0,0,5,2,,
Ovis ammon musimon,2,3,0,0,0,0,0,0,0,0,0,0,2,3,0,0,0,,
"",0,4,0,0,0,0,0,0,0,0,0,0,0,0,0,0,4,,
"",1,5,0,2,2,0,1,0,0,0,3,0,2,0,0,2,4,,
"",1,6,0,1,3,0,0,0,0,0,2,0,1,4,0,1,3,,
"",1,4,0,2,3,0,0,0,0,0,1,0,2,2,0,1,4,,
"",2,5,0,0,1,0,0,0,0,0,1,0,1,1,0,1,4,,
"",1,4,0,3,0,0,0,0,0,3,0,0,0,0,0,1,4,,
"",4,7,0,2,0,0,1,0,0,1,1,0,5,1,0,1,5,,
""
VÖGEL,AVES,2019,geboren,Zugänge,gestorben,Abgabe,2020,,,,,,,,,,,,
Laufvögel,Struthioniformes,m,w,u,m,w,u,m,w,u,m,w,u,m,w,u,m,w,u
"",Rhea pennata,1,2,0,0,0,0,0,0,2,0,0,2,0,0,0,1,2,
Pinguine,Sphenisciformes,m,w,u,m,w,u,m,w,u,m,w,u,m,w,u,m,w,u
"",Spheniscus demersus,22,14,0,4,6,0,1,0,0,2,0,0,0,0,0,25,20,
Ruderfüßer,Pelecaniformes,m,w,u,m,w,u,m,w,u,m,w,u,m,w,u,m,w,u
"",Pelecanus conspicillatus,5,4,0,0,0,0,0,0,1,2,0,0,0,0,0,3,4,
"",Pelecanus crispus,4,4,0,0,0,0,0,0,0,0,0,0,0,0,0,4,4,
"",Pelecanus erythrorhynchos,4,7,0,0,0,0,0,0,0,0,0,0,0,0,0,4,7,
"",Pelecanus onocrotalus,5,4,0,0,0,0,0,0,0,0,0,0,0,0,0,5,4,
"",Pelecanus philippensis,2,2,0,0,0,0,1,1,0,0,0,0,0,0,0,3,3,
"",Pelecanus rufescens,5,5,0,0,0,0,0,0,0,1,0,0,0,0,0,4,5,
"","Pelecanus occidentaliscarolinensis",4,3,0,0,0,0,1,1,0,0,0,0,2,1,0,3,3,
"",Phalacrocorax melanoleucos,2,5,0,0,0,0,0,0,0,0,0,0,0,0,0,2,5,
Schreitvögel,Ciconiiformes,m,w,u,m,w,u,m,w,u,m,w,u,m,w,u,m,w,u
"",Ardea goliath,1,0,0,0,0,0,0,0,0,0,0,0,0,0,0,1,0,
"",Ardeola grayii,2,0,0,0,0,0,0,0,0,0,0,0,0,0,0,2,0,
"",Ardeola speciosa,1,1,0,0,0,0,0,0,0,0,0,0,0,0,0,1,1,
"",Bubulcus ibis ibis,5,9,2,0,0,0,0,0,0,1,0,2,3,2,0,1,7,
"",Egretta novaehollandiae,3,2,0,0,0,0,0,0,0,0,0,0,0,0,0,3,2,
"","Nycticorax caledonicusmanillensis",2,2,0,0,0,0,0,0,0,0,0,0,0,0,0,2,2,
"",Scopus umbretta,1,1,0,0,0,0,1,1,0,0,0,0,0,1,0,2,1,
"",Ciconia abdimii,3,2,0,0,0,0,3,0,0,0,0,0,0,0,0,6,2,
"",Ciconia boyciana,2,2,0,0,0,0,0,0,0,1,1,0,0,0,0,1,1,
"",Ciconia c. ciconia,2,2,0,0,0,0,0,0,0,0,0,0,0,0,0,2,2,
"","Ephippiorhynchussenegalensis",1,1,0,0,0,0,0,0,0,0,1,0,0,0,0,1,0,
"",Leptoptilos crumeniferus,1,1,0,0,0,0,0,0,0,0,0,0,0,0,0,1,1,
"",Mycteria ibis,1,1,0,0,0,0,0,0,0,0,0,0,0,0,0,1,1,
"",Anastomus lamelligerus,3,3,0,0,0,0,0,0,0,1,0,0,0,0,0,2,3,
"",Geronticus eremita,6,6,0,0,0,0,2,2,2,0,0,1,2,0,1,6,8,
"",Plegadis f. falcinellus,0,0,1,0,0,0,0,0,0,0,0,0,0,0,0,0,0,
"",Carphibis spinicollis,10,4,0,0,0,0,0,0,0,1,0,0,3,0,0,6,4,
"",Threskiornis aethiopicus,3,3,0,0,0,0,0,0,0,1,0,0,0,0,0,2,3,
"",Hagedashia hagedash,2,1,0,0,0,0,1,1,0,0,0,0,0,0,0,3,2,
Flamingos,Phoenicopteriformes,m,w,u,m,w,u,m,w,u,m,w,u,m,w,u,m,w,u
Phoenicopterus chilensis,2,0,30,0,0,0,0,0,0,0,0,2,0,0,0,3,0,,
"Phoenicopterus ruber ruber5",6,540,0,01,3,20,0,50,0,16,9,,,,,,,,
""
VÖGEL,AVES,2019,geboren,Zugänge,gestorben,Abgabe,2020,,,,,,,,,,,,
Gänsevögel,Anseriformes,m,w,u,m,w,u,m,w,u,m,w,u,m,w,u,m,w,u
"",Chauna torquata,0,1,0,1,0,0,0,0,0,0,0,0,0,0,0,1,1,
"",Dendrocygna eytoni,1,1,0,0,0,0,0,0,0,0,0,0,0,0,0,1,1,
"",Anseranas semipalmata,1,1,0,0,0,0,0,0,0,0,0,0,0,0,0,1,1,
"",Cygnus melanocoryphus,1,1,0,0,0,0,3,3,0,0,0,0,2,0,0,2,4,
"",Anser a. anser,8,4,0,0,0,0,0,0,0,0,0,0,0,0,0,8,4,
"",Anser c. caerulescens,1,1,0,0,0,0,0,0,0,0,0,0,0,0,0,1,1,
"",Anser cygnoides,1,1,0,0,0,0,0,0,0,0,0,0,0,0,0,1,1,
"",Cyanochen cyanopterus,1,1,0,0,0,0,0,3,0,0,0,0,1,4,0,0,0,
"",Plectropterus gambensis,1,1,0,0,0,0,0,0,0,0,0,0,0,0,0,1,1,
"",Anas acuta,1,1,0,0,0,0,0,0,0,0,0,0,0,0,0,1,1,
"",Anas bernieri,1,2,0,0,0,0,0,0,0,0,0,0,0,1,0,1,1,
"",Anas erythrorhynchos,1,1,0,0,0,0,0,0,0,0,1,0,0,0,0,1,0,
"",Anas formosa,2,3,0,0,0,0,0,0,0,1,1,0,0,0,0,1,2,
"",Anas melleri,2,2,0,0,0,0,0,0,0,0,0,0,0,0,0,2,2,
"",Anas undulata,1,1,0,0,0,0,0,0,0,1,1,0,0,0,0,0,0,
"",Marmaronetta angustirostris,4,4,0,0,0,0,7,5,2,0,0,2,7,5,0,4,4,
"",Somateriascheri,1,1,0,0,0,0,0,0,0,0,0,0,0,0,0,1,1,
"",Histrionica histrionica,2,3,0,0,0,0,0,0,0,0,0,0,0,0,0,2,3,
"",Aythya nyroca,5,4,0,0,0,0,0,0,0,0,0,0,0,0,0,5,4,
"","Netta erythrophthalmabrunnea",1,1,0,0,0,0,0,0,0,0,0,0,0,0,0,1,1,
"",Netta peposaca,1,2,0,0,0,0,1,2,5,0,1,1,0,0,4,2,3,
"",Netta ru  na,3,2,0,0,0,0,0,0,0,2,1,0,0,0,0,1,1,
"",Chenonetta jubata,1,1,0,0,0,0,0,0,0,0,0,0,0,0,0,1,1,
"",Bucephala albeola,2,3,0,0,0,0,0,1,0,0,2,0,0,0,0,2,2,
"",Mergus albellus,3,2,0,0,0,0,0,0,0,2,0,0,0,0,0,1,2,
"",Mergus squamatus,1,2,0,0,0,0,0,0,1,0,0,1,0,0,0,1,2,
"",Anser anser f. domestica,0,1,0,0,0,0,0,0,0,0,0,0,0,0,0,0,1,
"",Anser anser f. domestica,2,2,0,0,0,0,2,2,2,0,0,1,0,0,0,4,4,
"",Anser anser f. domestica,2,2,0,0,0,0,0,0,0,0,0,0,0,0,0,2,2,
"","Anas platyrhynchos f.domestica",9,4,0,0,0,0,0,0,0,2,3,0,0,0,0,7,1,
Greifvögel,Falconiformes,m,w,u,m,w,u,m,w,u,m,w,u,m,w,u,m,w,u
Cathartes aura,1,3,0,0,0,0,0,0,0,0,0,0,0,0,0,1,3,,
Cathartes burrovianus,3,2,0,0,0,0,1,0,0,0,0,0,0,0,0,4,2,,
Sarcorhamphus papa,2,2,0,0,0,0,0,1,0,0,0,0,0,0,0,2,3,,
Sagittarius serpentarius,1,1,0,1,0,0,0,0,0,1,0,0,0,0,0,1,1,,
Aquila heliaca,1,1,0,0,0,0,0,0,0,0,0,0,0,0,0,1,1,,
Aquila nipalensis,1,2,0,0,0,0,0,0,0,0,0,0,1,1,0,0,1,,
Buteo regalis,2,1,0,0,0,0,0,0,0,0,0,0,1,0,0,1,1,,
""
VÖGEL,AVES,2019,geboren,Zugänge,gestorben,Abgabe,2020,,,,,,,,,,,,
Greifvögel,Falconiformes,m,w,u,m,w,u,m,w,u,m,w,u,m,w,u,m,w,u
Parabuteo  unicinctus,0,3,0,0,0,0,0,0,0,0,0,0,0,0,0,0,3,,
Geranoaetus melanoleucus,2,1,0,0,0,0,0,0,0,1,1,0,0,0,0,1,0,,
Haliaeetus a. albicilla,1,1,0,0,0,0,0,0,0,0,1,0,0,0,0,1,0,,
Haliaeetus leucocephalus,2,1,0,0,0,0,0,0,0,0,0,0,0,0,0,2,1,,
Haliaeetus pelagicus,1,2,0,0,0,0,0,0,0,0,0,0,0,1,0,1,1,,
Harpia harpyia,1,0,0,0,0,0,0,0,0,0,0,0,0,0,0,1,0,,
Polemaetus bellicosus,1,1,0,0,0,0,0,0,0,0,0,0,0,0,0,1,1,,
Gypaetus barbatus,2,2,0,0,0,0,1,1,2,0,0,2,1,1,0,2,2,,
Gyps africanus,1,1,0,0,0,0,0,0,1,0,0,1,0,0,0,1,1,,
Gyps fulvus,3,4,0,0,0,0,0,0,0,1,0,0,0,2,0,2,2,,
Gyps himalayensis,1,2,0,0,0,0,0,0,0,0,0,0,0,0,0,1,2,,
Gyps ruepelli,2,2,0,0,0,0,0,0,0,0,0,0,0,0,0,2,2,,
Necrosyrtes monachus,2,2,0,0,0,0,0,0,1,0,0,1,0,0,0,2,2,,
"Neophron percnopterusginginianus",1,1,0,0,0,0,0,0,0,0,1,0,0,0,0,1,0,,
Theratopius ecaudatus,1,0,0,0,0,0,0,0,0,0,0,0,0,0,0,1,0,,
Trigonoceps occipitalis,1,1,0,0,0,0,0,0,0,0,0,0,0,0,0,1,1,,
Phalcoboenus australis,2,1,0,0,0,0,0,2,0,0,0,0,0,0,0,2,3,,
Phalcoboenus megalopterus,1,1,0,0,0,0,0,0,0,0,0,0,0,0,0,1,1,,
Falco tinnunculus,0,1,0,0,0,0,0,0,0,0,0,0,0,0,0,0,1,,
Falco biarmicus,1,1,0,0,0,0,0,0,0,0,0,0,0,0,0,1,1,,
Falco cherrug,1,0,0,0,0,0,0,0,0,0,0,0,0,0,0,1,0,,
Falco peregrinus,2,0,0,0,0,0,0,0,0,0,0,0,0,0,0,2,0,,
""
VÖGEL,AVES,2019,geboren,Zugänge,gestorben,Abgabe,2020,,,,,,,,,,,,
Hühnervögel,Galliformes,m,w,u,m,w,u,m,w,u,m,w,u,m,w,u,m,w,u
"Meleagris gallopavosilvestris",1,2,0,0,0,0,0,0,0,0,0,0,1,2,0,0,0,,
Alectoris melanocephala,1,1,0,0,0,0,0,0,0,0,0,0,0,0,0,1,1,,
Arborophila gingica,2,0,0,0,0,0,0,0,0,0,0,0,0,0,0,2,0,,
Tragopan caboti,2,0,0,0,1,0,0,0,0,0,0,0,0,0,0,2,1,,
Tragopan satyra,1,1,0,0,0,0,0,0,0,0,0,0,0,0,0,1,1,,
Tragopan temminckii,1,1,0,0,0,0,0,0,0,0,0,0,0,0,0,1,1,,
Rollulus rouloul,0,0,0,3,6,0,1,0,3,1,1,3,0,2,0,3,3,,
Pavo christatus,4,6,0,0,0,0,0,0,0,0,1,0,0,0,0,4,5,,
Pavo m. muticus,1,1,0,0,0,0,0,0,0,0,0,0,0,0,0,1,1,,
Catreus wallichi,1,1,0,0,0,0,0,0,0,0,1,0,0,0,0,1,0,,
Chrysolophus amherstiae,1,1,2,0,0,0,0,0,0,0,0,0,0,0,2,1,1,,
Chrysolophus pictus,1,1,0,0,0,0,0,0,0,0,0,0,0,0,0,1,1,,
Polyplectron napoleonis,0,0,0,2,1,0,0,0,0,0,0,0,0,0,0,2,1,,
Crossoptilon auritum,1,1,0,0,0,0,0,0,0,0,0,0,0,0,0,1,1,,
Crossoptilon crossoptilon,1,1,0,0,0,0,0,0,0,0,0,0,0,0,0,1,1,,
Crossoptilon mantchuricum,1,1,0,0,0,0,0,0,0,0,0,0,0,0,0,1,1,,
Lophophorus impejanus,1,1,0,0,2,0,0,0,0,0,1,0,0,0,0,1,2,,
Lophura hatinhensis,1,1,0,0,0,0,0,0,0,0,0,0,0,0,0,1,1,,
Lophura edwardsi,0,1,0,0,0,0,0,0,0,0,0,0,0,0,0,0,1,,
"Lophura nycthemeraberliozi",1,1,0,0,0,0,0,0,1,0,0,1,0,0,0,1,1,,
Lophura swinhoii,1,1,0,0,0,0,0,0,2,0,0,0,0,0,2,1,1,,
Pucrasia macrolopha,1,1,0,0,0,0,0,0,0,1,1,0,0,0,0,0,0,,
Syrmaticus ellioti,1,1,0,0,0,0,0,0,1,0,0,0,0,0,1,1,1,,
Syrmaticus mikado,1,1,0,0,0,0,0,0,0,0,0,0,0,0,0,1,1,,
Syrmaticus reevesii,1,1,0,1,1,0,0,0,0,0,1,0,0,0,0,2,1,,
"Syrmaticus soemmeringiscintillans",0,1,0,0,0,0,0,0,0,0,0,0,0,1,0,0,0,,
"Phasaianus colchicuschrysomelas",1,1,0,0,0,0,0,0,1,0,0,1,1,1,0,0,0,,
"Phasaianus colchicuszerafschanicus",1,1,0,0,0,0,0,0,0,0,0,0,1,1,0,0,0,,
Gallus gallus f. domestica,0,2,0,1,1,0,3,2,0,0,0,0,0,0,0,4,5,,
Gallus gallus f. domestica,0,1,0,0,0,0,0,0,0,0,0,0,0,0,0,0,1,,
Gallus gallus f. domestica,6,3,0,0,0,0,1,0,0,0,0,0,1,0,0,6,3,,
"Meleagris gallopavo f.domestica",1,1,0,0,0,0,0,0,0,0,0,0,0,0,0,1,1,,
""
VÖGEL,AVES,2019,geboren,Zugänge,gestorben,Abgabe,2020,,,,,,,,,,,,
Kranichvögel,Gruiformes,m,w,u,m,w,u,m,w,u,m,w,u,m,w,u,m,w,u
"",Eurypyga helias,1,0,0,1,0,0,0,0,0,0,0,0,0,0,0,2,0,
"",Psophia crepitans,1,1,0,0,0,0,0,0,0,0,0,0,0,0,0,1,1,
"",Anthropoides virgo,1,1,0,0,0,0,0,0,0,0,0,0,0,0,0,1,1,
"",Bugeranus carunculatus,1,1,0,0,0,0,0,0,0,0,0,0,0,0,0,1,1,
"",Grus antigone,1,1,0,0,0,0,0,0,0,0,1,0,0,0,0,1,0,
"",Grus g. grus,1,0,0,0,0,0,0,0,0,0,0,0,0,0,0,1,0,
"",Grus japonensis,1,1,0,0,0,0,0,0,0,0,0,0,0,0,0,1,1,
"",Grus leucogeranus,2,2,0,0,0,0,0,0,0,0,0,0,0,0,0,2,2,
"",Grus nigricollis,1,1,0,0,1,0,0,0,0,0,0,0,0,0,0,1,2,
"",Grus vipio,1,1,0,0,0,0,0,0,0,0,0,0,0,0,0,1,1,
"",Belearica p. pavonina,1,1,0,0,0,0,0,0,0,0,0,0,0,0,0,1,1,
"","Belearica regulorumgibbericeps",1,1,0,0,0,0,0,0,0,0,0,0,0,0,0,1,1,
"",Otis tarda,3,0,0,0,0,0,0,0,0,0,0,0,0,0,0,3,0,
Wat- und Möwenvögel,Charadriiformes,m,w,u,m,w,u,m,w,u,m,w,u,m,w,u,m,w,u
"",Haematopus ostralegus,2,4,0,0,0,0,2,2,0,0,0,0,0,0,0,4,6,
"",Larus atricilla,5,6,0,0,0,0,3,0,1,1,0,0,0,0,0,7,6,
"",Larus cirrocephalus,6,5,0,0,0,0,0,0,0,0,0,0,0,0,0,6,5,
"",Larus crassirostris,1,7,1,0,0,0,1,2,0,0,2,0,0,0,0,2,7,
"",Larus modestus,12,10,0,0,0,0,5,4,0,3,2,0,1,1,0,13,11,
Taubenvögel,Columbiformes,m,w,u,m,w,u,m,w,u,m,w,u,m,w,u,m,w,u
"",Caloenas nicobarica,2,2,0,2,2,0,0,0,0,0,0,0,0,0,0,4,4,
"",Pterocles orientalis,2,2,0,0,0,0,0,1,2,0,2,2,0,0,0,2,1,
"",Gallicolumba crinigera,1,0,0,0,0,0,0,0,0,0,0,0,0,0,0,1,0,
"",Geopelia cuneata,3,3,4,0,0,0,0,0,0,0,0,0,0,0,0,3,3,
"",Streptopelia ch. chinensis,4,3,0,0,0,0,0,0,0,0,0,0,0,0,0,4,3,
"",Streptopelia orientalis,3,2,0,0,0,0,0,0,0,0,0,0,0,0,0,3,2,
"",Goura sclaterii,0,1,0,0,0,0,0,0,0,0,0,0,0,0,0,0,1,
"",Goura cristata,0,2,0,0,0,0,0,0,0,0,0,0,0,0,0,0,2,
Papageien,Psittaciformes,m,w,u,m,w,u,m,w,u,m,w,u,m,w,u,m,w,u
Cacatua go   ni,1,1,0,0,0,0,0,0,0,0,0,0,0,0,0,1,1,,
Cacatua moluccensis,1,0,0,0,0,0,0,0,0,0,0,0,0,0,0,1,0,,
Cacatua sanguinea,3,2,0,0,0,0,2,0,0,0,0,0,0,0,0,5,2,,
Eolophus roseicapilla,4,1,0,0,0,0,0,0,0,0,0,0,0,0,0,4,1,,
Lorius chlorocercus,2,1,0,0,0,0,0,0,0,0,0,0,0,0,0,2,1,,
"Trichoglossus forstenimitchellii",3,2,0,0,0,0,0,0,0,1,0,0,0,0,0,2,2,,
""
VÖGEL,AVES,2019,geboren,Zugänge,gestorben,Abgabe,2020,,,,,,,,,,,,
Papageien,Psittaciformes,m,w,u,m,w,u,m,w,u,m,w,u,m,w,u,m,w,u
"",Eclectus roratus roratus,3,2,0,0,0,0,0,0,0,0,0,0,0,0,0,3,2,
"",Psittacula derbiana,0,1,0,0,0,0,0,0,0,0,0,0,0,0,0,0,1,
"",Agapornisscheri,1,1,0,0,0,0,0,0,0,0,0,0,0,0,0,1,1,
"",Agapornis roseicollis,0,0,43,0,0,0,0,0,1,0,0,3,0,0,0,0,0,
"",Amazona collaria,2,2,0,0,0,0,0,0,0,1,0,0,0,0,0,1,2,
"",Amazona d. dufresniana,0,1,0,0,0,0,0,0,0,0,0,0,0,0,0,0,1,
"",Amazona farinosa,1,0,0,0,0,0,0,0,0,0,0,0,0,0,0,1,0,
"",Amazona festiva bodini,1,1,0,0,0,0,0,0,0,0,0,0,0,0,0,1,1,
"",Coracopsis nigra libs,1,1,0,0,0,0,0,0,0,0,0,0,0,0,0,1,1,
"",Psittacus e. erithacus,3,4,0,0,0,0,0,0,0,0,0,0,0,0,0,3,4,
"","Anodorhynchushyacinthinus",4,3,0,0,0,0,0,1,0,0,0,0,1,0,0,3,4,
"",Ara ambigua,1,2,0,1,0,0,0,0,0,0,0,0,0,0,0,2,2,
"",Ara ararauna,1,1,0,0,0,0,0,0,0,0,0,0,1,1,0,0,0,
"",Ara chloroptera,1,0,0,0,0,0,0,0,0,0,0,0,0,0,0,1,0,
"",Ara glaucogularis,2,1,0,0,0,0,2,0,1,0,0,1,0,0,0,4,1,
"",Ara macao,1,0,0,0,0,0,0,0,0,0,0,0,0,0,0,1,0,
"",Ara rubrogenys,1,1,0,0,0,0,0,0,0,0,0,0,0,0,0,1,1,
"",Aratinga jandaya,4,5,0,0,0,0,4,1,0,2,2,0,0,0,0,6,4,
"",Caynoliseus patagonus,6,7,0,0,0,0,0,0,0,0,0,0,0,0,0,6,7,
"",Loriculus galgulus,0,0,0,4,0,0,0,0,0,2,0,0,0,0,0,2,0,
"",Nymphicus hollandicus,0,0,30,0,0,0,0,0,4,0,0,2,0,0,0,0,0,
"",Melopsittacus undulatus,0,0,39,0,0,0,0,0,50,0,0,21,0,0,10,0,0,
Eulen,Strigiformes,m,w,u,m,w,u,m,w,u,m,w,u,m,w,u,m,w,u
Phodilus badius,4,2,0,0,0,0,1,1,0,0,0,0,2,0,0,3,3,,
Athene noctua,1,0,0,0,0,0,0,0,0,0,0,0,0,0,0,1,0,,
Bubo a. africanus,1,0,0,0,0,0,0,0,0,0,0,0,0,0,0,1,0,,
Bubo bubo bubo,0,1,0,0,0,0,0,0,0,0,0,0,0,0,0,0,1,,
Bubo b. omissus,1,1,0,0,0,0,0,0,0,0,0,0,0,0,0,1,1,,
Bubo b. sibiricus,1,1,0,0,0,0,0,0,0,0,0,0,0,0,0,1,1,,
Bubo capensis mackinderi,1,1,0,0,0,0,0,0,0,0,0,0,0,0,0,1,1,,
Bubo lacteus,1,1,0,0,0,0,1,0,0,0,0,0,1,0,0,1,1,,
Bubo nipalensis blighi,1,1,0,0,0,0,0,0,0,0,0,0,0,0,0,1,1,,
Bubo sumatranus,0,1,0,0,0,0,0,0,0,0,0,0,0,0,0,0,1,,
Bubo virginianus,1,1,0,0,0,0,0,0,0,0,0,0,0,0,0,1,1,,
Nyctea scandiaca,1,1,0,0,0,0,0,0,0,0,0,0,1,1,0,0,0,,
Otus megalotis,1,0,0,0,1,0,0,0,0,0,0,0,0,0,0,1,1,,
Otus kennicotti,1,1,0,0,0,0,0,3,0,0,0,0,0,0,0,1,4,,
Ptilopsis granti,1,1,0,0,0,0,0,0,0,0,1,0,0,0,0,1,0,,
""
VÖGEL,AVES,2019,geboren,Zugänge,gestorben,Abgabe,2020,,,,,,,,,,,,
Eulen,Strigiformes,m,w,u,m,w,u,m,w,u,m,w,u,m,w,u,m,w,u
"",Ninox boobook,1,1,0,0,0,0,0,0,0,0,0,0,0,0,0,1,1,
"",Strix chacoensis,1,0,0,0,1,0,0,0,0,0,1,0,0,0,0,1,0,
"",Strix hylophila,3,2,0,0,0,0,0,0,0,0,1,0,0,0,0,3,1,
"",Strix uralensis,1,1,0,0,0,0,0,0,0,0,0,0,0,0,0,1,1,
Rackenvögel,Coraciiformes,m,w,u,m,w,u,m,w,u,m,w,u,m,w,u,m,w,u
"",Dacelo leachii,1,1,0,0,0,0,0,1,0,0,0,0,0,0,0,1,2,
Sperlingsvögel,Passeriformes,m,w,u,m,w,u,m,w,u,m,w,u,m,w,u,m,w,u
Cotinga cayana,1,1,0,0,0,0,0,0,0,1,0,0,0,0,0,0,1,,
Hypsipetes leucocephalus,1,1,0,1,1,0,0,0,0,0,0,0,0,0,0,2,2,,
Pycnonotus jocosus,4,5,0,0,0,0,0,0,10,1,0,10,0,0,0,3,5,,
Irena puella,1,1,0,0,0,0,0,0,0,1,0,0,0,0,0,0,1,,
Babax lanceolatus,1,1,0,0,0,0,0,0,0,1,0,0,0,0,0,0,1,,
Dryonastes courtoisi,1,1,0,0,4,0,0,0,3,0,0,3,0,0,0,1,5,,
Garrulax canorus,2,2,0,0,0,0,0,0,0,0,0,0,0,0,0,2,2,,
Dryonastes chinensis,1,1,0,0,0,0,0,0,0,0,0,0,0,0,0,1,1,,
Garrulax leucolophus diardi,2,2,0,0,0,0,0,0,0,0,0,0,0,0,0,2,2,,
Trochalopteron milnei,1,2,0,0,0,0,0,0,0,1,0,0,0,0,0,0,2,,
Garrulax monileger,1,0,0,0,0,0,0,0,0,0,0,0,0,0,0,1,0,,
Dryonastes berthemyi,1,1,0,0,0,0,0,0,0,0,0,0,0,0,0,1,1,,
Garrulax pectoralis,0,1,0,0,0,0,0,0,0,0,0,0,0,0,0,0,1,,
Pterorhinus sannio,1,1,0,0,0,0,0,0,0,0,0,0,0,0,0,1,1,,
Liocichla omeiensis,2,2,0,0,0,0,3,0,1,0,1,1,3,0,0,2,1,,
Liocichla steerii,1,1,0,2,1,0,0,0,0,2,0,0,0,0,0,1,2,,
Liocichla ripponi,1,1,0,0,0,0,0,0,0,0,0,0,0,0,0,1,1,,
Turdus dissimilis,1,1,0,0,0,0,0,0,0,0,1,0,0,0,0,1,0,,
Zoothera sibirica,1,0,0,0,0,0,0,0,0,1,0,0,0,0,0,0,0,,
Copsychus malabaricus,0,0,0,2,2,0,0,0,0,0,1,0,0,0,0,2,1,,
Coryphospingus cucullatus,1,0,0,0,0,0,0,0,0,1,0,0,0,0,0,0,0,,
Tangara cayana,6,1,0,0,0,0,0,0,0,0,0,0,0,0,0,6,1,,
Tangara chilensis,1,1,0,0,0,0,0,0,0,0,1,0,0,0,0,1,0,,
Thraupis bonariensis,1,0,0,0,0,0,0,0,0,1,0,0,0,0,0,0,0,,
Ramphocelus bresilius,0,0,0,1,0,0,0,0,0,0,0,0,0,0,0,1,0,,
Carduelis ambigua,3,0,0,0,0,0,0,0,0,2,0,0,0,0,0,1,0,,
Carduelis carduelis caniceps,0,3,0,0,0,0,0,0,0,0,0,0,0,0,0,0,3,,
Eophona migratoria,2,2,0,0,0,0,0,0,0,0,1,0,0,0,0,2,1,,
Rhodopechys obsoleta,1,0,0,0,0,0,0,0,0,1,0,0,0,0,0,0,0,,
""
VÖGEL,AVES,2019,geboren,Zugänge,gestorben,Abgabe,2020,,,,,,,,,,,,
Sperlingsvögel,Passeriformes,m,w,u,m,w,u,m,w,u,m,w,u,m,w,u,m,w,u
Serinus canaria f. domestica,0,0,28,0,0,0,0,0,11,0,0,9,0,0,0,0,0,,
Taeniopygia guttata,0,0,140,0,0,0,0,0,50,0,0,36,0,0,12,0,0,,
Leucopsar rothschildi,0,3,0,0,1,0,0,0,0,0,1,0,0,0,0,0,3,,
Sturnus contra,1,1,0,0,0,0,0,0,0,1,0,0,0,0,0,0,1,,
Cyanopica cyanus,1,1,0,0,0,0,0,1,3,0,0,3,0,0,0,1,2,,
Urocissa erythrorhyncha,1,1,0,0,0,0,2,0,2,0,0,2,0,0,0,3,1,,
"Pantherschildkröteim Tierpark Berlin"
KRIECHTIERE,REPTILIA,2019,geboren,Zugänge,gestorben,Abgabe,2020,,,,,,,,,,,,
"",,m,w,u,m,w,u,m,w,u,m,w,u,m,w,u,m,w,u
Crocodylia,3,4,4,0,0,0,0,0,0,0,0,0,0,0,0,3,4,,
Testudines,46,51,102,8,6,15,0,0,6,2,6,25,9,13,35,43,38,,
Lacertilia,15,13,24,8,4,50,0,0,25,3,2,72,6,2,4,14,13,,
Serpentes,19,14,13,4,3,7,0,0,0,3,2,5,6,5,7,14,10,,
""
LURCHE,AMPHIBIA,2019,geboren,Zugänge,gestorben,Abgabe,2020,,,,,,,,,,,,
"",,m,w,u,m,w,u,m,w,u,m,w,u,m,w,u,m,w,u
Anura,1,1,45,5,3,125,0,0,5,1,1,71,0,0,4,4,3,,
Caudata,0,0,16,0,0,7,0,0,0,0,0,1,0,0,4,0,0,,
KNORPELFISCHE,CHONDRICHTHYES,2019,geboren,Zugänge,gestorben,Abgabe,2020,,,,,,,,,,,,
"",,m,w,u,m,w,u,m,w,u,m,w,u,m,w,u,m,w,u
Batoidea,0,0,1,0,0,0,0,0,0,0,0,0,0,0,0,0,0,,
KNOCHENFISCHE,OSTEICHTHYES,2019,geboren,Zugänge,gestorben,Abgabe,2020,,,,,,,,,,,,
"",,m,w,u,m,w,u,m,w,u,m,w,u,m,w,u,m,w,u
Lepsiosteiformes,0,0,2,0,0,0,0,0,0,0,0,0,0,0,1,0,0,,
Characiformes,0,0,5442,0,0,0,0,0,0,0,0,2395,0,0,0,0,0,,
Cypriniformes,0,0,75,0,0,2,0,0,0,0,0,42,0,0,14,0,0,,
Siluriformes,0,0,221,0,0,0,0,0,0,0,0,9,0,0,0,0,0,,
Cyprinodontiformes,0,0,1000,0,0,0,0,0,0,0,0,966,0,0,0,0,0,,
Perciformes,0,0,594,0,0,49,0,0,954,0,0,362,0,0,208,0,0,,
Tetradontiformes,0,0,6,0,0,0,0,0,0,0,0,0,0,0,0,0,0,,
WIRBELLOSE,INVERTEBRATA,2019,geboren,Zugänge,gestorben,Abgabe,2020,,,,,,,,,,,,
"",,m,w,u,m,w,u,m,w,u,m,w,u,m,w,u,m,w,u
Echinodermata,1,1,55,0,0,0,0,0,0,0,0,16,0,0,0,1,1,,
Mollusca,0,0,245,0,0,15,0,0,0,0,0,20,0,0,0,0,0,,
Arthropoda,6,4,132,7,21,14,0,0,0,13,21,40,0,0,0,0,4,,
Annelida,0,0,2,0,0,0,0,0,0,0,0,0,0,0,0,0,0,,
Plathelminthes,0,0,1,0,0,0,0,0,0,0,0,0,0,0,0,0,0,,
Cnidaria,0,0,376,0,0,58,0,0,228,0,0,64,0,0,0,0,0,,
Porifera,0,0,1,0,0,0,0,0,0,0,0,0,0,0,0,0,0,,
Tierbestand 2020,Anzahl Individuen,Arten/Formen
"",965,
"",1.204,
"",237,
"",125,
"",4.350,
"",993,
Gesamtbestand,7.874,634
""
""
"ZOOLOGISCHER GARTEN BERLIN AGHardenbergplatz 8  •  10787 Berlin  •  info@zoo-berlin.de"
OOLOGISCHER GARTEN BERLIN AG
ardenbergplatz 8  •  10787 Berlin  •  info@zoo-berlin.d
"ZOOLOGISCHER GARTEN BERLIN AGHardenbergplatz 8  •  10787 Berlin  •  info@zoo-berlin.de"
ardenbergplatz 8  •  10787 Berlin  •  info@zoo-berlin.d
"ZOOLOGISCHER GARTEN BERLIN AGHardenbergplatz 8  •  10787 Berlin  •  info@zoo-berlin.de"
OOLOGISCHER GARTEN BERLIN AG
