""
Tagestickets Zoo,Eintrittskarten 2017,Eintrittskarten 2016,+/- Vorjahr in %
Erwachsene,690.974,653.801,6 %
"",160.409,163.532,
Kinder,107.606,101.820,6 %
"",262.132,211.813,
Andere Eintrittsgelder,17.662,23.932,-26 %
Summe Tagestickets Zoo,1.238.783,1.154.898,7 %
Tagestickets Zoo-Aquarium,Eintrittskarten 2017,Eintrittskarten 2016,+/- Vorjahr in %
Erwachsene,341.391,346.618,-2 %
"",76.488,81.421,
Kinder,51.549,56.018,-8 %
"",157.733,127.812,
Andere Eintrittsgelder,1.401,3.822,-63 %
Summe Tagestickets Zoo-Aquarium,628.562,615.691,2 %
SUMME TAGESTICKETS TOTAL,1.867.345,1.770.589,5 %
ZooCard Zoo,Eintrittskarten 2017,Eintrittskarten 2016,+/- Vorjahr in %
Erwachsene,12.535,9.945,26 %
"",3.394,3.145,
Kinder,411,424,-3 %
"",19.193,14.473,
BabyCard (bis 31.01.2016),0,438,-100 %
"",4.616,3.151,
Summe ZooCards Zoo,40.149,31.576,27 %
ZooCard Zoo-Aquarium,Eintrittskarten 2017,Eintrittskarten 2016,+/- Vorjahr in %
Erwachsene,3.538,2.537,39 %
"",1.128,963,
Kinder,176,200,-12 %
"",7.839,5.531,
BabyCard (bis 31.01.2016),0,197,-100 %
"",4.616,3.151,
Summe ZooCards Zoo-Aquarium,17.297,12.579,38 %
SUMME ZOOCARDS TOTAL,57.446,44.155,30 %
Sonstige Tickets Zoo*,141.070,129.070,9 %
"",62.115,57.233,
Summe Tickets Zoo,1.420.002,1.315.544,8 %
"",707.974,685.503,
EINTRITTSKARTEN GESAMT,2.127.976,2.001.047,6 %
Ermittelte Gesamt-Besucher**,3.484.412,3.227.594,8 %
""
""
AKTIVA,2017,2016,
A.,ANLAGEVERMÖGEN,in €,in €
"I.Immaterielle Vermögensgegenstände, gewerblicheSchutzrechte und ähnliche Rechte und Werte","116.202,00","87.586,00",
II.Sachanlagen,,,
1.Grundstücke und Bauten,"36.442.462,00","27.245.124,00",
2.Technische Anlagen und Maschinen,"1.888.071,00","2.060.958,00",
"3.Andere Anlagen, Betriebs- und Geschäftsausstattung","1.712.442,00","1.544.325,00",
4.Geleistete Anzahlungen und Anlagen im Bau,"3.822.491,72","5.197.892,39",
Summe Sachanlagen,"43.865.466,72","36.048.299,39",
"",,,
"","2.000.000,00",,
"","600,00",,
"","2.000.600,00",,
Summe Anlagevermögen,"45.982.268,72","36.135.885,39",
B.,UMLAUFVERMÖGEN,,
"",,,
I.Vorräte,,,
"1.Roh-, Hilfs- und Betriebsstoffe","180.615,00","161.890,00",
2.Fertige Erzeugnisse,"16.072,00","194.995,00",
Summe Vorräte,"196.687,00","356.885,00",
"",,,
"","559.627,37",,
"","862.444,97",,
"","1.422.072,34",,
"III.WertpapiereSonstige Wertpapiere","1,00","1,00",
"IV.Kassenbestand, Guthaben bei Kreditinstituten und Schecks","30.279.501,31","38.851.300,43",
Summe Umlaufvermögen,"31.898.261,65","41.380.672,85",
C.,RECHNUNGSABGRENZUNGSPOSTEN,"524.186,04","76.513,42"
SUMME AKTIVA,"78.404.716,41","77.593.071,66"
""
PASSIVA,2017,2016,
A.,EIGENKAPITAL,in €,in €
I.Gezeichnetes Kapital,,,
1.Grundkapital,"1.716.000,00","1.716.000,00",
2.Nennbetrag eigener Anteile,"-832,00","-676,00",
Summe Gezeichnetes Kapital,"1.715.168,00","1.715.324,00",
"",,"62.659,07",
"",,,
"",,"139.989,53",
"",,"832,00",
"",,"55.756.316,72",
"",,"55.897.138,25",
IV.Gewinnvortrag,"0,00","391.518,01",
V.Jahresüberschuss,"2.691.386,12","3.660.064,77",
"",,"60.366.351,44",
B.,RÜCKSTELLUNGEN,,
"",,,
1.Rückstellungen für Pensionen und ähnliche Verpflichtungen,"11.954.450,68","15.398.797,93",
2.Steuerrückstellungen,"5.969,00","5.969,00",
3.Sonstige Rückstellungen,"2.025.166,00","1.190.030,00",
Summe Rückstellungen,"13.985.585,68","16.594.796,93",
C.,VERBINDLICHKEITEN,,
"1.Erhaltene Anzahlungen auf Bestellungen- davon mit einer Restlaufzeit bis zu einem Jahr € 89.187,50 (Vorjahr: T€ 88)","89.187,50","88.217,00",
"2.Verbindlichkeiten aus Lieferungen und Leistungen- davon mit einer Restlaufzeit bis zu einem Jahr € 1.651.892,39 (Vorjahr: T€ 1.376)","1.867.572,03","1.466.533,15",
"3.Sonstige Verbindlichkeiten:- davon aus Steuern € 39.032,21 (Vorjahr: T€ 80)- davon im Rahmen der sozialen Sicherheit € 16.523,72 (Vorjahr: T€ 27)- davon mit einer Restlaufzeit bis zu einem Jahr € 396.808,95 (Vorjahr: T€ 337)","979.946,76","850.820,03",
Summe Verbindlichkeiten,"2.936.706,29","2.405.570,18",
D.,RECHNUNGSABGRENZUNGSPOSTEN,"1.116.073,00","917.739,23"
SUMME PASSIVA,"78.404.716,41","77.593.071,66"
GEWINN- UND VERLUSTRECHNUNG,2017,,2016,
"",,in €,,in €
"",ENTWICKLUNG DES ANLAGEVERMÖGENS ZUM 31. DEZEMBER 2017 (ANLAGENSPIEGEL),
"",Anschaffungs- und Herstellungskosten,
Alle Werte in €,Stand am 01.01.2017 Zugang Abgang Umbuchung MinderungZuschüsse durch,Stand am 31.12.2017
"49.659.583,55","11.971.670,17","-101.443,57","0,00","0,00","61.529.810,15"
"",,,,Abschreibungen,,,,,Buchwerte
Alle Werte in €,Stand am 01.01.2017,,Zugang,Abgang,Zuschrei- bungen,,Stand am 31.12.2017,,Stand am 31.12.2017 31.12.2016Stand am
"13.523.698,16","2.125.286,84","-101.443,57","0,00","15.547.541,43","45.982.268,72","36.135.885,39"
""
EIGENKAPITALSPIEGEL,01.01.2017,Entnahme,Einstellung,31.12.2017
Eigenkapital,in €,in €,in €,in €
I.   Gezeichnetes Kapital,"1.715.324,00","0,00","-156,00","1.715.168,00"
1. Grundkapital,"1.716.000,00","0,00","0,00","1.716.000,00"
2. Nennbetrag eigener Anteile,"-676,00","0,00","-156,00","-832,00"
"","62.659,07","0,00","0,00",
III.  Gewinnrücklagen,"51.845.399,47","0,00","4.051.738,78","55.897.138,25"
1. Gesetzliche Rücklage,"139.989,53","0,00","0,00","139.989,53"
2. Rücklage für eigene Anteile,"676,00","0,00","156,00","832,00"
3. Andere Gewinnrücklagen,"51.704.733,94","0,00","4.051.582,78","55.756.316,72"
"","391.518,01","-391.518,01","0,00",
V.  Jahresüberschuss,"3.660.064,77","-3.660.064,77","2.691.386,12","2.691.386,12"
"57.674.965,32","-4.051.582,78","6.742.968,90",,
""
""
VERBINDLICHKEITEN,RESTLAUFZEITEN,,,,,,
"",bis zu einem Jahr,"zwischen einemund fünf Jahren",mehr als fünf Jahre,Gesamt,,,
"",2017,2016,2017,2016,2017,2016,2017
"",in €,in T€,in €,in T€,in €,in T€,in €
"1.Erhaltene Anzahlungenauf Bestellungen","89.187,50","88,2","0,00","0,0","0,00","0,0","89.187,50"
"","1.651.892,39","1.375,6","215.679,64","90,9","0,00","0,0",
"3.Sonstige Verbindlichkeiten- davon aus Steuern: 39.032,21 €(Vj.: 79,5 T€)- davon im Rahmen der sozialenSicherheit: 16.523,72 € (Vj.: 26,8 T€)","396.808,95","336,7","16.420,20","16,4","566.717,61","497,7","979.946,76"
"2.137.888,84","1.800,51","232.099,84","107,36","566.717,61","497,71",,
""
""
UMSATZERLÖSE,2017,2016,
"",,in €,in €
"",itte,"21.482.310,27",
Füh,ungsgebühren,"228.052,50","226.208,50"
"",handising,"2.234,07",
Mie,en und Pachten,"1.219.596,66","879.593,75"
"",etingpartnerschaften,"357.268,69",
Lize,zen,"408,68","504,84"
"",tige Umsatzerlöse,"1.384.705,45",
Um,atzerlöse,"24.674.576,32","21.870.155,11"
Prof. Dr. rer. hort. Klaus Neumann . . . . . . . . . . . . . . . . . . . . . . . . . . . . . . . . . . . . . . . . . . .,"Landschaftsarchitekt, Professor an der Beuth-Hochschule"
"",für Technik Berlin (2. stellv. Vorsitzender)
Thomas Albrecht . . . . . . . . . . . . . . . . . . . . . . . . . . . . . . . . . . . . . . . . . . . . . . . . . . . . . . . . . . . . . . . . . .,Beirat der August Storck KG
Prof. Dr. med. vet. Leo Brunnberg . . . . . . . . . . . . . . . . . . . . . . . . . . . . . . . . . . . . . . . . . . .,Direktor der Klinik und Poliklinik für kleine Haustiere Berlin i. R.
Dr. Johannes Evers . . . . . . . . . . . . . . . . . . . . . . . . . . . . . . . . . . . . . . . . . . . . . . . . . . . . . . . . . . . . . . . .,Vorsitzender des Vorstands der Berliner Sparkasse
Prof. Swantje Kühn . . . . . . . . . . . . . . . . . . . . . . . . . . . . . . . . . . . . . . . . . . . . . . . . . . . . . . . . . . . . . . . .,"Architektin, Partnerin GKK Architekten BDA, Professorin an"
"",der Hochschule Ostwestfalen-Lippe
Prof. Dr. Joachim Schindler . . . . . . . . . . . . . . . . . . . . . . . . . . . . . . . . . . . . . . . . . . . . . . . . . . . .,Wirtschaftsprüfer und Steuerberater
Maria Gleichmann-Pieroth . . . . . . . . . . . . . . . . . . . . . . . . . . . . . . . . . . . . . . . . . . . . . . . . . . . .,Beirätin der WIV AG und der Kohl GmbH & Co. KG
Christian Toll . . . . . . . . . . . . . . . . . . . . . . . . . . . . . . . . . . . . . . . . . . . . . . . . . . . . . . . . . . . . . . . . . . . . . . . .,"Tierpfleger, Zoo Berlin AG"
Dr. Petra Warnecke . . . . . . . . . . . . . . . . . . . . . . . . . . . . . . . . . . . . . . . . . . . . . . . . . . . . . . . . . . . . . . .,Bereichsleiterin Auftraggeber und Geschäftsentwicklung
PERSONALKENNZAHLEN,2013,2014,2015,2016,2017
SÄUGETIERE,MAMMALIA,,2016,,geboren,Zugänge,gestorben,Abgabe,,,2017,
Beuteltiere,Marsupialia,m,w,u,m w u,m w u,m w u,m w u,,m,w,u
Parma Känguru,Macropus parma,5,4,0,3 0 1,0 0 0,1 1 0,0 0 0,,7,3,1
Rotes Riesenkänguru,Macropus rufus,1,4,2,1 1 0,0 0 0,0 1 0,2 1 0,,2,3,0
Tanrekartige,Insectivora,m,w,u,m w u,m w u,m w u,m w u,,m,w,u
Kleiner Igeltanrek,Echinops telfairi,1,1,0,0 0 0,0 0 0,0 0 0,0 0 0,,1,1,0
Röhrchenzähner,Tubulidendata,m,w,u,m w u,m w u,m w u,m w u,,m,w,u
Erdferkel,Orycteropus afer,1,1,0,1 0 1,0 0 0,1 0 1,0 0 0,,1,1,0
Rüsseltiere,Proboscidae,m,w,u,m w u,m w u,m w u,m w u,,m,w,u
Asiatischer Elefant,Elephas maximus,1,6,0,0 0 0,0 0 0,0 0 0,0 0 0,,1,6,0
Zahnarme,Pilosa,m,w,u,m w u,m w u,m w u,m w u,,m,w,u
Weißborstengürteltier,Euphractus sexcinctus,3,2,0,0 2 1,0 0 0,0 2 1,2 0 0,,1,2,0
Südliches Kugelgürteltier,Tolypiotes matacus,1,2,0,1 0 0,0 0 0,0 0 0,0 1 0,,2,1,0
Zweifingerfaultier,Choloepus didactylus,1,1,0,0 0 0,0 0 0,0 0 0,0 0 0,,1,1,0
Großer Ameisenbär,Myrmecophaga tridactyla,1,1,0,0 0 0,0 0 0,0 0 0,0 0 0,,1,1,0
Primaten,Primates,m,w,u,m w u,m w u,m w u,m w u,,m,w,u
Grauer Mausmaki,Microcebus murinus,0,2,0,0 0 0,0 0 0,0 0 0,0 0 0,,0,2,0
Weißkopfmaki,Eulemur albifrons,4,2,0,0 1 0,0 0 0,0 1 0,1 0 0,,3,2,0
Bengalischer Plumplori,Nycticebus bengalensis,1,1,0,0 0 0,0 0 0,0 0 0,0 0 0,,1,1,0
Plumplori,Nycticebus coucang,0,1,0,0 0 0,0 0 0,0 0 0,0 0 0,,0,1,0
Senegal-Galago,Galago senegalensis,2,5,0,1 0 4,0 0 0,0 0 4,0 0 0,,3,5,0
Springtamarin,Callimico goeldii,2,1,0,0 0 0,0 0 0,0 0 0,0 0 0,,2,1,0
Geoffroys Seidenäffchen,Callithrix geoffroyi,1,3,0,0 0 0,0 0 0,0 0 0,0 1 0,,1,2,0
Schwarzrücken-Tamarin,Saguinus nigricollis,1,0,0,0 0 0,0 0 0,0 0 0,0 0 0,,1,0,0
Lisztaffe,Saguinus oedipus,1,1,0,0 0 0,0 0 0,0 0 0,0 0 0,,1,1,0
Brauner Kapuziner,Cebus olivaceus,4,3,1,0 0 1,0 0 0,1 0 0,0 0 0,,4,3,1
Totenkopfäffchen,Saimiri sciureus,3,11,0,0 0 0,0 0 0,0 0 0,1 6 0,,2,5,0
Bolivien-Nachtaffe,Aotus azarae,3,3,0,0 0 1,0 0 0,0 0 0,0 0 0,,3,3,1
Roter Springaffe,Callicebus cupreus,2,2,1,0 0 0,0 0 0,0 0 0,0 0 0,,3,2,0
Schwarzer Brüllaffe,Alouatta caraya,0,1,0,0 0 0,0 0 0,0 0 0,0 0 0,,0,1,0
Braunkopfklammeraffe,Ateles fusciceps,1,1,0,0 0 0,0 0 0,0 0 0,0 0 0,,1,1,0
Eulenkopf-Meerkatze,Cercopithecus hamlyni,1,2,0,0 0 0,0 0 0,0 0 0,0 0 0,,1,2,0
Bärenmakak,Macaca arctoides,2,6,0,0 0 0,0 0 0,0 1 0,0 0 0,,2,5,0
Wanderu,Macaca silenus,2,8,1,0 1 0,0 0 0,0 2 1,0 0 0,,2,7,0
""
SÄUGETIERE,MAMMALIA,2016,geboren,Zugänge,gestorben,Abgabe,2017,,,,,,,,,,,,
Primaten,Primates,m,w,u,m,w,u,m,w,u,m,w,u,m,w,u,m,w,u
Ceylon-Hutaffe,Macaca sinica,8,5,0,2,1,0,0,0,0,2,1,0,0,0,0,8,5,0
"",Mandrillus sphinx,3,2,0,0,0,0,0,0,0,1,0,0,0,0,0,2,2,
Mantelpavian,Papio hamadryas,14,19,4,1,1,3,0,0,0,1,3,2,0,0,0,16,20,1
"",Semnopithecus entellus,1,5,0,0,0,0,0,0,0,0,0,0,1,0,0,0,5,
Haubenlangur,Trachypithecus auratus,1,3,0,0,0,0,0,0,0,0,1,0,0,0,0,1,2,0
"",Hylobates pileatus,1,0,0,0,0,0,0,0,0,0,0,0,0,0,0,1,0,
Siamang,Symphalangus syndactylus,2,3,0,1,0,1,0,0,0,1,0,1,0,2,0,2,1,0
"",Gorilla gorilla gorilla,1,4,0,0,0,0,0,0,0,0,0,0,0,0,0,1,4,
Bonobo,Pan paniscus,1,3,0,0,0,0,0,0,0,0,0,0,0,0,0,1,3,0
"",Pan troglodytes,2,3,0,0,0,0,0,0,0,0,0,0,0,0,0,2,3,
Sumatra-Orang-Utan,Pongo pygmaeus,2,4,0,0,0,0,0,0,0,0,0,0,0,0,0,2,4,0
Nagetiere,Rodentia,m,w,u,m,w,u,m,w,u,m,w,u,m,w,u,m,w,u
Prevosts Schönhörnchen,Callosciurus prevostii rafflesii,5,1,0,0,0,0,0,0,0,1,0,0,3,0,0,1,1,0
"","Callosciurus prevostiibangkanus",1,0,0,0,0,0,0,0,0,0,0,0,0,0,0,1,0,
Alpenmurmeltier,Marmota marmota,2,2,0,0,0,0,0,0,0,0,0,0,0,0,0,2,2,0
"",Marmota monax,1,1,0,0,0,0,0,1,0,0,1,0,0,0,0,1,1,
Europäischer Biber,Castor fiber,3,3,0,0,0,0,0,0,0,0,0,0,0,0,0,3,3,0
"",Dipodomys merriami,2,1,0,0,0,0,0,0,0,0,0,0,0,0,0,2,1,
Roborowski-Zwerghamster,Phodopus roborovskii,2,2,0,5,2,0,0,0,0,5,2,0,0,0,0,2,2,0
"",Gerbillus perpallidus,5,12,0,3,3,0,0,0,0,3,3,0,0,0,0,5,12,
Springhase,Pedetes capensis,3,4,0,0,2,0,0,0,0,0,1,0,0,0,0,3,5,0
"",Cryptomys spec. (anselli),6,2,0,0,0,1,0,0,0,2,0,0,0,0,0,4,2,
"WestafrikanischerQuastenstachler",Atherurus africanus,2,1,0,0,0,0,0,0,0,0,0,0,0,0,0,2,1,0
"",Hystrix africaeaustralis,1,2,0,0,0,0,0,0,0,0,0,0,0,0,0,1,2,
Hausmeerschweinchen,Cavia aperea f. percellus,0,0,15,0,0,0,0,0,0,0,0,0,0,0,0,0,0,15
"",Dolichotis patagonum,2,0,0,0,0,0,0,0,0,1,0,0,0,0,0,1,0,
Capybara,Hydrochaeris hydrochaeris,0,1,0,0,0,0,2,0,0,1,0,0,0,0,0,1,1,0
"",Kerodon rupestris,2,5,0,0,0,0,0,0,0,0,1,0,0,0,0,2,4,
Goldaguti,Dasyprocta leporina,0,0,0,0,0,0,0,1,0,0,0,0,0,0,0,0,1,0
"",Spalacopus cyaneus,2,1,0,1,2,0,0,0,0,0,0,0,0,0,0,3,3,
Nutria,Myocastor coypus,0,1,0,0,0,0,0,0,0,0,1,0,0,0,0,0,0,0
""
SÄUGETIERE,MAMMALIA,2016,geboren,Zugänge,gestorben,Abgabe,2017,,,,,,,,,,,,
Hasenartige,Lagomorpha,m,w,u,m,w,u,m,w,u,m,w,u,m,w,u,m,w,u
Grauer Wiener,"Oryctolagus cuniculusf. domestica",0,1,0,0,0,0,0,0,0,0,0,0,0,0,0,0,1,0
"","Oryctolagus cuniculusf. domestica",0,2,0,0,0,0,0,0,0,0,0,0,0,0,0,0,2,
Rheinische Schecken,"Oryctolagus cuniculusf. domestica",1,2,0,0,0,0,0,0,0,0,0,0,0,0,0,1,2,0
"","Oryctolagus cuniculusf. domestica",0,1,0,0,0,0,0,0,0,0,0,0,0,0,0,0,1,
Zwergkaninchen Mix,"Oryctolagus cuniculusf. domestica",0,0,6,0,0,0,0,0,0,0,0,0,0,0,0,0,0,6
"",,,,,,,,,,,,,,,,,,,
Fledertiere,Chiroptera,m,w,u,m,w,u,m,w,u,m,w,u,m,w,u,m,w,u
Gemeiner Vampir,Desmodus rotundus,1,4,0,0,0,0,0,0,0,0,0,0,0,0,0,1,4,0
"",Glossophaga soricina,12,16,0,5,7,0,0,0,0,1,3,0,0,0,0,16,20,
Brillenblattnase,Carollia perspillicata,30,26,0,7,7,0,0,0,0,2,1,0,0,0,0,35,32,0
Raubtiere,Carnivora,m,w,u,m,w,u,m,w,u,m,w,u,m,w,u,m,w,u
Sandkatze,Felis margarita,0,1,0,0,0,0,0,0,0,0,0,0,0,0,0,0,1,0
"",Leopardus pardalis,1,2,0,0,0,0,0,0,0,1,0,0,0,1,0,0,1,
Rostkatze,Prionailurus rubiginosus,1,2,0,0,0,0,0,0,0,0,0,0,0,1,0,1,1,0
"",Panthera leo,0,2,0,0,0,0,0,0,0,0,0,0,0,0,0,0,2,
Jaguar,Panthera onca,1,0,0,0,0,0,0,0,0,0,0,0,0,0,0,1,0,0
"",Panthera pardus saxicolor,1,2,0,0,0,0,0,0,0,0,0,0,0,0,0,1,2,
Jaguarundi,Herpaillurus yaguaroundi,0,1,0,0,0,0,0,0,0,0,0,0,0,0,0,0,1,0
"",Galidia elegans,3,3,0,0,2,1,0,0,0,0,1,0,1,0,0,2,4,
Schmalstreifenmungo,Mungotictis decemlineata,2,5,0,1,0,0,0,0,0,0,1,0,0,0,0,3,4,0
"",Helogale parvula,6,3,0,0,0,0,0,0,0,0,0,0,0,0,0,6,3,
Erdmännchen,Suricata suricatta,2,2,0,0,0,0,0,0,0,0,0,0,0,0,0,2,2,0
"",Canis lupus hudsonicus,3,1,0,0,0,0,0,0,0,1,0,0,0,0,0,2,1,
"Afrikanischer Wildhund,Hyänenhund",Lycaon pictus,0,0,0,0,0,0,2,0,0,0,0,0,0,0,0,2,0,0
"",Vulpes zerda,0,2,0,0,0,0,0,0,0,0,1,0,0,0,0,0,1,
Großer Panda,Ailuropoda melanoleuca,0,0,0,0,0,0,1,1,0,0,0,0,0,0,0,1,1,0
"",Melursus ursinus,3,2,0,0,0,0,0,0,0,0,0,0,0,0,0,3,2,
Eisbär,Ursus maritimus,0,1,0,0,0,0,1,0,0,0,0,0,1,0,0,0,1,0
"",Ursus thibetanus,1,0,0,0,0,0,0,0,0,0,0,0,0,0,0,1,0,
Südafrikanischer Seebär,Arctocephalus pusillus,0,1,0,0,0,0,0,0,0,0,0,0,0,0,0,0,1,0
"",Callorhinos ursinus,0,2,0,0,0,0,0,0,0,0,0,0,0,2,0,0,0,
Kalifornischer Seelöwe,Zalophus californianus,1,6,0,1,0,0,0,0,0,0,1,0,0,0,0,2,5,0
"",Phoca vitulina,1,3,0,2,0,0,0,1,0,0,0,0,0,0,0,3,4,
Zwergotter,Aonyx cinereus,1,2,0,0,0,0,0,0,0,0,0,0,0,0,0,1,2,0
"",Eira barbata,1,1,0,0,0,0,0,0,0,0,0,0,0,0,0,1,1,
Wickelbär,Potos flavus,2,4,0,1,0,1,0,0,0,0,0,1,0,2,0,3,2,0
Nasua nasua,0,4,0,0,0,0,0,0,0,0,2,0,0,0,0,0,2,,
""
SÄUGETIERE,MAMMALIA,2016,geboren,Zugänge,gestorben,Abgabe,2017,,,,,,,,,,,,
Unpaarhufer,Perissodactyla,m,w,u,m,w,u,m,w,u,m,w,u,m,w,u,m,w,u
Zwergesel,Equus asinus f. asinus,2,3,0,0,0,0,0,0,0,0,0,0,1,0,0,1,3,0
"",Equus quagga boehmi,1,5,0,0,1,0,0,0,0,0,0,0,0,0,0,1,6,
Grévy-Zebra,Equus grevyi,1,2,0,1,0,0,0,0,0,0,0,0,0,0,0,2,2,0
"",Equus przewalskii,0,3,0,0,0,0,0,0,0,0,0,0,0,0,0,0,3,
Shetland-Pony,Equus przewalskii f. caballus,2,2,0,1,0,0,0,0,0,0,0,0,0,0,0,3,2,0
"",Tapirus bairdii,1,0,0,0,0,0,0,0,0,0,0,0,0,0,0,1,0,
Flachlandtapir,Tapirus terrestris,1,1,0,0,0,0,0,0,0,0,0,0,0,0,0,1,1,0
"",Diceros bicornis,1,4,0,0,0,0,0,0,0,0,0,0,0,0,0,1,4,
Panzernashorn,Rhinocerus unicornis,1,2,0,0,0,0,0,0,0,1,0,0,0,0,0,0,2,0
Paarhufer,Artiodactyla,m,w,u,m,w,u,m,w,u,m,w,u,m,w,u,m,w,u
Hirscheber,Babyrousa babyrussa,1,2,0,0,0,0,0,0,0,0,0,0,0,0,0,1,2,0
"",Phacochoerus africanus,1,1,0,0,0,0,0,0,0,1,0,0,0,0,0,0,1,
Pinselohrschwein,Potamochoerus porcus pictus,1,2,0,0,0,0,0,0,0,0,1,0,0,0,0,1,1,0
"",Sus b. barbatus,1,0,0,0,0,0,0,0,0,0,0,0,0,0,0,1,0,
Visaya-Pustelschwein,Sus cebifrons medinus,1,1,0,0,0,0,1,0,0,1,0,0,0,0,,1,1,0
"",Sus scrofa f. domestica,1,0,0,0,0,0,0,0,0,0,0,0,0,0,0,1,0,
"VietnamesischesHängebauchschwein",Sus scrofa f. domestica,0,1,0,0,0,0,0,0,0,0,0,0,0,0,0,0,1,0
"",Tayassu tajacu,1,2,0,0,0,0,0,0,0,0,0,0,1,2,0,0,0,
Weißbartpekari,Tayassu pecari,16,24,0,7,1,0,0,0,0,4,2,0,0,0,0,19,23,0
"",Cheoropsis liberiensis,0,2,0,0,0,0,0,0,0,0,1,0,0,0,0,0,1,
Flusspferd,Hippopotamus amphibius,2,3,0,0,0,0,0,0,0,0,0,0,1,0,0,1,3,0
"",Camelus dromedarius,0,2,0,0,0,0,0,0,0,0,0,0,0,0,0,0,2,
Guanako,Lama guanicoe,3,4,0,0,0,0,0,0,0,1,0,0,0,0,0,2,4,0
"",Lama pacos,3,5,0,2,0,0,0,1,0,1,0,0,1,1,0,3,5,
Vikugna,Vicugna vicugna,1,2,0,0,0,0,0,0,0,0,0,0,0,0,0,1,2,0
"",Tragulus javanicus,2,2,0,0,1,0,0,0,0,0,1,0,0,0,0,2,2,
Südlicher Pudu,Pudu pudu,1,4,0,0,2,0,0,0,0,0,1,0,0,2,0,1,3,0
"",Rangifer tarandus fennicus,1,5,0,0,0,0,1,0,0,1,0,0,0,0,0,1,5,
Japan-Sikahirsch,Cervus nippon nippon,0,5,0,0,0,0,0,0,0,0,0,0,0,3,0,0,2,0
"",Dama dama mesopotamica,0,0,0,3,0,0,0,0,0,0,0,0,0,0,0,3,0,
Europäischer Damhirsch,Dama dama,0,4,0,0,0,0,0,0,0,0,0,0,0,4,0,0,0,0
"",Muntiacus reevesi,5,0,0,0,0,0,0,0,0,0,0,0,0,0,0,5,0,
Barasinghahirsch,Rucervus duvauceli,1,2,0,0,0,0,0,0,0,0,0,0,0,0,0,1,2,0
"",Cervus alfredi,1,2,0,1,0,0,0,0,0,0,1,0,0,0,0,2,1,
Chinesisches Wasserreh,Hydropotes inermis,1,2,0,0,0,0,0,0,0,0,0,0,0,0,0,1,2,0
"","Giraffa camelopardalisreticulata",1,0,0,0,0,0,0,0,0,0,0,0,0,0,0,1,0,
Rothschildgiraffe,"Giraffa camelopardalisrothschildi",1,0,0,0,0,0,0,0,0,0,0,0,0,0,0,1,0,0
""
SÄUGETIERE,MAMMALIA,2016,geboren,Zugänge,gestorben,Abgabe,2017,,,,,,,,,,,,
Paarhufer,Artiodactyla,m,w,u,m,w,u,m,w,u,m,w,u,m,w,u,m,w,u
Okapi,Okapi johnstoni,1,1,0,0,0,0,0,0,0,0,0,0,0,0,0,1,1,0
"",Damaliscus pygargus,2,2,0,1,0,0,0,0,0,0,0,0,1,1,0,2,1,
Springbock,Antidorcas marsupialis,3,0,0,0,0,0,0,0,0,1,0,0,0,0,0,2,0,0
"",Antilope cervicapra,1,8,0,0,0,0,0,0,0,0,0,0,0,0,0,1,8,
Südliche Giraffengazellen,Litocranius walleri,1,0,0,0,0,0,0,0,0,0,0,0,0,0,0,1,0,0
"",Madoqua kirkii,3,2,0,3,0,0,0,1,0,1,1,0,2,0,0,3,2,
Präriebison,Bison bison,2,4,0,2,0,0,0,0,0,1,0,0,1,2,0,2,2,0
"",Bison bonasus,2,1,0,1,0,0,0,0,0,0,0,0,1,0,0,2,1,
Java-Banteng,Bos javanicus javanicus,2,6,0,0,2,0,0,0,0,0,3,0,1,0,0,1,5,0
"",Bos taurus,1,2,0,0,3,0,0,0,0,0,0,0,0,2,0,1,3,
Watussi-Rind,Bos taurus taurus watusi,0,1,0,0,0,0,1,1,0,0,0,0,0,0,0,1,2,0
"",Bos gaurus gaurus,2,4,0,0,0,0,0,0,0,0,1,0,1,0,0,1,3,
Wasserbüffel,Bubalus bubalis,2,4,0,1,1,0,0,0,0,0,0,0,1,2,0,2,3,0
"","Bubalus (Anoa)depressicornis",1,2,0,0,0,0,0,0,0,0,0,0,0,0,0,1,2,
Rotbüffel,Syncerus caffer nanus,1,4,0,0,0,0,0,0,0,1,1,0,0,0,0,0,3,0
"",Tragelaphus oryx,5,5,0,0,0,0,0,0,0,0,1,0,4,1,0,1,3,
Nyala,Tragelaphus angasii,2,3,0,1,1,0,0,0,0,1,0,0,1,0,0,1,4,0
"",Tragelaphus euryceros,1,6,0,0,0,0,0,0,0,0,1,0,0,4,0,1,1,
"WestafrikanischeSitatunga",Tragelaphus spekei gratus,4,3,0,0,1,0,0,0,0,1,0,0,1,0,0,2,4,0
"",Tragelaphus strepsiceros,1,3,0,0,1,0,0,0,0,0,2,0,0,0,0,1,2,
Sichuan-Takin,Budorcas taxicolor tibetana,1,1,0,0,0,0,0,0,0,0,0,0,0,0,0,1,1,0
"",Capra aegragrus f. hircus,0,8,0,0,0,0,1,0,0,0,0,0,0,0,0,1,8,
Mischlingsziege,Capra aegragrus f. hircus,1,0,0,0,0,0,0,0,0,0,0,0,0,0,0,1,0,0
"",Capra ibex sibirica,5,8,0,1,5,0,1,0,0,1,2,0,2,2,0,4,9,
Himalya-Tahr,Hemitragus jemlahicus,1,0,0,0,0,0,0,0,0,0,0,0,0,0,0,1,0,0
"",Ovis ammon f. aries,1,3,0,2,3,0,0,0,0,2,3,0,0,0,0,1,3,
Kamerunschaf,Ovis ammon f. aries,1,9,0,7,5,0,0,0,0,7,4,0,0,0,0,1,9,0
"",Cephalophus natalensis,4,6,0,3,0,0,0,0,0,2,1,0,2,2,0,3,3,
"SüdafrikanischeRappenantilope",Hippotragus niger niger,1,2,0,0,1,0,0,0,0,0,0,0,0,0,0,1,3,0
"",Oryx dammah,2,3,0,0,0,0,0,0,0,0,0,0,1,0,0,1,3,
Südliche Oryx,Oryx gazella gazella,1,6,0,1,0,0,0,0,0,1,1,0,0,1,0,1,4,0
"",Kobus ellipsiprymnus defassa,2,2,0,0,2,0,0,0,0,1,2,0,0,0,0,1,2,
"Kafue-Litschi-Moorantilope",Kobus leche kafuensis,3,9,0,0,0,0,0,0,0,0,0,0,0,0,0,3,9,0
""
VÖGEL,AVES,2016,geboren,Zugänge,gestorben,Abgabe,2017,,,,,,,,,,,,
Straußenvögel,Struthioniformes,m,w,u,m,w,u,m,w,u,m,w,u,m,w,u,m,w,u
"SüdafrikanischerBlauhalsstrauß",Strutio camelus australis,3,3,0,0,0,0,0,0,0,0,0,0,2,0,0,1,3,0
"",Rhea americana,0,2,0,0,0,0,0,0,0,0,0,0,0,0,0,0,2,
Helmkasuar,Casuarius casuarius,1,1,0,0,0,0,0,0,0,0,0,0,0,0,0,1,1,0
"",Dromaius novaehollandiae,1,1,0,0,0,0,0,0,0,0,0,0,0,0,0,1,1,
Nördlicher Streifenkiwi,Apteryx australis mantelli,6,3,0,0,0,0,0,1,0,0,0,0,1,0,0,5,4,0
"",,,,,,,,,,,,,,,,,,,
Hühnervögel,Galliformes,m,w,u,m,w,u,m,w,u,m,w,u,m,w,u,m,w,u
Australisches Buschhuhn,Alectura lathami lathami,0,0,0,0,0,0,1,0,0,0,0,0,0,0,0,1,0,0
"",Pipile cumanensis,1,1,1,0,0,0,0,0,0,1,0,0,0,1,0,0,1,
Tuberkel-Hokko,Crax rubra,1,1,0,0,0,0,0,0,0,0,0,0,0,0,0,1,1,0
"",Crax fasciolata,1,0,0,0,0,0,0,0,0,0,0,0,0,0,0,1,0,
Helmperlhuhn,Numida meleagris f. dom.,1,1,0,0,0,12,0,0,0,0,0,3,0,0,0,1,1,9
"",Francolinus frankolinus,1,0,0,0,0,0,0,0,0,1,0,0,0,0,0,0,0,
Harlekinwachtel,Coturnix delegorgnei,2,2,0,0,0,0,0,0,0,0,2,0,0,0,0,2,0,0
"",Coturnix chinensis,8,1,0,3,4,0,0,0,0,4,1,0,0,0,0,7,4,
Strausswachtel,Rollulus roulroul,2,1,0,0,0,2,2,3,0,1,1,0,0,0,0,3,3,2
"",Gallus gallus,1,5,0,0,0,0,0,0,0,1,2,0,0,0,0,2,3,
Federfüßiges Zwerghuhn,Gallus gallus f. domestica,2,10,0,1,0,0,0,0,0,2,0,0,0,0,0,1,10,0
"",Gallus gallus f. domestica,0,12,0,2,1,0,1,0,0,0,2,0,0,0,0,3,11,
"Zwergchabos, schwarz mitweißen Tupfen",Gallus gallus f. domestica,4,13,0,0,0,0,0,0,0,1,0,0,3,13,0,0,0,0
"",Gallus gallus f. domestica,3,4,0,1,3,0,0,0,0,1,1,0,0,0,0,3,6,
Zwergsebright-Huhn,Gallus gallus f. domestica,1,6,0,1,6,0,0,0,0,0,3,0,0,0,0,2,9,0
"",Gallus gallus f. domestica,3,10,0,0,3,0,0,0,0,1,3,0,0,0,0,2,10,
Zwerg Vorwerkhühner,Gallus gallus f. domestica,2,4,0,2,4,0,0,0,0,0,0,0,0,0,0,4,8,0
"",Gallus sonneratii,1,2,0,0,0,0,0,0,0,0,0,0,0,0,0,1,2,
Edwardsfasan,Lophura edwardsi,0,0,0,0,0,0,1,1,0,0,0,0,0,0,0,1,1,0
"",Lophura ignita,1,0,0,0,0,0,0,0,0,0,0,0,0,0,0,1,0,
Prälatfasan,Lophura diardi,0,1,0,0,0,0,0,0,0,0,0,0,0,0,0,0,1,0
"",Syrmaticus ellioti,1,1,0,0,0,0,0,0,0,0,0,0,0,0,0,1,1,
Amherstfasan,Chrysolophus amerstiae,1,0,0,0,0,0,0,1,0,0,0,0,0,0,0,1,1,0
"",Polyplectron germaini,1,0,0,0,0,0,0,1,0,0,0,0,0,0,0,1,1,
Grauer Pfaufasan,Polyplectron bicalcaratum,4,0,0,0,0,0,0,0,0,0,0,0,0,0,0,4,0,0
"",Polyplectron napoleonis,1,1,0,0,0,0,0,1,0,0,1,0,0,0,0,1,1,
Argusfasan,Argusianus argus,1,2,0,0,0,0,0,0,0,0,0,0,0,0,0,1,2,0
Pternistis leucoscepus,1,1,0,0,0,0,0,0,0,0,0,0,0,0,0,1,1,,
""
VÖGEL,AVES,2016,geboren,Zugänge,gestorben,Abgabe,2017,,,,,,,,,,,,
Gänsevögel,Anseriformes,m,w,u,m,w,u,m,w,u,m,w,u,m,w,u,m,w,u
Halsband-Tschaja,Chauna torquata,1,1,0,0,0,0,0,0,0,0,0,0,0,0,0,1,1,0
"",Dendrocygna arborea,0,1,0,0,0,0,0,0,0,0,0,0,0,0,0,0,1,
"Gelbbrustpfeifgans,Fahlpfeifgans",Dendrocygna bicolor,9,3,0,0,0,0,0,0,0,1,2,0,0,0,0,8,1,0
"",Dendrocygna viduata,26,36,7,1,2,0,0,0,0,2,6,5,5,5,0,20,27,
Spaltfußgans,Anseranas semipalmata,0,2,0,0,0,0,0,0,0,0,0,0,0,0,0,0,2,0
"",Anser albrifons flavirostris,2,3,1,0,0,0,0,0,0,2,2,0,0,0,0,1,1,
Schneegans,Anser caerulescens,2,1,0,0,0,0,0,0,0,1,1,0,0,0,0,1,0,0
"",Anser canagicus,2,1,0,0,0,0,0,0,0,1,0,0,1,1,0,0,0,
Schwanengans,Anser cygnoid,5,5,0,0,0,0,0,0,0,0,0,0,0,0,0,5,5,0
"",Anser indicus,1,1,0,0,0,0,0,0,0,0,0,0,0,0,0,1,1,
Weißwangengans,Branta leucopsis,2,2,0,0,0,0,0,0,0,2,1,0,0,0,0,0,1,0
"",Branta ruficollis,4,3,0,0,0,0,0,1,0,0,2,0,0,0,0,4,2,
Hawaiigans,Branta sandvicensis,3,3,0,0,0,0,0,0,0,0,0,0,0,0,0,3,3,0
"",Cyanochen cyanoptera,0,0,0,0,0,0,1,1,0,0,0,0,0,0,0,1,1,
Coskorobaschwan,Coscoroba coscoroba,2,1,0,0,0,0,0,0,0,0,0,0,0,0,0,2,1,0
"",Cygnus atratus,1,0,0,0,0,0,0,0,0,0,0,0,1,0,0,0,0,
Singschwan,Cygnus cygnus,1,0,0,0,0,0,0,0,0,0,0,0,0,0,0,1,0,0
"",Cygnus melancoryphus,1,1,0,0,0,0,0,0,0,0,0,0,0,0,0,1,1,
Mandarinente,Aix galericulata,5,3,0,0,0,0,0,0,0,0,0,0,0,0,0,5,3,0
"",Aix sponsa,12,13,0,0,0,0,0,0,0,0,2,0,0,0,0,12,11,
Nilgans,Alopochen aegyptiacus,2,2,0,0,0,0,0,0,0,0,0,0,0,0,0,2,2,0
"",Anas acuta,4,8,0,0,0,0,0,0,0,0,0,0,0,0,0,4,8,
Bahamaente,Anas bahamensis,14,12,0,0,0,0,2,1,0,4,9,0,0,0,0,12,4,0
"",Anas bernieri,2,1,0,0,0,0,0,0,0,0,0,0,1,0,0,1,1,
Europäische Krickente,Anas crecca,1,2,0,0,0,0,1,0,0,0,0,0,0,0,0,2,2,0
"",Anas flavirostris oxyptera,1,1,0,0,0,0,1,1,0,0,1,0,0,0,0,2,1,
Philippinenente,Anas luzonica,11,13,0,0,0,0,0,0,0,7,7,0,0,0,0,4,6,0
"","Anas platyrhynchusf. domestica",3,5,0,0,0,0,0,0,0,0,0,0,0,0,0,4,4,
Gelbschnabelente,Anas undulata,1,1,0,0,0,0,0,0,0,0,0,0,0,0,0,1,1,0
"",Aythya ferina,16,19,0,0,0,0,0,0,0,0,1,0,0,0,0,16,18,
Reiherente,Aythya fuligula,18,23,0,0,0,0,0,0,0,1,2,0,0,0,0,17,21,0
"",Aythya marila,1,1,3,0,0,2,0,0,0,0,0,4,0,0,0,1,2,
Europäische Moorente,Aythya nyroca,35,29,4,0,0,0,0,0,0,0,0,0,0,0,0,35,29,4
"",Bucephala albeola,1,0,0,0,0,0,0,0,0,1,0,0,0,0,0,0,0,
Eurasische Schellente,Bucephala clangula,1,1,0,0,0,0,0,0,0,0,1,0,0,0,0,1,0,0
"",Calionetta leucophrys,4,3,0,0,0,0,2,1,0,0,0,0,0,0,0,6,4,
Zwergsäger,Mergellus albellus,1,1,0,0,0,0,0,1,0,1,1,0,0,0,0,0,1,0
Lophodytes cucullatus,2,2,0,0,0,0,0,0,0,0,0,0,0,0,0,2,2,,
""
VÖGEL,AVES,2016,geboren,Zugänge,gestorben,Abgabe,2017,,,,,,,,,,,,
Gänsevögel,Anseriformes,m,w,u,m,w,u,m,w,u,m,w,u,m,w,u,m,w,u
Europäischer Gänsesäger,Mergus merganser,2,0,0,0,0,0,0,0,0,0,0,0,0,0,0,2,0,0
"",Netta erythrophthalma,1,0,0,0,0,0,0,0,0,0,0,0,0,0,0,1,0,
Peposakaente,Netta peposaca,8,13,0,0,0,0,0,0,0,0,2,0,0,0,0,8,11,0
"",Netta rufina,15,8,0,0,0,0,0,0,0,0,1,0,0,0,0,15,7,
"NordamerikanischeSchwarzkopf-Ruderente",Oxyura j. jamaicensis,16,17,0,0,0,0,0,0,0,2,1,0,0,0,0,14,16,0
"",Somateria molissima,3,1,0,0,0,0,0,0,0,1,0,0,0,0,0,2,1,
Magellan-Dampfschiffente,Tachyeres pteneres,1,1,0,0,0,0,0,0,0,0,0,0,0,0,0,1,1,0
"",Tadorna ferruginea,2,4,0,0,0,0,1,0,0,0,0,0,0,0,0,3,4,
Brandgans,Tadorna tadorna,15,20,0,0,0,0,0,0,0,2,0,0,0,0,0,13,20,0
"",Mareca falcata,3,0,0,0,0,0,0,0,0,0,0,0,0,0,0,3,0,
Europäische Pfeifente,Mareca penelope,2,5,0,0,0,0,0,0,0,1,0,0,0,0,0,1,5,0
"",Mareca sibilatrix,15,11,0,0,0,0,0,1,0,0,1,0,0,0,0,15,11,
Löffelente,Spatula clypeata,6,8,0,0,0,0,0,0,0,1,0,0,0,0,0,5,8,0
"",Spatula Cyaroptera,0,0,0,0,0,0,1,1,0,0,0,0,0,0,0,1,1,
Hottentottenente,Spatula hottentota,2,1,0,0,0,0,1,2,0,2,0,0,0,0,0,1,3,0
"",Spatula platalea,5,7,0,0,0,0,0,0,0,0,1,0,0,0,0,5,6,
Knäkente,Spatula querquedula,0,0,7,0,0,0,0,0,0,0,0,0,0,0,0,0,0,7
"",Speculanas specularis,1,2,0,0,0,0,0,0,0,0,0,0,0,0,0,1,2,
Malaienente,Asarcornis scutulata,1,1,0,0,0,0,0,0,0,0,0,0,0,0,0,1,1,0
Pinguine,Sphenisciformes,m,w,u,m,w,u,m,w,u,m,w,u,m,w,u,m,w,u
Königspinguin,Aptenodytes patagonica,4,3,0,0,0,0,0,0,0,1,1,0,0,0,0,3,2,0
"",Eudyptes chrysomelas,2,3,0,0,0,0,0,0,0,0,0,0,0,0,0,2,3,
Brillenpinguin,Spheniscus demersus,10,9,0,1,2,3,0,0,0,2,1,0,0,0,0,9,10,3
"",Spheniscus humboldti,8,8,0,0,0,0,0,0,0,0,2,0,0,0,0,8,6,
Flamingos,Phoenicopteriformes,m,w,u,m,w,u,m,w,u,m,w,u,m,w,u,m,w,u
Zwergflamingo,Phoeniconaias minor,22,6,5,0,0,0,2,4,0,1,1,0,6,0,0,18,9,4
"",Phoenicoparrus andinus,3,4,0,0,0,1,4,3,0,0,0,0,0,0,0,7,7,
Jamesflamingo,Phoenicoparrus jamesi,4,6,0,0,0,0,0,0,0,0,0,0,0,0,0,4,6,0
"",Phoenicopterus chilensis,20,18,0,0,0,1,0,0,0,8,4,1,0,0,0,12,14,
Rosaflamingo,Phoenicopterus ruber roseus,22,19,1,0,0,3,1,1,0,6,6,3,1,0,0,17,14,0
"","Phoenicopterus chilensis xPhoenicopterus ruber roseus",0,1,0,0,0,0,0,0,0,0,0,0,0,0,0,0,1,
Schreitvögel,Ciconiiformes,m,w,u,m,w,u,m,w,u,m,w,u,m,w,u,m,w,u
Hammerkopf,Scopus umbretta,0,0,0,0,0,0,1,1,0,0,0,0,0,0,0,1,1,0
"",Ciconia nigra,1,1,0,0,0,0,0,0,0,0,0,0,0,0,0,1,1,
Abdimstorch,Ciconia abdimii,9,11,0,5,5,4,0,0,0,2,0,4,3,3,0,9,13,0
"",Ciconia episcopus,1,1,0,0,0,0,0,0,0,0,0,0,0,0,0,1,1,
Maguari-Storch,Ciconia maguari,1,0,0,0,0,0,0,1,0,0,1,0,0,0,0,1,0,0
""
VÖGEL,AVES,2016,geboren,Zugänge,gestorben,Abgabe,2017,,,,,,,,,,,,
Schreitvögel,Ciconiiformes,m,w,u,m,w,u,m,w,u,m,w,u,m,w,u,m,w,u
Weißstorch,Ciconia ciconia,1,1,0,0,0,0,0,0,0,0,0,0,0,0,0,1,1,0
"",Leptoptilos crumenifer,2,2,0,0,0,0,0,0,0,1,0,0,0,0,0,1,2,
Roter Sichler,Eudocimus ruber,5,6,0,0,0,0,2,2,0,0,3,0,0,0,0,7,5,0
"",Theristicus caudatus,1,1,1,0,0,0,0,0,0,1,0,0,0,0,0,0,1,
Waldrapp,Geronticus eremita,5,5,18,0,0,0,0,0,0,1,0,6,4,5,0,0,0,12
"",Lophotibis cristata,1,1,0,0,0,0,0,0,0,0,0,0,0,0,0,1,1,
Löffler,Platalea leucorodia,0,1,2,0,0,0,0,0,0,0,0,0,0,0,0,0,1,2
"",Bubulcus ibis,15,7,0,0,0,0,0,0,0,5,1,0,4,6,0,6,0,
Paddyreiher,Ardeola grayii,1,0,0,0,0,0,0,0,0,0,0,0,0,0,0,1,0,0
"",Ardeola speciosa,3,2,0,0,0,0,0,0,0,2,0,0,0,0,0,1,2,
Kahnschnabel,Cochlearius cochlearius,1,1,0,0,0,0,0,1,0,0,1,0,0,0,0,1,1,0
"",Ixobrychus minutus,5,3,0,0,0,0,0,0,0,1,0,0,2,0,0,2,3,
Ruderfüßer,Pelicaniformes,m,w,u,m,w,u,m,w,u,m,w,u,m,w,u,m,w,u
"",Pelecanus conspicillatus,3,4,0,0,0,0,0,0,0,0,0,0,0,0,0,3,4,
Krauskopfpelikan,Pelecanus crispus,5,10,0,0,2,0,0,0,0,0,0,0,0,0,0,5,12,0
"",Pelecanus erythrorhynchos,2,2,0,0,0,0,0,0,0,0,0,0,0,0,0,2,2,
Rötelpelikan,Pelecanus rufescens,4,4,0,0,0,0,0,0,0,0,0,0,0,0,0,4,4,0
Greifvögel,Falconiformes,m,w,u,m,w,u,m,w,u,m,w,u,m,w,u,m,w,u
Schopf-Karakara,Caracara plancus,1,1,0,0,0,0,0,0,0,0,0,0,0,0,0,1,1,0
"",Aquila chrysaetos,1,1,0,0,0,0,0,0,0,0,0,0,0,0,0,1,1,
Bartgeier,Gypaetus barbatus,1,1,0,0,0,0,0,0,0,0,0,0,0,0,0,1,1,0
"",Gypohierax angolensis,1,2,0,0,0,0,0,0,0,0,0,0,0,0,0,1,2,
Gänsegeier,Gyps fulvus,3,1,0,0,0,0,0,0,0,1,0,0,0,0,0,2,1,0
"",Haliaetus leucocephalus,1,1,0,0,0,0,0,0,0,0,0,0,0,0,0,1,1,
Schreiseeadler,Haliaetus vocifer,0,1,0,0,0,0,0,0,0,0,0,0,0,0,0,0,1,0
"",Haliastur indus,1,2,0,0,0,0,0,0,0,0,0,0,0,0,0,1,2,
Kappengeier,Necrosyrtes monachus,4,2,0,0,0,0,0,0,0,1,0,0,0,0,0,3,2,0
"",Neophron percnopterus,1,1,0,0,0,0,0,0,0,0,0,0,0,0,0,1,1,
Wüstenbussard,Parabuteo unicinctus,0,1,0,0,0,0,0,0,0,0,0,0,0,0,0,0,1,0
"",Terathopius ecaudatus,1,1,0,0,0,0,0,0,0,0,0,0,0,0,0,1,1,
Wollkopfgeier,Trigonoceps occipitalis,1,0,0,0,0,0,0,0,0,1,0,0,0,0,0,0,0,0
"",Sarcoramphus papa,1,1,0,0,0,0,0,0,0,0,0,0,0,0,0,1,1,
Andenkondor,Vultur gryphus,1,2,0,0,0,0,0,0,0,0,0,0,0,0,0,1,2,0
Kranichvögel,Gruiformes,m,w,u,m,w,u,m,w,u,m,w,u,m,w,u,m,w,u
Senegaltrappe,Eupodotis senegalensis,1,0,0,0,0,0,0,0,0,0,0,0,0,0,0,1,0,0
"",Rhynochetus jubatus,1,1,0,0,0,0,0,0,0,0,0,0,0,0,0,1,1,
Seriema,Cariama cristata,1,1,0,0,0,0,0,0,0,0,0,0,0,0,0,1,1,0
"",Eurypyga helias,1,1,0,0,0,0,0,0,0,0,0,0,0,0,0,1,1,
Wachtelkönig,Crex crex,1,2,0,0,0,0,1,0,0,1,1,0,0,0,0,1,1,0
""
VÖGEL,AVES,2016,geboren,Zugänge,gestorben,Abgabe,2017,,,,,,,,,,,,
Kranichvögel,Gruiformes,m,w,u,m,w,u,m,w,u,m,w,u,m,w,u,m,w,u
Heller Kronenkranich,"Balearica pavoninagibbericeps",2,1,0,0,0,0,0,0,0,0,0,0,0,1,0,2,0,0
"",Grus antigone,0,1,0,0,0,0,0,0,0,0,1,0,0,0,0,0,0,
Mandschurenkranich,Grus japonensis,1,1,0,0,0,0,0,0,0,0,0,0,0,0,0,1,1,0
Wat- und Möwenvögel,Charadriformes,m,w,u,m,w,u,m,w,u,m,w,u,m,w,u,m,w,u
Kap-Triel,Burhinus capensis,2,2,1,0,0,0,0,0,0,1,0,0,0,1,0,1,2,0
"",Haematonus ostralegus,0,0,0,0,0,0,3,0,0,0,0,0,0,0,0,3,0,
"Schwarznacken-Stelzenläufer",Himantopus mexicanus,3,1,3,0,0,0,0,0,0,0,0,1,0,0,0,3,1,2
"",Recurvirostra avosetta,1,1,30,0,0,6,0,0,0,0,0,8,0,0,0,1,1,
Sandregenpfeifer,Charadrius hiaticula,0,0,0,0,0,0,1,1,0,0,0,0,1,0,0,0,1,0
"",Vanellus crassirostris,0,3,0,0,0,0,0,0,0,0,1,0,0,0,0,0,2,
Senegalkiebitz,Vanellus senegallus,0,0,0,0,0,0,1,1,0,0,0,0,0,0,0,1,1,0
"",Vanellus miles miles,3,3,0,0,0,0,0,0,0,1,0,0,1,1,0,1,2,
Kiebitz,Vanellus vanellus),0,0,0,0,0,0,1,1,0,1,1,0,0,0,0,0,0,0
"",Numenius arquata,0,1,0,0,0,0,0,0,0,0,0,0,0,0,0,0,1,
Rotschenkel,Tringa totanus,0,0,1,0,0,0,0,0,0,0,0,0,0,0,0,0,0,1
"",Arenaria interpres,2,0,0,0,0,0,0,0,0,0,0,0,0,0,0,2,0,
Kampfläufer,Philomachus pugnax,0,1,8,0,0,0,0,0,0,2,0,0,0,0,0,3,4,0
"",Sterna paradisaea,0,0,1,0,0,0,0,0,0,0,0,0,0,0,0,0,0,
Inka-Seeschwalbe,Larosterna inca,0,0,17,0,0,2,0,0,0,0,0,5,0,0,0,0,0,14
Taubenvögel,Columbiformes,m,w,u,m,w,u,m,w,u,m,w,u,m,w,u,m,w,u
Mähnentaube,Caloenas nicobarica,1,1,0,0,0,0,0,0,0,0,0,0,0,0,0,1,1,0
"",Chalcophaps indica,1,0,0,0,0,0,0,0,0,1,0,0,0,0,0,0,0,
Felsentaube,Columbia livia,0,0,12,0,0,0,0,0,2,0,0,3,0,0,0,0,0,11
"",Columbia livia f. domestica,0,0,9,0,0,0,0,0,6,0,0,0,0,0,3,0,0,
Deutsche Nonne,Columbia livia f. domestica,0,0,8,0,0,0,0,0,0,0,0,0,0,0,0,0,0,8
"",Columbia livia f. domestica,0,0,0,0,0,5,0,0,0,0,0,0,0,0,0,0,0,
Rote Lockentaube,Columbia livia f. domestica,0,0,3,0,0,0,0,0,0,0,0,0,0,0,0,0,0,3
"",Columbia livia f. domestica,2,2,6,0,0,5,0,0,2,0,0,1,0,0,0,3,3,
"Südd. Mönchstaube,blauweiß geschultert",Columbia livia f. domestica,0,0,7,0,0,0,0,0,0,0,0,0,0,0,0,0,0,7
"",Columbia talpacoti,0,1,0,0,0,0,0,0,0,0,1,0,0,0,0,0,0,
Bartletts Dolchstichtaube,Gallicolumba criniger,5,4,0,0,0,0,0,0,0,0,0,0,2,1,0,3,3,0
"",Gallicolumba luzonica,3,3,0,0,0,0,0,0,0,0,1,0,0,0,0,3,2,
Goldbrust-Erdtaube,Gallicolumba rufigula,1,0,0,0,0,0,0,0,0,0,0,0,0,0,0,1,0,0
"",Gallicolumba tristigmata,0,2,0,0,0,0,0,0,0,0,1,0,0,0,0,0,1,
Jamaica-Erdtaube,Leptotila jamaicensis,1,0,0,0,0,0,0,1,0,0,0,0,0,0,0,1,1,0
"",Leucosarcia melanoleuca,4,1,0,0,0,0,0,0,0,0,0,0,2,0,0,3,1,
Schopftaube,Ocyphaps lophotes,2,0,0,0,0,0,0,0,0,0,0,0,0,0,0,2,0,0
""
VÖGEL,AVES,2016,geboren,Zugänge,gestorben,Abgabe,2017,,,,,,,,,,,,
Taubenvögel,Columbiformes,m,w,u,m,w,u,m,w,u,m,w,u,m,w,u,m,w,u
Kaptäubchen,Oena capensis,1,0,0,0,0,0,1,0,0,0,0,0,0,0,0,2,0,0
"",Otidiphaps nobilis,1,0,0,0,0,0,0,0,0,0,0,0,0,0,0,1,0,
Goldstirnfruchttaube,Ptilinopus aurantiifrons,3,1,0,0,0,0,0,1,0,1,0,0,1,0,0,1,2,0
"",Ptilinopus coronulatus,0,1,0,0,0,0,0,0,0,0,0,0,0,0,0,0,1,
Greyfruchttaube,Ptilinopus greyii,0,0,0,0,0,0,1,3,0,0,0,0,0,0,0,1,3,0
"",Ptilinopus iozonus,1,1,0,0,0,0,0,0,0,0,0,0,0,0,0,1,1,
"Schwarznackenfrucht-taube",Ptilinopus melanospilus,1,2,0,0,0,0,0,0,0,0,0,0,0,0,0,1,2,0
"",Nesoenas picturata,1,1,0,0,0,0,0,0,0,0,1,0,0,0,0,1,0,
Senegaltaube,Spilopelia senegalensis,0,0,4,0,0,0,0,0,0,0,0,2,0,0,0,0,0,2
Papageien,Psittaciformes,m,w,u,m,w,u,m,w,u,m,w,u,m,w,u,m,w,u
Regenbogenlori,Trichoglossus haematodus,0,0,1,0,0,0,0,0,0,0,0,0,0,0,0,0,0,1
"",Psitteuteles goldiei,1,0,1,0,0,0,0,0,0,0,0,0,0,0,0,1,0,
Kea,Nestor notabilis,1,1,0,0,0,0,0,0,0,0,0,0,0,0,0,1,1,0
"",Psephotos chrysopteryglus,1,1,0,0,0,0,0,0,0,0,0,0,0,0,0,1,1,
Schönsittich,Neophema pulchella,1,0,0,0,0,0,0,0,0,0,0,0,0,0,0,1,0,0
"",Melopsittacus undulatus,12,6,1,6,2,9,0,0,0,2,0,0,0,0,0,22,10,
Edelpapagei,Ecletus roratus,1,1,0,0,0,0,0,0,0,0,0,0,0,0,0,1,1,0
"",Andorhynchus hyacinthinus,1,1,0,0,0,0,0,0,0,0,0,0,0,0,0,1,1,
Marakana,Primolius maracana,2,2,0,0,0,0,0,0,0,1,0,0,0,0,0,1,2,0
"",Ara militaris militaris,1,1,0,0,0,0,0,0,0,0,0,0,0,0,0,1,1,
Rotohr-Ara,Ara rubrogenys,0,1,0,0,0,0,0,0,0,0,0,0,0,1,0,0,0,0
"",Pyrrhura rhodocephala,1,0,0,0,0,0,0,1,0,0,0,0,0,0,0,1,1,
Zitronensittich,Bolborhynchus aurifrons,2,0,0,0,0,0,0,0,0,0,0,0,0,0,0,2,0,0
"",Amazona aestiva,0,0,1,0,0,0,0,0,0,0,0,0,0,0,0,0,0,
Weißstirnamazone,Amazona albifrons,1,1,0,0,0,0,0,0,0,0,1,0,0,0,0,1,0,0
"",Amazona autumnalis,0,0,1,0,0,0,0,0,0,0,0,0,0,0,0,0,0,
Kuba-Amazone,Amazona leucocephala,0,1,0,0,0,0,1,0,0,0,0,0,0,0,0,1,1,0
"",Probosciger aterrimus,1,0,0,0,0,0,0,0,0,0,0,0,0,0,0,1,0,
Banks Rabenkakadu,Calytorhynchus banksii,3,1,0,0,0,0,0,0,0,0,0,0,0,0,0,3,1,0
"",Eolophus roseicapillus,4,1,0,0,0,0,0,0,0,0,0,0,0,0,0,4,1,
Weißhaubenkakadu,Cacatua alba,1,1,0,0,0,0,0,0,0,0,0,0,0,0,0,1,1,0
"",Cacatua goffini,1,1,0,0,0,0,0,0,0,0,0,0,0,0,0,1,1,
Inka-Kakadu,Cacatua leadbeateri,2,2,0,0,0,0,0,0,0,0,0,0,0,0,0,2,2,0
"","Cacatua sulphureacitrinocristata",1,1,0,0,0,0,0,0,0,0,0,0,1,0,0,0,1,
Kuckucksvögel,Cuculiformes,m,w,u,m,w,u,m,w,u,m,w,u,m,w,u,m,w,u
Rotkopfturako,Tauraco erythrolophus,0,0,0,1,0,0,0,0,0,0,0,0,0,0,0,1,0,0
Tauraco leucotis,1,2,0,0,0,0,0,0,0,0,0,0,0,0,0,1,2,,
""
VÖGEL,AVES,2016,geboren,Zugänge,gestorben,Abgabe,2017,,,,,,,,,,,,
Kuckucksvögel,Cuculiformes,m,w,u,m,w,u,m,w,u,m,w,u,m,w,u,m,w,u
Schildturako,Musophaga violacea,1,0,0,0,0,0,0,0,0,0,0,0,0,0,0,1,0,0
"",Corythalxoides personatus,2,0,0,0,0,0,0,0,0,0,0,0,0,0,0,2,0,
Weißbauch-Lärmvogel,Criniferoides leucogaster,1,0,0,0,0,0,0,0,0,0,0,0,0,0,0,1,0,0
"",Scythrops novaehollandiae,1,1,0,0,0,0,0,0,0,0,0,0,0,0,0,1,1,
Guira-Kuckuck,Guira guira,0,0,3,1,4,0,2,3,0,0,0,0,1,2,0,2,5,3
"",Geococcyx californianus,2,2,0,0,0,1,0,0,0,0,0,0,0,0,0,2,2,
Weißbrauenkuckuck,Centropus superciliosus,1,0,0,0,0,0,0,0,0,1,0,0,0,0,0,0,0,0
Eulen,Strigiformes,m,w,u,m,w,u,m,w,u,m,w,u,m,w,u,m,w,u
Europäischer Uhu,Bubo bubo bubo,0,2,0,0,0,0,0,0,0,0,0,0,0,0,0,0,2,0
"",Bubo scandiacus,0,0,0,4,0,0,0,0,0,0,0,0,0,0,0,4,0,
"BrasilianischerSperlingskauz",Glaucidium brasilianum,1,1,0,0,0,0,0,0,0,1,1,0,0,0,0,0,0,0
"",Otus scops,1,0,0,0,0,0,0,0,0,0,0,0,0,0,0,1,0,
Weißgesichts-Ohreule,Ptilopsis (Otus) leucotis,0,1,0,0,0,0,0,0,0,0,1,0,0,0,0,0,0,0
"",Pulsatrix perspicillata,1,3,0,0,0,0,0,0,0,0,0,0,0,0,0,1,3,
Bartkauz,Strix nebulosa,1,2,0,0,0,0,0,0,0,1,0,0,0,0,0,0,2,0
Schwalmvögel,Caprimulgiformes,m,w,u,m,w,u,m,w,u,m,w,u,m,w,u,m,w,u
Eulenschwalm,Podargus strigoides,0,1,0,0,0,0,0,0,0,0,1,0,0,0,0,1,0,0
"",,,,,,,,,,,,,,,,,,,
"",,,,,,,,,,,,,,,,,,,
Braunflügel-Mausvogel,Colius striatus kikujuensis,1,1,1,0,0,0,0,0,0,0,0,0,0,0,0,1,1,1
"",Urocolius macrourus,1,0,0,0,0,0,0,0,0,0,0,0,0,0,0,1,0,
Rackenvögel,Coraciiformes,m,w,u,m,w,u,m,w,u,m,w,u,m,w,u,m,w,u
Strichelracke,Coracias naevia,2,2,0,0,0,0,0,0,0,1,1,0,0,0,0,1,1,0
"",Coracias cyanogaster,3,2,0,1,0,0,0,0,0,0,0,0,0,0,0,4,2,
Blauflügel-Jägerliest,Dacelo leachii,1,1,0,3,0,0,0,0,0,0,0,0,0,0,0,4,1,0
"",Dacelo novaeguineae,1,1,0,0,0,0,0,0,0,0,0,0,0,0,0,1,1,
Braunkopfliest,Halcyon albiventris,1,1,0,0,0,0,0,0,0,0,1,0,0,0,0,1,0,0
"",Merops bullockoides,1,2,0,0,0,0,0,0,0,1,1,0,0,0,0,0,1,
Scharlachspint,Merops nubicus,0,1,0,0,0,0,0,0,0,0,0,0,0,0,0,0,1,0
"",Upupa epops,3,0,0,0,0,0,0,0,0,1,0,0,0,0,0,2,0,
Von der Deckens Toko,Tockus deckeni,2,0,0,0,0,0,0,0,0,0,0,0,1,0,0,1,0,0
"",Anthracoceros albiirostris,1,1,0,0,0,0,0,0,0,1,0,0,0,0,0,0,1,
Silberwangen-Hornvogel,Bycanistes brevis,1,1,0,0,0,0,0,0,0,0,0,0,0,0,0,1,1,0
"",Bucorvus abyssinicus,1,0,0,0,0,0,0,0,0,0,0,0,0,0,0,1,0,
Südl. Hornrabe,Bucorvus leadbeateri,1,2,0,0,0,0,0,0,0,0,0,0,0,1,0,1,1,0
Spechtvögel,Piciformes,m,w,u,m,w,u,m,w,u,m,w,u,m,w,u,m,w,u
"Senegal-Furchen-schnabel-Bartvogel",Pogonornis dubius,3,2,0,2,2,0,0,0,0,0,0,0,2,1,0,3,3,0
Trachyphonus darnaudii,1,0,0,0,0,0,0,0,0,1,0,0,0,0,0,0,0,,
""
VÖGEL,AVES,2016,geboren,Zugänge,gestorben,Abgabe,2017,,,,,,,,,,,,
Spechtvögel,Piciformes,m,w,u,m,w,u,m,w,u,m,w,u,m,w,u,m,w,u
Flammenkopf-Bartvogel,"Trachyphonuserythrocephalus",0,0,0,0,0,0,1,1,0,0,0,0,0,0,0,1,1,0
"",Pteroglossus aracari,1,1,0,0,0,0,1,0,0,0,0,0,1,0,0,1,1,
Halsbandarassari,Pteroglossus torquatus,2,0,0,0,0,0,0,0,0,0,0,0,0,0,0,2,0,0
"",Chrysophlegma flavinucha,1,0,0,0,0,0,0,0,0,1,0,0,0,0,0,0,0,
Sperlingsvögel,Passeriformes,m,w,u,m,w,u,m,w,u,m,w,u,m,w,u,m,w,u
Gelbkopfpipra,Pipra erythrocephala,2,2,0,0,0,0,0,0,0,1,0,0,0,0,0,1,2,0
"",Cotinga cayana,2,2,0,0,0,0,0,0,0,0,0,0,0,0,0,2,2,
Purpurbrustkotinga,Querula purpurata,1,0,0,0,0,0,0,0,0,1,0,0,0,0,0,0,0,0
"",Ailuroedos buccoides,1,1,0,0,0,1,0,0,0,0,0,1,0,0,0,1,1,
Blauohrhonigfresser,Entomyzon cyanotis,1,3,0,0,0,0,0,0,0,0,1,0,0,1,0,1,1,0
"",Gymnorhina tibicen,2,1,0,0,0,0,0,0,0,0,0,0,0,0,0,2,1,
Rotschnabelkitta,Urocissa erythroryncha,0,0,0,0,0,0,1,1,0,0,0,0,0,0,0,1,1,0
"",Lanius cabanisi,0,0,0,0,0,0,2,1,0,0,0,0,0,0,0,2,1,
Geierrabe,Corvus albicollis,1,2,0,0,0,0,0,0,0,0,0,0,0,1,0,1,1,0
"",Corvus albus,1,0,0,0,0,0,0,0,0,0,0,0,0,0,0,1,0,
Trompeterparadieskrähe,Phonygammus keraudrenii,1,0,0,0,0,0,0,0,0,0,0,0,0,0,0,1,0,0
"",Pycnonotus jocosus,2,5,1,0,0,0,0,0,0,1,0,0,0,2,0,2,3,
Gelbsteissbülbül,Pycnonotus xanthorrous,1,0,0,0,0,0,0,1,0,0,0,0,0,0,0,1,1,0
"",Pycnonotus barbatus,1,0,0,0,0,0,0,0,0,0,0,0,0,0,0,1,0,
Weißohrbülbül,Pycnonotus leucogenys,1,0,0,0,0,0,0,0,0,0,0,0,0,0,0,1,0,0
"",Zosterops kikuyuensis,0,0,2,0,0,0,0,0,0,0,0,0,0,0,0,0,0,
Elfenblauvogel,Irena puella,0,1,0,0,0,0,0,0,0,0,0,0,0,0,0,0,1,0
"",Acridotheres tristis,0,1,0,0,0,0,0,0,0,0,0,0,0,0,0,0,1,
Malaienstar,Aplonis panayensis,2,7,10,0,0,0,0,0,0,0,0,0,0,0,0,2,7,10
"",Cinnyricinclus leucogaster,3,4,0,0,0,0,0,0,0,0,0,0,0,0,0,3,4,
Königsglanzstar,Cosmopsarus regius,5,4,0,1,0,0,0,0,0,0,0,0,0,0,0,6,4,0
"",Creatophora cinerea,3,2,0,0,0,0,0,0,0,0,0,0,0,0,0,3,2,
Mittelbeo,Gracula religiosa intermedia,1,0,0,0,0,0,0,0,0,0,0,0,0,0,0,1,0,0
"",Lamprotomis chalybaeus,0,0,1,0,0,0,0,0,0,0,0,0,0,0,0,0,0,
Smaragdglanzstar,Lamprotornis iris,0,1,0,0,0,0,0,0,0,0,0,0,0,0,0,0,1,0
"",Lamprotomis purpuropterus,1,1,0,0,0,0,0,0,0,0,0,0,0,0,0,1,1,
Balistar,Leucopsar rothschildi,5,3,0,2,2,1,0,0,0,0,0,1,4,3,0,3,2,0
"",Lamprotornis superbus,1,1,5,0,0,0,0,0,0,0,0,1,0,0,0,1,1,
Elsterstar,Sturnus contra,0,0,1,0,0,0,0,0,0,0,0,1,0,0,0,0,0,0
"",Sturnus pagodarum,0,1,0,0,0,0,0,0,0,0,1,0,0,0,0,0,0,
Tropfenrötel,Cichladusa guttata,2,0,0,0,0,0,0,2,0,0,0,0,0,0,0,2,2,0
"",Zoothera citrina,0,0,0,0,0,0,1,1,0,0,0,0,0,0,0,1,1,
Sumbawadrossel,Zoothera dohertyi,1,1,0,0,0,0,0,0,0,1,0,0,0,0,0,0,1,0
""
VÖGEL,AVES,2016,geboren,Zugänge,gestorben,Abgabe,2017,,,,,,,,,,,,
Sperlingsvögel,Passeriformes,m,w,u,m,w,u,m,w,u,m,w,u,m,w,u,m,w,u
Chinesischer Sonnenvogel,Leiothrix lutea,1,3,0,0,0,0,1,1,0,0,0,0,0,0,0,2,4,0
"",Panurus biarmicus,1,0,0,0,0,0,0,0,0,0,0,0,0,0,0,1,0,
Kupfernektarvogel,Nectarinia cuprea,1,0,0,0,0,0,0,0,0,1,0,0,0,0,0,0,0,0
"",Dinemellia dinemelli,4,3,0,0,0,0,0,0,0,0,0,0,0,0,0,4,3,
Marmorweber,Pseudonigrita arnaudi,0,1,0,0,0,0,0,0,0,0,0,0,0,0,0,0,1,0
"",Sporopipes frontalis,0,0,1,0,0,0,0,0,0,0,0,1,0,0,0,0,0,
Feuerweber,Euplectes orix franciscanus,0,0,1,0,0,0,0,0,0,0,0,1,0,0,0,0,0,0
"",Euplectes orix,0,0,3,0,0,0,0,0,0,0,0,1,0,0,0,0,0,
Genickbandweber,Ploceus castaneiceps,6,1,0,0,0,0,0,0,0,0,0,0,0,0,0,6,1,0
"",Ploceus cucullatus,1,0,0,0,0,0,2,3,0,1,0,0,0,0,0,2,3,
Weißwangenastrild,Nesocharis capistrata,1,1,0,3,1,0,0,0,0,0,0,0,0,0,0,4,2,0
"",Estrilda astrild,1,1,2,0,0,0,0,0,0,0,0,0,0,0,0,1,1,
Rotbrust-Samenknacker,Spermophaga haematina,2,2,0,0,0,0,0,0,0,0,1,0,0,0,0,2,1,0
"",Uraeginthus bengalus,3,2,0,0,0,2,5,5,0,7,6,0,0,0,0,2,2,
Blaukopfschmettlingsfink,Uraeginthus cyanocephala,2,2,0,0,0,0,0,0,0,1,0,0,0,0,0,1,2,0
"",Euschistospiza dybowskii,2,2,0,0,0,0,0,0,0,0,2,0,0,0,0,2,0,
Grüner Tropfenastrid,Hypargos nitidula,0,0,0,0,0,0,2,2,0,0,0,0,0,0,0,2,2,0
"",Hypargos niveaoguttatus,3,0,0,0,0,0,0,0,0,2,0,0,0,0,0,1,0,
Auroraastrild,Pytilia phoenicoptera,3,3,0,0,0,0,0,0,0,0,1,0,0,0,0,3,2,0
"","Lagonosticta senegalaruberrima",1,1,0,0,0,0,0,0,0,0,0,0,0,0,0,1,1,
Schwarzkehlamarant,Lagonosticta larvata,5,5,0,0,0,0,0,0,0,0,1,0,0,0,0,5,4,0
Amadina fasciata,2,1,0,0,0,0,0,0,0,1,0,0,0,0,0,1,1,,
""
VÖGEL,AVES,2016,geboren,Zugänge,gestorben,Abgabe,2017,,,,,,,,,,,,
Sperlingsvögel,Passeriformes,m,w,u,m,w,u,m,w,u,m,w,u,m,w,u,m,w,u
Goldbrüstchen,Amandava subflava,1,1,0,0,0,0,0,0,0,0,0,0,0,0,0,1,1,0
"",Amandava amandava,1,1,0,0,0,0,0,0,0,0,0,0,0,0,0,1,1,
Rebhuhnastrild,Ortygospiza atricollis,1,0,0,0,0,0,0,0,0,0,0,0,0,0,0,1,0,0
"",Neochmia ruficauda,0,1,0,0,0,0,3,0,0,1,1,0,0,0,0,2,0,
Zebrafink,Taeniopygia guttata,1,1,4,0,0,0,0,0,0,0,0,1,0,0,0,1,1,3
"","Stizoptera bichenoviibichenovii",1,1,3,0,0,0,0,0,0,1,2,1,0,0,0,0,0,
Maskenamadine,Poephila personata,1,0,0,0,0,0,0,0,0,1,0,0,0,0,0,0,0,0
"",Poephila acuticauda,1,2,0,0,0,0,0,0,0,1,0,0,0,0,0,0,2,
Gürtelgrasfink,Phoephila cincta,1,0,2,0,0,0,0,0,0,1,0,2,0,0,0,1,0,2
"",Erythrura tricolor,2,3,0,0,0,0,0,0,0,1,1,0,0,0,0,1,2,
"RotköpfigePapageiamadine",Erythrura cyaneovirens,1,1,0,0,0,0,0,0,0,0,0,0,0,0,0,1,1,0
"",Erythura gouldiae,1,1,0,0,0,0,0,0,0,0,0,0,0,0,0,1,1,
Silberschnäbelchen,Euodice cantans,2,2,4,0,0,0,0,0,0,2,2,0,0,0,0,0,0,4
"",Lonchura castaneothorax,1,1,0,0,0,0,0,0,0,0,0,0,0,0,0,1,1,
Reisfink,Padda oryzivora,0,0,36,0,0,0,0,0,0,0,0,3,2,2,0,1,1,27
"",Serinus mozambica,1,1,0,0,0,0,0,0,0,0,0,0,0,0,0,1,1,
Rotkopfstärlinge,"Amblyrhamphusholosericeus",0,1,0,0,0,0,0,0,0,0,0,0,0,0,0,0,1,0
"",Cacicus haemorrhous,2,0,0,0,0,0,0,0,0,0,0,0,0,0,0,2,0,
Trauerpfäffchen,Sporophila luctuosa,1,0,0,0,0,0,0,0,0,0,0,0,0,0,0,1,0,0
"",Tiaris canora,3,3,0,0,2,0,0,0,0,1,1,0,2,0,0,0,4,
Roter Kardinal,Cardinalis cardinalis,2,1,0,0,0,0,0,0,0,0,0,0,0,0,0,2,1,0
"",Passerina caerulea,1,1,0,0,0,0,0,0,0,0,0,0,0,0,0,1,1,
Maskenpitpit,Dacnis lineata,1,2,0,0,0,0,0,0,0,0,1,0,0,0,0,1,1,0
"",Ramphocelus bresilius,2,1,0,0,0,0,0,0,0,0,0,0,1,0,0,1,1,
Paradiestangare,Tangara chilensis,2,2,0,0,0,0,0,0,0,0,0,0,0,0,0,2,2,0
Thraupis episcopus,2,3,0,0,0,0,0,0,0,0,0,0,0,0,0,2,3,,
KRIECHTIERE,REPTILIA,Artenzahl,,2016,,Zugänge,geboren,gestorben,Abgabe,,,2017,
"",,,m,w,u,m w u,m w u,m w u,m w u,,m,w,u
Schnabelköpfe,Sphenodontia,1,1,3,0,0 0 0,0 0 0,0 0 0,0 0 0,,1,3,0
Schildkröten,Testudines,12,11,14,23,0 0 3,0 0 8,0 0 3,0 0 13,,11,14,18
Krokodile,Crocodylia,3,2,6,0,0 0 0,0 0 0,0 0 0,0 0 0,,2,6,0
Echsen,Lacertilia,33,24,57,23,0 0 30,0 0 89,0 0 28,0 0 62,,24,57,52
Schlangen,Serpentes,14,29,19,9,0 0 8,0 0 0,0 0 5,0 0 8,,29,19,4
LURCHE,AMPHIBIA,Artenzahl,,2016,,Zugänge,geboren,gestorben,Abgabe,,,2017,
"",,,m,w,u,m w u,m w u,m w u,m w,u,m,w,u
Froschlurche,Anura,31,0,0,324,0 0 211,0 0 164,0 0 232,0 0,0,0,0,467
Schwanzlurche,Caudata,12,0,0,159,0 0 0,0 0 22,0 0 11,0 0,7,0,0,163
Schleichenlurche,Gymnophionia,1,0,0,6,0 0 0,0 0 0,0 0 0,0 0,2,0,0,4
KNORPELFISCHE,CHONDRICHTHYES,Artenzahl,,2016,,Zugänge,geboren,gestorben,Abgabe,,,2017,
"",,,m,w,u,m w u,m w u,m w u,m w,u,m,w,u
Haie,Selachii,11,0,0,34,0 0 0,0 0 0,0 0 0,0 0,0,0,0,34
Rochen,Batoidea,4,0,0,24,0 0 5,0 0 0,0 0 1,0 0,2,0,0,25
Seekatzen,Holocephali,1,1,0,1,1 1 0,0 0 0,1 1 1,0 0,0,1,0,0
KNOCHENFISCHE,OSTEICHTHYES,Artenzahl,,2016,,Zugänge,geboren,gestorben,Abgabe,,,2017,
"",,,m,w,u,m w u,m w u,m w u,m w,u,m,w,u
Flösselhechtartige,Polypteriformes,2,0,0,17,0 0 0,0 0 0,0 0 14,0 0,0,0,0,3
Störartige,Acipenseriformes,0,0,0,1,0 0 0,0 0 0,0 0 1,0 0,0,0,0,0
Knochenhechtartige,Lepisosteiformes,3,0,0,15,0 0 0,0 0 0,0 0 4,0 0,0,0,0,11
Tarpunartige,Elopiformes,1,0,0,9,0 0 0,0 0 0,0 0 0,0 0,0,0,0,9
Aalartige,Anguilliformes,6,0,0,39,0 0 47,0 0 0,0 0 34,0 0,0,0,0,52
Knochenzünglerartige,Osteoglossiformes,5,0,0,41,0 0 0,0 0 0,0 0 3,0 0,0,0,0,38
Hechtartige,Esociformes,0,0,0,0,0 0 0,0 0 0,0 0 0,0 0,0,0,0,0
Schildfischartige,Gobiesociformes,0,0,0,0,0 0 0,0 0 0,0 0 0,0 0,0,0,0,0
Salmlerartige,Characiformes,48,0,0,1548,0 0 653,0 0 0,0 0 1176,0 0,0,0,0,1025
Karpfenfischartige,Cypriniformes,35,0,0,693,0 0 366,0 0 0,0 0 350,0 0,0,0,0,709
Neuwelt-Messerfische,Gymnotiformes,1,0,0,1,0 0 0,0 0 0,0 0 0,0 0,0,0,0,1
Welse,Siluriformes,79,0,0,596,0 0 197,0 0 0,0 0 147,0 0,0,0,0,646
Froschfische,Batrachoidiformes,1,0,0,3,0 0 0,0 0 0,0 0 2,0 0,0,0,0,1
""
KNOCHENFISCHE,OSTEICHTHYES,Artenzahl,2016,Zugänge,geboren,gestorben,Abgabe,2017,,,,,,,,,,,,
"",,,m,w,u,m,w,u,m,w,u,m,w,u,m,w,u,m,w,u
Armflosser,Lophiiformes,0,0,0,0,0,0,0,0,0,0,0,0,0,0,0,0,0,0,0
"",Gadiformes,4,0,0,7,0,0,2,0,0,0,0,0,2,0,0,0,0,0,
Ährenfischartige,Atheriniformes,8,0,0,51,0,0,76,0,0,0,0,0,14,0,0,0,0,0,113
"",Cyprinidontiformes,17,0,0,515,0,0,45,0,0,153,0,0,190,0,0,58,0,0,
Schleimkopfartige,Beryciformes,2,0,0,13,0,0,0,0,0,0,0,0,1,0,0,0,0,0,12
"",Sygnathiformes,9,0,0,116,0,0,83,0,0,0,0,0,35,0,0,2,0,0,
Stachelaalartige,Synbranchiformes,1,0,0,1,0,0,0,0,0,0,0,0,1,0,0,0,0,0,0
"",Scorpaeniformes,9,0,0,12,0,0,7,0,0,0,0,0,2,0,0,0,0,0,
Labyrinthfische,Anabantiformes,4,0,0,48,0,0,0,0,0,0,0,0,26,0,0,0,0,0,22
"",Perciformes,205,0,0,1845,0,0,303,0,0,101,0,0,361,0,0,9,0,0,
Plattfische,Pleuronectiformes,5,0,0,35,0,0,0,0,0,0,0,0,9,0,0,0,0,0,26
Tetradontiformes,12,0,0,19,0,0,3,0,0,0,0,0,6,0,0,0,0,0,,
Lungenfischartige,Lepidosireniformes,3,0,0,5,0,0,0,0,0,0,0,0,0,0,0,0,0,0,5
WIRBELLOSE,INTERVEBRATA,Artenzahl,2016,Zugänge,geboren,gestorben,Abgabe,2017,,,,,,,,,,,,
"",,,m,w,u,m,w,u,m,w,u,m,w,u,m,w,u,m,w,u
Manteltiere,Tunicata,1,0,0,26,0,0,0,0,0,0,0,0,6,0,0,0,0,0,20
"",Echinodermata,27,0,0,237,0,0,51,0,0,0,0,0,22,0,0,0,0,0,
Weichtiere,Mollusca,24,0,0,458,0,0,92,0,0,0,0,0,69,0,0,0,0,0,481
"",Insecta,64,0,0,2319,0,0,635,0,0,1845,0,0,1696,0,0,53,0,0,
Spinnentiere,Arachnida,24,0,0,97,0,0,71,0,0,0,0,0,24,0,0,50,0,0,94
"",Myriapoda,12,0,0,248,0,0,44,0,0,40,0,0,2,0,0,5,0,0,
Krebstiere,Crustacea,36,0,0,1024,0,0,57,0,0,0,0,0,270,0,0,0,0,0,811
"",Annelida,5,0,0,78,0,0,0,0,0,0,0,0,0,0,0,0,0,0,
Schwämme,Porifera,7,0,0,42,0,0,0,0,0,0,0,0,2,0,0,0,0,0,40
Cnidaria,131,0,0,5933,0,0,148,0,0,845,0,0,181,0,0,251,0,0,,
Tierbestand 2017,Anzahl Individuen,Arten/Formen
"",,
Säugetiere,781,155
"",1.626,
Kriechtiere,240,63
"",634,
Fische,5.279,476
"",11.659,
Gesambestand,20.219,1.373
""
Tagestickets Tierpark,Eintrittskarten 2017,Eintrittskarten 2016,+/- Vorjahr in %
Erwachsene,301.643,317.524,-5 %
"",61.706,70.323,
Kinder,67.319,67.483,0 %
"",84.996,83.173,
Andere Eintrittsgelder,3.377,4.101,-18 %
Summe Tagestickets,519.041,542.604,-4 %
TierparkCard,,,
Erwachsene,14.487,12.633,15 %
"",3.104,3.119,
Kinder,429,435,-1 %
"",14.486,10.666,
BabyCard 01.10.2010–31.01.2016,0,487,-100 %
"",4.616,3.151,
Summe TierparkCards,37.122,30.491,22 %
Sonstige Tickets Tierpark*,,,
Summe sonstige Tickets Tierpark,102.579,109.081,-6 %
Eintrittskarten Gesamt,658.742,682.176,-3 %
Ermittelte Besucher **,1.427.920,1.318.122,8 %
""
""
AKTIVA,2017,2016,
A.,ANLAGEVERMÖGEN,in €,in €
"I.Immaterielle Vermögensgegenstände, gewerblicheSchutzrechte und ähnliche Rechte und Werte","44.821,00","3.431,00",
II.Sachanlagen,,,
1.Grundstücke und Bauten,"2.535.542,00","2.302.979,00",
2.Technische Anlagen und Maschinen,"123.318,00","141.698,00",
"3.Andere Anlagen, Betriebs- und Geschäftsausstattung","838.222,05","623.509,05",
4.,Geleistete Anzahlungen und Anlagen im Bau,"2.102.136,74","269.192,24"
Summe Sachanlagen,"5.599.218,79","3.337.378,29",
"",,,
"","600,00",,
Summe Anlagevermögen,"5.644.639,79","3.340.809,29",
B.,UMLAUFVERMÖGEN,,
I.Vorräte,,,
"1.Roh-, Hilfs- und Betriebsstoffe","112.530,00","104.197,54",
2.Fertige Erzeugnisse,"4.746,00","11.612,00",
Summe Vorräte,"117.276,00","115.809,54",
"",,,
"","431.596,10",,
"","9.858,38",,
"","76.288,44",,
"","517.742,92",,
"III.WertpapiereSonstige Wertpapiere","1,00","1,00",
"IV.Kassenbestand, Guthaben bei Kreditinstituten und Schecks","3.283.398,93","2.916.723,09",
Summe Umlaufvermögen,"3.918.418,85","3.521.085,86",
C.,RECHNUNGSABGRENZUNGSPOSTEN,"10.673,61","11.192,58"
SUMME AKTIVA,"9.573.732,25","6.873.087,73"
""
PASSIVA,2017,2016,
A.,EIGENKAPITAL,in €,in €
"",I.Gezeichnetes Kapital,"409.033,50","409.033,50"
"",II.Andere Gewinnrücklagen,"1.206.734,47","1.206.734,47"
"",III.Gewinnvortrag,"1.185.170,85","438.141,16"
"","IV.Jahresüberschuss","591.148,76","747.029,69"
Su,me Eigenkapital,"3.392.087,58","2.800.938,82"
"",,,
B.,RÜCKSTELLUNGEN,,
1.Rückstellungen für Pensionen und ähnliche Verpflichtungen,"619.956,00",,
2.Sonstige Rückstellungen,"792.595,00",,
me Rückstellungen,"1.412.551,00",,
C.,VERBINDLICHKEITEN,,
"","1.Erhaltene Anzahlungen- davon mit einer Restlaufzeit bis zu einem Jahr: € 82.427,40 (Vj.: T€ 58)","82.427,40","58.420,60"
"","2.Verbindlichkeiten aus Lieferungen und Leistungen- davon mit einer Restlaufzeit bis zu einem Jahr: € 800.680,17 (Vj.: T€ 781)","824.283,40","811.654,19"
"","3.Verbindlichkeiten gegenüber verbundenen Unternehmen- mit einer Restlaufzeit bis zu einem Jahr: € 0,00  (Vj.: T€ 19)","2.000.000,00","0,00"
"","4.Sonstige Verbindlichkeiten- aus Steuern: € 293,40 (Vj.: T€ 72)- im Rahmen der sozialen Sicherheit: € 1.833,80 (Vj.: T€ 1)- mit einer Restlaufzeit bis zu einem Jahr: € 363.082,00 (Vj.: T€ 851)","1.120.657,87","887.622,82"
Su,me Verbindlichkeiten,"4.027.368,67","1.757.697,61"
D.,RECHNUNGSABGRENZUNGSPOSTEN,"741.725,00","570.693,70"
SUMME PASSIVA,"9.573.732,25","6.873.087,73"
GEWINN-UND VERLUSTRECHNUNG,2017,,2016,
"",,in €,,in €
""
ENTWICKLUNG DES ANLAGEVERMÖGENS ZUM 31. DEZEMBER 2017 (ANLAGENSPIEGEL),,,,,,
"",Anschaffungs- und Herstellungskosten,,,,,
Alle Werte in €,"Stand am01.01.2017",Zugang,Abgang,Umbuchung,"MinderungdurchZuschüsse","Stand am31.12.2017"
"I.  ImmaterielleVermögensgegenständeGewerbliche Schutzrechte undähnliche Rechte und Werte","78.055,37","46.159,44","-452,40","0,00","0,00","123.762,41"
"","78.055,37","46.159,44","-452,40","0,00","0,00","123.762,41"
"","3.737.055,39522.067,012.562.310,87269.192,24","33.460,614.720,33406.226,772.850.701,16","0,000,00-83.154,660,00","342.719,130,000,00-342.719,13","0,000,000,00-675.037,53",
"","7.090.625,51","3.295.108,87","-83.154,66","0,00","-675.037,53",
"III.  FinanzanlagenGenossenschaftsanteile","0,00","600,00","0,00","0,00","0,00","600,00"
"","0,00","600,00","0,00","0,00","0,00","600,00"
"7.168.680,88","3.341.868,31","-83.607,06","0,00","-675.037,53",,
"",Abschreibungen,Buchwerte,,,,,
Alle Werte in €,"Stand am01.01.2017",Zugang,Abgang,"Zu-schrei-","Stand am31.12.2017","Stand am31.12.2017","Stand am31.12.2016"
"",,,,,,,
"I.  ImmaterielleVermögensgegenständeGewerbliche Schutzrechte undähnliche Rechte und Werte","74.624,37","4.769,44","-452,40","0,00","78.941,41","44.821,00","3.431,00"
"","74.624,37","4.769,44","-452,40","0,00","78.941,41","44.821,00","3.431,00"
"","1.434.076,39380.369,011.938.801,820,00","143.616,7423.100,33191.513,770,00","0,000,00-83.154,660,00","0,000,000,000,00","1.577.693,13403.469,342.047.160,930,00","2.535.542,00123.318,00838.222,052.102.136,74",
"","3.753.247,22","358.230,84","-83.154,66","0,00","4.028.323,40","5.599.218,79",
"III.  FinanzanlagenGenossenschaftsanteile","0,00","0,00","0,00","0,00","0,00","600,00","0,00"
"","0,00","0,00","0,00","0,00","0,00","600,00","0,00"
"3.827.871,59","363.000,28","-83.607,06","0,00","4.107.264,81","5.644.639,79",,
""
""
EIGENKAPITALSPIEGEL,01.01.2017,Entnahme,Zuführung,31.12.2017
Eigenkapital,in €,in €,in €,in €
I.   Gezeichnetes Kapital,"409.033,50","0,00","0,00","409.033,50"
"","1.206.734,47","0,00","0,00",
III.  Gewinnvortrag,"438.141,16","0,00","747.029,69","1.185.170,85"
"","747.029,69","-747.029,69","591.148,76",
"","2.800.938,82","-747.029,69","1.338.178,45","3.392.087,58"
""
VERBINDLICHKEITEN,RESTLAUFZEITEN,,,,,,
"",bis zu einem Jahr,"zwischen einemund fünf Jahren",mehr als fünf Jahre,Gesamt,,,
"",2017,2016,2017,2016,2017,2016,2017
"",in €,in T€,in €,in T€,in €,in T€,in €
1.Erhaltene Anzahlungen,"82.427,40","58,4","0,00","0,0","0,00","0,0","82.427,40"
"","800.680,17","780,6","23.267,06","31,0","336,17","0,0",
"3.Verbindlichkeiten gegenüberverbundenen Unternehmen","0,00","19,1","0,00","0,0","2.000.000,00","0,0","2.000.000,00"
"","363.082,00","867,7","757.575,87","0,9","0,00","0,0",
"","1.246.189,57","1.725,8","780.842,93","31,9","2.000.336,17","0,0","4.027.368,67"
""
UMSATZERLÖSE,2017,2016,
"",,in €,in €
Eint,itte,"6.815.450,03","6.697.848,96"
"",ungsgebühren,"117.499,00",
Mer,handising,"304,19","6.632,90"
"",en und Pachten,"768.238,44",
Mar,etingpartnerschaften,"269.351,13","305.187,20"
"",tige Umsatzerlöse,"916.229,37",
Um,atzerlöse,"8.887.072,16","8.419.141,09"
rung berufen. Der ehemaligen Geschäftsführung wurde auf-,II.11 UND 12
grund noch nicht vollständig geklärter Vorfälle im Geschäfts-,Directors & Officers-Versicherungen sind für den Aufsichtsrat
jahr 2013 für die Jahre 2013 und 2014 noch keine Entlastung,und mit gesetzlichem Selbstbehalt für die Geschäftsführung
erteilt. Die Geschäftsführung hat ausschließlich im Interesse,abgeschlossen worden.
des Unternehmens und dessen nachhaltiger Wertsteigerung,
gearbeitet; das Unternehmen benachteiligende Tätigkeiten,III. AUFSICHTSRAT
wurden nicht ausgeübt. Für die Einhaltung der gesetzlichen,III.1 UND 2
Bestimmungen wurde von der Geschäftsführung Sorge ge-,Der Aufsichtsrat hat seine Aufgaben nach dem Gesellschafts-
tragen. Die Geschäftsführung verfügt über Instrumente zum,vertrag und der Geschäftsordnung für den Aufsichtsrat
"Risikomanagement und Risikocontrolling, die ständig weiter-",wahrgenommen. Er wurde in Entscheidungen von grundle-
entwickelt werden. So erfolgt ein regelmäßiges Reporting an,gender Bedeutung für das Unternehmen einbezogen und
"den Aufsichtsrat, welches die wichtigsten Kennzahlen sowie",sah keinen ergänzenden Regelungsbedarf. Er hat über die im
einen Soll-Ist-Vergleich und einen Vergleich mit dem Vorjahr,Gesellschaftsvertrag und der Geschäftsordnung festgeleg-
PERSONALKENNZAHLEN,2013,2014,2015,2016,2017
SÄUGETIERE MAMMALIA,,2016,,geboren,Zugänge,gestorben,Abgabe,,,2017,
Kloakentiere Monotremata,m,w,u,m w u,m w u,m w u,m w,u,m,w,u
Neuguinea  Tachyglossus aculeatus,,,,,,,,,,,
0Kurzschnabeligel lawesii,2,1,0,0 0 0,0 0 0,0 0 0,0 0,0,2,1,
Beuteltiere Marsupialia,m,w,u,m w u,m w u,m w u,m w,u,m,w,u
Flinkwallaby Macropus agilis,0,3,0,0 0 0,0 0 0,0 1 0,0 2,0,0,0,0
Westliches Graues  Macropus fuliginosus,,,,,,,,,,,
0Riesenkänguru melanops,2,3,0,1 0 1,0 0 0,0 0 1,0 0,0,3,3,
Östliches Bergkänguru Macropus robustus robustus,3,3,0,0 0 0,0 0 0,1 0 0,0 0,0,2,3,0
Benettkänguru Macropus rufogriseus,2,1,0,0 0 0,0 0 0,2 0 0,0 0,0,0,1,0
Ringelschwanz- Petrogale xanthopus,,,,,,,,,,,
0Felsenkänguru xanthopus,2,3,0,0 0 0,0 0 0,0 1 0,0 0,0,2,2,
Schwarzschwanzkänguru Wallabia bicolor,2,0,0,0 0 0,0 0 0,2 0 0,0 0,0,0,0,0
Rüsselspringer Macroscelidea,m,w,u,m w u,m w u,m w u,m w,u,m,w,u
Kurzohr-Rüsselspringer Macroscelides proboscideus,1,1,0,2 0 0,0 0 0,1 0 0,1 0,0,1,1,0
Fledertiere Chiroptera,m,w,u,m w u,m w u,m w u,m w,u,m,w,u
Palmenflughund Eidolon helvum,4,3,0,0 0 1,0 0 0,0 0 0,0 0,0,4,3,1
Epaulettenflughund Epomophorus gambianus,1,0,0,0 0 0,0 0 0,0 0 0,0 0,0,1,0,0
Indischer Riesenflughund Pteropus giganteus,4,6,14,0 0 7,0 0 0,1 0 0,1 0,0,2,6,21
Schwarzflügelflughund Thoopterus nigrescens,1,0,0,0 0 0,0 0 0,1 0 0,0 0,0,0,0,0
Nebengelenktiere Xenarthra,m,w,u,m w u,m w u,m w u,m w,u,m,w,u
Tamandua tetradactyla Langschwanz-Tamandua 0nigra,1,2,0,0 0 0,1 0 0,1 0 0,0 0,0,2,1,
Kugelgürteltier Tolypeutes matacus,1,0,0,0 0 0,0 1 0,0 0 0,0 0,0,1,1,0
""
SÄUGETIERE,MAMMALIA,2016,geboren,Zugänge,gestorben,Abgabe,2017,,,,,,,,,,,,
"",,,,,,,,,,,,,,,,,,,
"",,,,,,,,,,,,,,,,,,,
Halsbandmaki,Eulemur collaris,1,1,0,0,1,0,0,0,0,0,1,0,0,0,0,1,1,0
"",Eulemur macaco macaco,1,1,0,0,0,0,0,0,0,0,0,0,0,0,0,1,1,
Mongozmaki,Eulemur mongoz,1,1,0,0,0,0,1,0,0,1,0,0,0,0,0,1,1,0
"",Eulemur rubriventer,1,2,0,0,1,0,0,0,0,0,0,0,0,0,0,1,3,
Katta,Lemur catta,1,2,0,0,0,0,1,0,0,1,0,0,0,0,0,1,2,0
"",Varecia variegata rubra,3,1,0,0,0,0,0,0,0,0,0,0,0,0,0,3,1,
Schwarzweißer Vari,Varecia variegata variegata,4,2,0,0,0,0,0,0,0,0,0,0,0,0,0,4,2,0
"",Mico argentatus,2,2,0,1,2,1,0,0,0,1,0,1,1,0,0,1,4,
Kaiserschnurrbarttamarin,"Saguinus imperatorsubgrisescens",1,2,0,0,0,0,0,0,0,0,0,0,0,0,0,1,2,0
"",Saguinus midas,4,0,0,0,0,0,0,0,0,1,0,0,1,0,0,2,0,
Gelbbrustkapuziner,Cebus xanthosternos,7,2,0,0,0,0,0,0,0,0,0,0,3,0,0,4,2,0
"",Pithecia pithecia,2,0,0,0,0,0,0,0,0,1,0,0,0,0,0,1,0,
Roter Brüllaffe,Alouatta seniculus,3,2,0,0,0,0,0,0,0,0,0,0,0,0,0,3,2,0
"","Cercocebus torquatustorquatus",2,2,0,0,1,0,0,0,0,0,0,0,0,0,0,2,3,
Dianameerkatze,Cercopithecus diana,1,3,0,1,0,0,0,0,0,1,0,0,0,0,0,1,3,0
"",Theropithecus gelada,4,10,0,1,1,0,2,0,0,0,1,0,0,0,0,7,10,
Rotgesichtsmakak,Macaca fuscata,10,6,0,0,2,0,0,0,0,1,0,0,0,0,0,9,8,0
"","Macaca nemestrinanemestrina",7,0,0,0,0,0,0,0,0,0,0,0,0,0,0,7,0,
Berberaffe,Macaca sylvanus,6,8,0,0,0,0,0,0,0,0,1,0,0,0,0,6,7,0
"",Hylobates lar,2,2,0,0,0,0,0,0,0,0,0,0,0,0,0,2,2,
"",,,,,,,,,,,,,,,,,,,
Nagetiere,Rodentia,m,w,u,m,w,u,m,w,u,m,w,u,m,w,u,m,w,u
"Schwarzschwanz-Präriehund",Cynomys ludovicianus,0,0,15,0,0,3,0,0,0,0,0,4,0,0,0,0,0,14
"",Tamiops macclellandi,1,1,0,0,0,0,0,0,0,0,1,0,0,0,0,1,0,
"ChinesischerZwerghamster",Cricetulus griseus,3,6,5,0,0,69,0,0,0,1,0,58,2,5,0,0,1,16
"",Microtus guentheri,3,7,0,2,0,10,0,0,0,0,3,10,0,0,0,5,4,
Kreta-Stachelmaus,Acomys minous,3,6,0,0,3,0,0,0,0,0,0,1,0,0,0,0,3,8
"",Arvicanthis neumanni,3,7,0,0,0,74,0,0,0,0,0,27,2,5,0,15,11,
Vielstreifen-Grasmaus,Lemniscomys barbarus,4,10,0,0,0,50,0,0,0,1,1,0,7,14,0,0,0,41
Hystrix leucura,2,3,0,0,1,0,0,0,0,0,1,0,0,0,0,2,3,,
""
SÄUGETIERE,MAMMALIA,2016,geboren,Zugänge,gestorben,Abgabe,2017,,,,,,,,,,,,
Nagetiere,Rodentia,m,w,u,m,w,u,m,w,u,m,w,u,m,w,u,m,w,u
Baumstachler,Erethizon dorsatum,1,1,0,0,1,0,0,0,0,0,0,0,0,0,0,1,2,0
"",Cavia aperea,0,0,4,0,0,2,4,10,0,0,0,3,0,0,0,6,10,
"Hellbraunes Wieselmeer-schweinchen",Galea monasteriensis,2,4,0,0,0,0,0,0,0,0,0,0,1,1,0,1,3,0
"",Dolichotis salinicola,3,1,0,2,0,2,0,0,0,0,0,0,0,0,0,5,1,
Großer Mara,Dolichotis patagonum,5,0,0,0,0,0,0,0,0,0,0,0,0,0,0,5,0,0
"",Dasyprocta azarae,1,3,0,0,0,0,0,0,0,0,0,0,0,0,0,1,3,
Tiefland-Paka,Cuniculus paca,1,1,0,0,0,0,0,0,0,0,0,0,0,0,0,1,1,0
"",Octodon degus,0,0,65,0,0,95,0,0,2,0,0,99,0,0,4,0,0,
Nacktmull,Heterocephalus glaber,0,0,52,0,0,134,0,0,0,1,1,110,1,1,6,0,0,66
Hasenartige,Lagomorpha,m,w,u,m,w,u,m,w,u,m,w,u,m,w,u,m,w,u
Daurischer Pfeifhase,Ochotona dauurica,0,0,0,1,4,0,3,1,0,4,2,0,0,0,0,0,3,0
"",,0,1,0,0,0,0,0,0,0,0,1,0,0,0,0,0,0,
Deutscher Widder,,1,0,0,0,0,0,0,0,0,0,0,0,0,0,0,1,0,0
"",,0,1,0,0,0,0,0,0,0,0,0,0,0,1,0,0,0,
Roter Sachse,,0,1,0,0,0,0,0,0,0,0,0,0,0,0,0,0,1,0
"",,2,5,0,0,0,8,0,0,0,1,7,4,1,0,0,0,2,
Raubtiere,Carnivora,m,w,u,m,w,u,m,w,u,m,w,u,m,w,u,m,w,u
Tüpfelhyäne,Crocuta crocuta,2,1,0,0,0,0,0,0,0,0,0,0,0,0,0,2,1,0
"",Hyaena hyaena sultana,0,0,0,0,0,0,1,1,0,0,0,0,0,0,0,1,1,
Ostafrikanischer Erdwolf,"Proteles cristata septentri-onalis",1,1,0,0,0,0,0,0,0,0,0,0,0,0,0,1,1,0
"",Canis lupus lupus,0,1,0,0,0,0,0,0,0,0,0,0,0,1,0,0,0,
Iberischer Wolf,Canis lupus signatus,0,0,0,0,0,0,3,0,0,0,0,0,0,0,0,3,0,0
"",,1,1,0,0,0,0,0,0,0,0,0,0,0,0,0,1,1,
Kiangsi-Rothund,Cuon alpinus lepturus,6,8,0,0,0,1,0,0,0,0,0,1,0,7,0,6,1,0
"",Otocyon megalotis megalotis,2,0,0,0,0,0,0,0,0,0,0,0,0,0,0,2,0,
Waldhund,Speothos venaticus,2,3,0,0,0,0,0,0,0,0,0,0,0,0,0,2,3,0
"",Chrysocyon brachyurus,2,0,0,0,0,0,0,0,0,0,0,0,0,0,0,2,0,
Malaienbär,"Helarctos malayanusmalayanus",1,1,0,0,0,0,0,0,0,0,0,0,0,0,0,1,1,0
"",Tremarctos ornatus,1,3,0,1,0,1,0,0,0,1,1,0,0,0,0,1,2,
Baribal,Ursus americanus,1,1,0,0,0,0,0,0,0,0,0,0,0,0,0,1,1,0
"",Ursus maritimus,2,1,0,0,1,1,1,0,0,1,0,1,1,0,0,1,2,
Westlicher Kleiner Panda,Ailurus fulgens fulgens,1,1,0,0,0,0,0,0,0,0,0,0,0,0,0,1,1,0
"",Procyon lotor,2,1,0,0,0,0,0,0,0,0,0,0,0,0,0,2,1,
Amur-Buntmarder,Martes flavigula aterrima,2,1,0,2,1,0,0,0,0,0,0,0,3,1,0,1,1,0
Mephitis mephitis,1,1,0,0,0,0,0,0,0,1,1,0,0,0,0,0,0,,
""
SÄUGETIERE,MAMMALIA,2016,geboren,Zugänge,gestorben,Abgabe,2017,,,,,,,,,,,,
Raubtiere,Carnivora,m,w,u,m,w,u,m,w,u,m,w,u,m,w,u,m,w,u
"OstafrikanischerHonigdachs",Mellivora capensis cottoni,1,1,0,0,0,0,0,0,0,0,0,0,0,0,0,1,1,0
"",Mungos mungo,3,5,0,0,0,1,0,0,0,0,0,1,0,0,0,3,5,
Binturong,Arctictis binturong binturong,1,2,0,3,3,0,0,0,0,1,1,0,0,0,0,3,4,0
"",Paradoxurus hermaphroditus,2,1,0,0,0,0,0,1,0,0,0,0,0,0,0,2,2,
Kleinfleck-Ginsterkatze,Genetta genetta,1,1,0,0,0,0,0,0,0,0,0,0,0,0,0,1,1,0
"",Genetta genetta dongolana,0,0,0,0,0,0,1,1,0,0,0,0,0,0,0,1,1,
Malaiische Zibetkatze,"Viverra tangalungatangalunga",1,1,0,0,0,1,0,0,0,0,0,1,0,0,0,1,1,0
"",Lynx lynx wardi,1,2,0,0,0,0,0,0,0,0,0,0,0,0,0,1,2,
Rotluchs,Lynx rufus,1,1,0,0,0,0,0,0,0,0,0,0,1,0,0,0,1,0
"",Caracal caracal caracal,1,1,0,0,0,0,0,0,0,0,1,0,0,0,0,1,0,
Sibirischer Manul,Otocolobus manul manul,1,1,0,0,0,0,0,0,0,0,0,0,0,0,0,1,1,0
"",Felis silvestris silvestris,1,1,0,0,0,0,0,0,0,0,0,0,0,0,0,1,1,
Palawan-Bengalkatze,"Prionailurus bengalensisheaneyi",4,3,0,1,0,2,0,0,0,2,0,2,1,1,0,2,2,0
"",Leopardus wiedii nicaraguae,0,2,0,0,0,0,0,0,0,0,0,0,0,0,0,0,2,
Serval,Leptailurus serval,0,1,0,0,0,0,0,0,0,0,0,0,0,0,0,0,1,0
"",Neofelis nebulosa,2,1,0,0,0,0,0,0,0,0,0,0,0,0,0,2,1,
Schwarzer Panther,Panthera pardus,0,1,0,0,0,0,0,0,0,0,0,0,0,1,0,0,0,0
"",Panthera pardus melas,3,2,0,0,0,0,0,0,0,0,0,0,1,0,0,2,2,
Sibirischer Tiger,Panthera tigris altaica,2,4,0,0,0,0,0,0,0,0,0,0,1,1,0,1,3,0
"",Panthera tigris corbetti,1,1,0,0,0,0,0,0,0,0,0,0,0,0,0,1,1,
Sumatratiger,Panthera tigris sumatrae,1,1,0,0,0,0,0,0,0,0,0,0,0,0,0,1,1,0
"",Uncia uncia,1,2,0,1,0,0,0,0,0,0,0,0,0,1,0,2,1,
Sudan-Gepard,"Acinonyx jubatussoemmeringii",2,0,0,0,0,0,0,0,0,0,0,0,0,0,0,2,0,0
Seekühe,Sirenia,m,w,u,m,w,u,m,w,u,m,w,u,m,w,u,m,w,u
Karibik-Manati,"Trichechus manatusmanatus",2,1,0,0,0,0,0,0,0,0,0,0,0,0,0,2,1,0
Schliefer,Hyracoidea,m,w,u,m,w,u,m,w,u,m,w,u,m,w,u,m,w,u
"",,,,,,,,,,,,,,,,,,,
Buschschliefer,Heterohyrax brucei,4,5,0,1,3,0,0,0,0,0,0,0,0,0,0,5,8,0
""
SÄUGETIERE,MAMMALIA,2016,geboren,Zugänge,gestorben,Abgabe,2017,,,,,,,,,,,,
Rüsseltiere,Proboscidea,m,w,u,m,w,u,m,w,u,m,w,u,m,w,u,m,w,u
Asiatischer Elefant,Elephas maximus,1,6,0,0,0,0,0,0,0,0,0,0,0,0,0,1,6,0
"",Loxodonta africana,2,3,0,0,0,0,0,0,0,0,0,0,0,0,0,2,3,
Unpaarhufer,Perissodactyla,m,w,u,m,w,u,m,w,u,m,w,u,m,w,u,m,w,u
Przewalskipferd,Equus przewalskii,2,4,0,0,1,0,0,0,0,0,0,0,0,0,0,2,5,0
"",,0,2,0,0,0,0,0,0,0,0,0,0,0,0,0,0,0,
Shetlandpony,,1,3,0,0,0,0,0,0,0,0,0,0,0,0,0,1,3,0
"",Equus hemionus kulan,2,8,0,0,0,0,0,0,0,1,0,0,0,0,0,1,8,
Östlicher Kiang,Equus kiang holdereri,2,11,0,0,0,0,0,0,0,0,2,0,0,0,0,2,9,0
"",,2,1,0,1,0,0,0,0,0,0,0,0,2,0,0,1,1,
Zwergesel,,1,6,0,0,1,0,0,0,0,0,1,0,0,0,0,1,6,0
"",Equus africanus somaliensis,1,6,0,2,2,0,0,0,0,0,0,0,0,0,0,3,8,
Chapman-Zebra,Equus burchellii chapmanni,1,4,0,0,0,0,0,0,0,0,0,0,0,0,0,1,4,0
"",Equus grevyi,0,3,0,0,0,0,0,1,0,0,0,0,0,0,0,0,4,
Hartmann-Bergzebra,Equus zebra hartmannae,1,5,0,1,0,0,0,0,0,0,0,0,0,0,0,2,5,0
"",Rhinoceros unicornis,2,1,0,0,0,0,0,0,0,0,0,0,1,0,0,1,1,
Paarhufer,Artiodactyla,m,w,u,m,w,u,m,w,u,m,w,u,m,w,u,m,w,u
Chaco-Pekari,Catagonus wagneri,7,9,0,5,4,2,0,0,0,1,3,2,1,3,0,10,7,0
"",Potamochoerus porcus,0,0,0,0,0,0,3,0,0,0,0,0,0,0,0,3,0,
"VietnamesischesHängebauchschwein",,3,7,0,6,14,2,0,0,0,5,3,2,0,0,0,4,18,0
"",,1,2,0,0,0,0,0,0,0,0,0,0,0,0,0,1,2,
Trampeltier,,2,6,0,1,0,0,0,0,0,1,0,0,1,0,0,1,6,0
"",,1,5,0,0,0,0,0,0,0,0,0,0,1,0,0,0,5,
Guanako,Lama guanicoe,1,7,0,0,0,0,0,1,0,0,0,0,0,0,0,1,8,0
"",,2,9,0,0,0,0,0,0,0,0,0,0,1,0,0,1,9,
Alpaka,,1,5,0,0,0,0,1,0,0,1,1,0,0,0,0,1,4,0
"",Vicugna vicugna,1,7,0,0,0,0,1,0,0,0,1,0,1,0,0,1,6,
Europäischer Elch,Alces alces alces,3,1,0,0,0,0,0,0,0,0,1,0,1,0,0,2,0,0
"",Rangifer tarandus,1,4,0,0,0,0,1,0,0,1,0,0,0,0,0,1,4,
Bawean Schweinshirsch,Axis kuhlii,0,0,0,0,1,0,1,2,0,0,0,0,0,0,0,1,3,0
"",Axis porcinus,3,4,0,2,0,0,0,0,0,2,1,0,1,0,0,2,3,
Atlashirsch,Cervus elaphus barbarus,1,4,0,0,0,0,0,0,0,0,0,0,0,0,0,1,4,0
"",Cervus elaphus manitobensis,2,6,0,0,0,0,0,0,0,0,0,0,1,0,0,1,6,
Altai-Maral,Cervus elaphus sibiricus,1,4,0,0,1,0,0,0,0,0,0,0,1,0,0,0,5,0
"",Cervus elaphus nannodes,2,7,0,0,2,0,0,0,0,0,4,0,0,0,0,2,5,
Bucharahirsch,Cervus elaphus bactrianus,3,5,0,0,2,0,0,0,0,1,1,0,0,0,0,2,6,0
"",Cervus nippon pseudaxis,3,4,0,2,1,0,0,0,0,0,0,0,1,0,0,4,5,
"MesopotamischerDamhirsch",Dama dama mesopotamica,2,6,0,0,2,0,1,0,0,0,3,0,0,0,0,3,5,0
""
SÄUGETIERE,MAMMALIA,2016,geboren,Zugänge,gestorben,Abgabe,2017,,,,,,,,,,,,
Paarhufer,Artiodactyla,m,w,u,m,w,u,m,w,u,m,w,u,m,w,u,m,w,u
"",,,,,,,,,,,,,,,,,,,
"OstchinesischerSchopfhirsch","Elaphodus cephalophusmichianus",2,3,0,0,4,0,0,0,0,0,1,0,1,0,0,1,6,0
"",Hydropotes inermis inermis,1,0,0,0,0,0,0,0,0,0,0,0,0,0,0,1,0,
Milu,Elaphurus davidianus,2,8,0,1,0,0,0,0,0,0,0,0,0,0,0,3,8,0
"",Cervus albirostris,2,7,0,1,3,0,0,0,0,0,3,0,1,0,0,2,7,
Burma-Leierhirsch,Cervus eldii thamin,2,6,0,0,0,0,0,0,0,0,0,0,2,0,0,0,6,0
"",Cervus timorensis,2,6,0,0,0,0,1,0,0,1,0,0,1,1,0,1,5,
"HinterindischerPferdehirsch",Cervus unicolor malaccensis,3,5,0,0,1,0,0,0,0,0,0,0,2,1,0,1,5,0
"",Giraffa camelopardalis,0,5,0,0,0,0,0,0,0,0,0,0,0,0,0,0,5,
Rothschild-Giraffe,"Giraffa camelopardalisrothschildi",1,1,0,0,0,0,0,0,0,0,0,0,0,0,0,1,1,0
"",Boselaphus tragocamelus,1,3,0,0,0,0,0,0,0,1,0,0,0,0,0,0,3,
Sibirisches Moschustier,"Moschus moschiferusmoschiferus",1,1,0,0,0,0,0,0,0,0,0,0,0,0,0,1,1,0
"",,1,2,0,2,0,0,0,0,0,0,0,0,1,0,0,2,2,
"SchottischesHochlandrind",,0,2,0,0,0,0,0,0,0,0,0,0,0,0,0,0,2,0
"",,1,2,0,0,1,0,0,0,0,0,1,0,0,0,0,1,2,
Watussi,,1,2,0,1,1,0,0,0,0,1,0,0,1,3,0,0,0,0
"",,5,4,0,0,3,0,0,1,0,0,0,0,3,1,0,2,7,
Zwergzebu,,1,3,0,1,1,0,0,0,0,0,1,0,0,0,0,2,3,0
"",,3,2,0,0,0,0,0,0,0,0,0,0,0,0,0,3,2,
Kerabau,,1,3,0,0,0,0,0,0,0,0,0,0,0,0,0,1,3,0
"",,2,6,0,2,1,0,0,0,0,1,0,0,0,0,0,3,7,
Kaffernbüffel,Syncerus caffer caffer,1,5,0,0,0,0,0,0,0,0,0,0,0,0,0,1,5,0
"",Syncerus caffer nanus,4,8,0,0,0,0,0,0,0,0,0,0,2,0,0,2,8,
Waldbison,Bison bison athabascae,2,6,0,1,0,0,0,0,0,0,0,0,1,0,0,2,6,0
"",Bison bonasus,2,5,0,0,0,0,0,2,0,1,0,0,0,0,0,1,7,
Ellipsenwasserbock,"Kobus ellipsiprymnusellipsiprymnus",3,5,0,3,0,0,0,0,0,2,1,0,0,0,0,4,4,0
"","Redunca fulvorufulafulvorufula",3,4,0,1,0,0,1,0,0,2,1,0,1,1,0,2,2,
Arabische Oryx,Oryx leucoryx,1,3,0,0,1,0,0,0,0,0,0,0,0,0,0,1,4,0
"",Addax nasomaculatus,1,6,0,1,0,0,0,0,0,0,2,0,0,0,0,2,4,
Mhorr-Gazelle,Gazella dama mhorr,4,9,0,0,0,0,1,0,0,0,0,0,4,0,0,1,9,0
"",Litocranius walleri walleri,1,1,0,0,1,0,0,0,0,0,0,0,0,0,0,1,2,
Mishmi-Takin,Budorcas taxicolor taxicolor,4,11,0,0,0,0,1,0,0,0,2,0,2,2,0,3,7,0
"",Budorcas taxicolor bedfordi,3,4,0,0,0,0,2,2,0,0,0,0,0,1,0,5,5,
Sichuan-Takin,Budorcas taxicolor tibetana,3,2,0,0,2,0,0,0,0,0,0,0,0,0,0,3,4,0
"Ovibos moschatusmoschatus",1,8,0,0,0,0,1,0,0,0,0,0,1,2,0,1,6,,
""
SÄUGETIERE,MAMMALIA,2016,geboren,Zugänge,gestorben,Abgabe,2017,,,,,,,,,,,,
Paarhufer,Artiodactyla,m,w,u,m,w,u,m,w,u,m,w,u,m,w,u,m,w,u
Mittelchinesischer Goral,"Naemorhedus griseusarnouxianus",2,6,0,0,3,0,0,0,0,0,2,0,1,1,0,1,6,0
"",Pseudois nayaur,5,7,0,0,0,0,0,0,0,1,2,0,3,0,0,1,5,
Schneeziege,Oreamnos americanus,1,4,0,1,1,0,0,0,0,0,1,0,0,0,0,2,4,0
"","Rupicapra rupicaprarupicapra",0,4,0,0,0,0,0,0,0,0,0,0,0,0,0,0,4,
"TurkmenischeSchraubenziege",Capra falconeri heptneri,5,8,0,5,3,0,0,0,0,0,0,0,3,2,0,7,9,0
"",Capra ibex ibex,9,4,0,0,0,1,0,0,0,1,0,1,1,0,0,7,4,
Indische Hängeohrziege,,3,6,0,0,2,0,0,0,0,0,3,0,0,0,0,3,5,0
"",,1,3,0,0,0,0,0,0,0,0,0,0,1,3,0,0,0,
Girgentana-Ziege,,3,6,0,4,3,0,0,0,0,1,2,0,0,0,0,6,7,0
"",,0,0,0,0,0,0,1,2,0,0,0,0,0,0,0,1,2,
Kamerun-Zwergziege,,0,9,0,0,0,0,0,0,0,0,0,0,0,0,0,0,9,0
"",,1,3,0,0,0,0,0,0,0,0,2,0,0,0,0,1,1,
Kreishornschaf,Ovis ammon cycloceros,5,7,0,2,6,0,0,0,0,1,5,0,1,1,0,5,7,0
"",Ovis ammon polii,3,1,0,1,0,0,0,0,0,0,0,0,0,0,0,4,1,
Mufflon,Ovis ammon musimon,3,4,0,0,0,0,0,0,0,1,1,0,0,0,0,2,3,0
"",,0,2,0,0,0,0,0,0,0,0,0,0,0,2,0,0,0,
Zackelschaf,,1,6,0,3,3,0,0,0,0,1,1,0,2,2,0,1,6,0
"",,2,6,0,0,0,0,0,0,0,0,0,0,1,2,0,1,4,
Hissar-Fettsteißschaf,,1,4,0,2,0,0,0,0,0,2,0,0,1,0,0,0,4,0
"",,1,4,0,4,0,0,0,0,0,4,0,0,0,0,0,1,4,
Rotkopfschaf,,4,5,0,6,1,0,0,0,0,1,1,0,3,2,0,6,3,0
"",,1,3,0,0,2,0,0,0,0,0,2,0,0,0,0,1,3,
Geschecktes Bergschaf,,2,7,0,1,2,0,0,0,0,0,0,0,1,2,0,2,7,0
""
VÖGEL,AVES,2016,geboren,Zugänge,gestorben,Abgabe,2017,,,,,,,,,,,,
Laufvögel,Struthioniformes,m,w,u,m,w,u,m,w,u,m,w,u,m,w,u,m,w,u
"SüdafrikanischerBlauhalsstrauß",Struthio camelus australis,1,1,0,0,0,0,0,0,0,0,0,0,0,0,0,1,1,0
"",Rhea pennata,0,0,0,0,0,0,1,3,0,0,0,0,0,0,0,1,3,
Pinguine,Sphenisciformes,m,w,u,m,w,u,m,w,u,m,w,u,m,w,u,m,w,u
Brillenpinguin,Spheniscus demersus,9,5,0,0,0,0,0,0,0,0,0,0,0,0,0,9,5,0
"",Spheniscus humboldti,16,17,0,0,0,0,0,0,0,0,4,0,0,0,0,16,13,
Ruderfüßer,Pelecaniformes,m,w,u,m,w,u,m,w,u,m,w,u,m,w,u,m,w,u
Brillenpelikan,Pelecanus conspicillatus,5,5,1,1,0,0,0,0,0,0,0,1,1,0,0,5,5,0
"",Pelecanus crispus,4,6,0,0,0,0,0,0,0,0,0,0,0,0,0,4,6,
Nashornpelikan,Pelecanus erythrorhynchos,3,3,0,0,0,0,0,0,0,0,0,0,0,0,0,3,3,0
"",Pelecanus onocrotalus,5,5,0,0,0,0,0,0,0,0,0,0,0,0,0,5,5,
Fleckschnabelpelikan,Pelecanus philippensis,2,2,0,0,0,0,0,0,0,0,0,0,0,0,0,2,2,0
"",Pelecanus rufescens,7,4,0,2,0,2,0,0,0,1,0,1,1,0,0,7,4,
Chile-Pelikan,Pelecanus thagus,0,1,0,0,0,0,0,0,0,0,0,0,0,0,0,0,1,0
"","Pelecanus occidentaliscarolinensis",2,3,0,0,0,0,0,0,0,0,1,0,0,0,0,2,2,
Kräuselscharbe,Phalacrocorax melanoleucos,3,5,0,0,0,0,1,1,0,2,1,0,0,0,0,2,5,0
"",Sula bassana,1,1,0,0,0,0,0,0,0,0,0,0,1,1,0,0,0,
Schreitvögel,Ciconiiformes,m,w,u,m,w,u,m,w,u,m,w,u,m,w,u,m,w,u
Goliathreiher,Ardea goliath,2,1,0,0,0,0,0,0,0,0,1,0,0,0,0,2,0,0
"",Ardeola grayii,4,0,0,0,0,0,0,0,0,2,0,0,0,0,0,2,0,
Prachtreiher,Ardeola speciosa,2,0,0,0,0,0,0,0,0,0,0,0,0,0,0,2,0,0
"",Bubulcus ibis ibis,3,3,19,0,0,0,0,0,0,0,1,5,1,1,0,2,1,
Weißwangenreiher,Egretta novaehollandiae,3,2,0,0,0,0,0,0,0,0,0,0,0,0,0,3,2,0
"","Nycticorax caledonicusmanillensis",3,4,0,1,0,0,0,0,0,0,1,0,1,1,0,3,2,
"Hammerkopf /Schattenvogel",Scopus umbretta,1,1,0,0,0,0,0,0,0,0,0,0,0,0,0,1,1,0
"",Ciconia abdimii,7,7,0,0,4,0,0,0,0,0,0,0,4,5,0,3,6,
Schwarzschnabelstorch,Ciconia boyciana,2,1,0,0,0,0,0,0,0,0,0,0,0,0,0,2,1,0
"",Ciconia c. ciconia,4,3,0,0,0,0,0,0,0,0,0,0,2,1,0,2,2,
Sattelstorch,"Ephippiorhynchussenegalensis",1,1,0,0,0,0,0,0,0,0,0,0,0,0,0,1,1,0
"",Leptoptilos crumeniferus,1,1,0,0,0,0,0,0,0,0,0,0,0,0,0,1,1,
Afrikanischer Nimmersatt,Mycteria ibis,2,2,0,1,0,0,0,0,0,0,0,0,0,0,0,2,2,0
"",Anastomus lamelligerus,2,2,0,0,2,1,1,0,0,0,1,1,0,0,0,3,3,
Waldrapp,Geronticus eremita,5,6,0,0,0,0,0,0,0,0,0,0,0,0,0,5,6,0
"",Plegadis f. falcinellus,1,0,0,0,0,0,0,0,0,0,0,0,0,0,0,1,0,
Strohhalsibis,Carphibis spinicollis,8,5,0,1,1,1,0,0,0,0,0,1,0,0,0,9,6,0
"",Threskiornis aethiopicus,3,3,0,0,0,0,0,0,0,0,0,0,0,0,0,3,3,
Hagedash,Hagedashia hagedash,2,2,0,0,0,0,0,1,0,0,1,0,0,0,0,2,2,0
""
VÖGEL,AVES,2016,geboren,Zugänge,gestorben,Abgabe,2017,,,,,,,,,,,,
Flamingos,Phoenicopteriformes,m,w,u,m,w,u,m,w,u,m,w,u,m,w,u,m,w,u
Chileflamingo,Phoenicopterus chilensis,2,0,31,0,0,0,0,0,0,0,0,1,0,0,0,2,0,30
"",Phoenicopterus ruber ruber,3,4,65,0,0,0,0,0,0,0,0,3,0,0,0,3,4,
Gänsevögel,Anseriformes,m,w,u,m,w,u,m,w,u,m,w,u,m,w,u,m,w,u
Halsband-Wehrvogel,Chauna torquata,1,1,0,0,0,0,0,0,0,1,0,0,0,0,0,0,1,0
"",Dendrocygna arborea,3,2,0,0,0,0,0,0,0,2,2,0,0,0,0,1,0,
Sichelpfeifgans,Dendrocygna eytoni,1,1,0,0,0,0,0,0,0,0,0,0,0,0,0,1,1,0
"",Dendrocygna javanica,0,0,1,0,0,0,0,0,0,0,0,0,0,0,0,0,0,
Spaltfußgans,Anseranas semipalmata,1,1,0,0,0,0,0,0,0,0,0,0,0,0,0,1,1,0
"",Coscoroba coscoroba,1,0,0,0,0,0,0,0,0,0,0,0,1,0,0,0,0,
Trauerschwan,Cygnus atratus,1,0,0,0,0,0,0,0,0,0,0,0,1,0,0,0,0,0
"",Cygnus buccinator,1,0,0,0,0,0,0,0,0,0,0,0,1,0,0,0,0,
Zwergschwan,Cygnus columbianus bewicki,0,1,0,0,0,0,0,0,0,0,0,0,0,1,0,0,0,0
"",Cygnus c. columbianus,1,0,0,0,0,0,0,0,0,0,0,0,1,0,0,0,0,
Singschwan,Cygnus cygnus,1,0,0,0,0,0,0,0,0,0,0,0,1,0,0,0,0,0
"",Cygnus melanocoryphus,1,1,0,0,0,0,0,0,0,0,1,0,0,1,0,1,1,
Höckerschwan,Cygnus olor,0,1,0,0,0,0,0,0,0,0,0,0,0,0,0,0,1,0
"",Anser a. anser,8,4,0,0,0,0,0,0,0,0,0,0,0,0,0,8,4,
Blaue Schneegans,Anser c. caerulescens,2,1,0,0,0,0,0,0,0,1,0,0,0,0,0,1,1,0
"",Anser c. caerulescens,0,1,0,0,0,0,0,0,0,0,1,0,0,0,0,0,0,
Schwanengans,Anser cygnoides,2,1,0,0,0,0,0,0,0,0,0,0,0,0,0,2,1,0
"",Anser erythropus,1,0,0,0,0,0,0,0,0,0,0,0,0,0,0,1,0,
Streifengans,Anser indicus,1,0,0,0,0,0,0,0,0,0,0,0,1,0,0,0,0,0
"",Anser rossii,2,2,0,0,0,0,0,0,0,2,2,0,0,0,0,0,0,
Riesenkanadagans,Branta canadensis maxima,2,1,0,0,0,0,0,0,0,0,0,0,1,0,0,1,1,0
"",Branta canadensis minima,0,1,0,0,0,0,0,0,0,0,0,0,0,0,0,0,1,
Dunkle Kanadagans,"Branta canadensisoccidentalis",0,1,0,0,0,0,0,0,0,0,0,0,0,1,0,0,0,0
"",Branta ruficollis,0,1,0,0,0,0,0,0,0,0,0,0,0,1,0,0,0,
Rotkopfgans,Chloephaga rubidiceps,1,0,0,0,0,0,0,0,0,0,0,0,1,0,0,0,0,0
"",Cyanochen cyanopterus,1,1,0,0,3,0,0,0,0,0,0,0,0,3,0,1,1,
Sporengans,Plectropterus gambensis,1,2,0,0,0,0,0,0,0,0,1,0,0,0,0,1,1,0
"",Stictonetta naevosa,1,3,0,0,0,0,0,0,0,0,0,0,0,0,0,1,3,
Magellan Dampfschiffente,Tachyeres pteneres,0,1,0,0,0,0,0,0,0,0,0,0,0,1,0,0,0,0
"",Tadorna cana,1,1,0,0,0,0,0,0,0,0,0,0,0,0,0,1,1,
Rostgans,Tadorna ferruginea,9,2,0,0,0,0,0,0,0,1,1,0,5,1,0,3,0,0
"",Tadorna tadorna,0,3,0,0,0,0,0,0,0,0,2,0,0,0,0,0,1,
Spießente,Anas acuta,1,4,0,0,0,0,0,0,0,0,0,0,0,0,0,1,4,0
"",Anas bahamensis,3,4,0,0,0,0,0,0,0,1,3,0,2,1,0,0,0,
Bernierente,Anas bernieri,1,1,0,0,1,0,0,0,0,0,0,0,0,0,0,1,2,0
""
VÖGEL,AVES,2016,geboren,Zugänge,gestorben,Abgabe,2017,,,,,,,,,,,,
Gänsevögel,Anseriformes,m,w,u,m,w,u,m,w,u,m,w,u,m,w,u,m,w,u
Europäische Löffelente,Anas clypeata,4,0,0,0,0,0,0,0,0,0,0,0,0,0,0,4,0,0
"",Anas crecca,2,1,0,0,0,0,0,0,0,1,0,0,1,1,0,0,0,
Zimtente,Anas cyanoptera,3,1,0,0,0,0,0,0,0,2,0,0,1,1,0,0,0,0
"",Anas erythrorhynchos,3,2,0,0,0,0,0,0,0,0,0,0,0,0,0,3,2,
Sichelente,Anas falcata,4,2,0,0,0,0,0,0,0,0,0,0,4,0,0,0,2,0
"",Anas flavirostris oxyptera,1,2,0,0,0,0,0,0,0,0,1,0,1,1,0,0,0,
Baikalente,Anas formosa,6,7,0,0,0,0,0,0,0,1,2,0,0,0,0,5,5,0
"",Anas georgica spinicauda,0,2,0,0,0,0,0,0,0,0,0,0,0,2,0,0,0,
Philippinenente,Anas luzonica,2,1,0,0,0,0,0,0,0,2,1,0,0,0,0,0,0,0
"",Anas melleri,3,2,0,0,0,0,0,0,0,0,0,0,0,0,0,3,2,
Pfeifente,Anas penelope,2,3,0,0,0,0,0,0,0,1,0,0,0,0,0,1,3,0
"",Anas platalea,0,1,0,0,0,0,0,0,0,0,0,0,0,1,0,0,0,
"Indische Fleckschnabel-ente",Anas p. peocilorhyncha,3,0,0,0,0,0,0,0,0,3,0,0,0,0,0,3,0,0
"",Anas punctata,0,1,0,0,0,0,0,0,0,0,0,0,0,0,0,0,1,
Knäkente,Anas querquedula,0,1,0,0,0,0,0,0,0,0,0,0,0,1,0,0,0,0
"",Anas sibilatrix,1,1,0,0,0,0,0,0,0,1,0,0,0,1,0,0,0,
"Schwarzente, Afrikanische",Anas sparsa,0,1,0,0,0,0,0,0,0,0,0,0,0,1,0,0,0,0
"",Anas undulata,3,4,0,0,0,0,0,0,0,1,0,0,0,0,0,2,4,
Kappenente,Anas versicolor,2,0,0,0,0,0,0,0,0,1,0,0,1,0,0,0,0,0
"","Malacorhynchusmembranaceus",1,2,0,0,0,0,0,0,0,0,0,0,0,0,0,1,2,
Marmelente,Marmaronetta angustirostris,3,1,0,6,4,0,0,0,0,0,1,0,6,3,0,3,1,0
"",Somateria fischeri,1,0,0,0,0,0,1,1,0,0,0,0,0,0,0,2,1,
Eiderente,Somateria m. mollissima,0,1,0,0,0,0,0,0,0,0,0,0,0,1,0,0,0,0
"",Aythya americana,1,1,0,0,0,0,0,0,0,0,1,0,1,0,0,0,0,
Australische Moorente,Aythya australis,2,3,0,0,0,0,0,0,0,0,0,0,0,0,0,2,3,0
"",Aythya baeri,3,3,0,0,0,4,0,0,0,1,2,0,0,0,4,2,1,
Reiherente,Aythya fuligula,1,3,0,0,0,0,0,0,0,0,1,0,0,0,0,1,2,0
"",Aythya m. marila,3,4,0,0,0,0,0,0,0,0,0,0,0,0,0,3,4,
Neuseeland-Tauchente,Aythya novaeseelandiae,4,6,0,0,0,0,0,0,0,0,2,0,0,0,0,4,4,0
"",Aythya nyroca,4,11,0,0,0,0,0,0,0,1,1,0,0,0,0,3,10,
Riesentafelente,Aythya valisineria,0,1,0,0,0,0,0,0,0,0,0,0,0,1,0,0,0,0
"","Netta erythrophthalmabrunnea",2,2,0,0,0,0,0,0,0,1,1,0,0,0,0,1,1,
Peposakaente,Netta peposaca,3,5,0,0,0,0,0,0,0,0,1,0,0,0,0,3,4,0
"",Netta rufina,10,7,0,0,0,0,0,0,0,5,2,0,0,0,0,5,5,
Brautente,Aix sponsa,1,0,0,0,0,0,0,0,0,1,0,0,0,0,0,0,0,0
"",Amazonetta b. brasiliensis,2,1,0,0,0,0,0,0,0,1,1,0,1,0,0,0,0,
Rotschulterente,Callonetta leucophrys,3,3,0,0,0,0,0,0,0,1,2,0,2,1,0,0,0,0
""
VÖGEL,AVES,2016,geboren,Zugänge,gestorben,Abgabe,2017,,,,,,,,,,,,
Gänsevögel,Anseriformes,m,w,u,m,w,u,m,w,u,m,w,u,m,w,u,m,w,u
Mähnengans,Chenonetta jubata,1,1,0,0,0,0,0,0,0,0,0,0,0,0,0,1,1,0
"",Bucephala albeola,2,3,0,0,0,0,0,0,0,0,0,0,0,0,0,2,3,
Schellente,Bucephala c. clangula,1,2,0,0,0,0,0,0,0,0,0,0,0,0,0,1,2,0
"",Bucephala islandica,1,0,0,0,0,0,0,0,0,1,0,0,0,0,0,0,0,
Zwergsäger,Mergus albellus,2,3,1,0,0,0,0,0,0,0,0,0,0,0,0,2,3,1
"",Mergus cucullatus,1,1,0,0,0,0,0,0,0,1,1,0,0,0,0,0,0,
Gänsesäger,Mergus m. merganser,1,0,0,0,0,0,0,0,0,0,0,0,1,0,0,0,0,0
"",Mergus squamatus,1,2,0,1,0,0,0,0,0,0,0,0,1,0,0,1,2,
Schwarzkopfruderente,Oxyura jamaicensis,0,3,0,0,0,0,0,0,0,0,0,0,0,0,0,0,3,0
"",Oxyura maccoa,0,1,0,0,0,0,0,0,0,0,0,0,0,1,0,0,0,
Argentinische Ruderente,Oxyura vittata,1,1,0,0,0,0,0,0,0,1,1,0,0,0,0,0,0,0
"",Anser anser f. domestica,1,1,0,0,0,0,0,0,0,0,0,0,0,0,0,1,1,
Pommerngans,Anser anser f. domestica,0,1,0,0,0,0,2,2,0,0,1,0,0,0,0,2,2,0
"","Anas platyrhynchosf. domestica",9,6,0,0,0,0,0,0,0,3,2,0,0,0,0,6,4,
Greifvögel,Falconiformes,m,w,u,m,w,u,m,w,u,m,w,u,m,w,u,m,w,u
Truthahngeier,Cathartes aura,2,3,0,0,0,0,0,0,0,0,0,0,0,0,0,2,3,0
"",Cathartes burrovianus,2,2,0,1,1,0,0,0,0,0,1,0,0,0,0,3,2,
Königsgeier,Sarcorhamphus papa,2,1,0,0,0,0,0,0,0,0,0,0,0,0,0,2,1,0
"",Sagittarius serpentarius,1,1,0,0,0,0,0,0,0,0,0,0,0,0,0,1,1,
Kaiseradler,Aquila heliaca,1,1,0,0,0,0,0,0,0,0,0,0,0,0,0,1,1,0
"",Aquila nipalensis,1,2,0,0,0,0,0,0,0,0,0,0,0,0,0,1,2,
Königsbussard,Buteo regalis,2,1,0,0,0,0,0,0,0,0,0,0,0,0,0,2,1,0
"",Parabuteo  unicinctus,0,3,0,0,0,0,0,0,0,0,0,0,0,0,0,0,3,
Aguja,Geranoaetus melanoleucus,1,1,0,0,0,0,1,0,0,0,0,0,0,0,0,2,1,0
"",Haliaeetus a. albicilla,1,1,0,0,0,0,0,0,0,0,0,0,0,0,0,1,1,
Weißkopfseeadler,Haliaeetus leucocephalus,3,1,0,0,0,0,0,0,0,0,0,0,1,0,0,2,1,0
"",Haliaeetus pelagicus,2,1,0,0,2,0,0,0,0,0,0,0,1,2,0,1,1,
Harpyie,Harpia harpyia,1,0,0,0,0,0,0,0,0,0,0,0,0,0,0,1,0,0
"",Polemaetus bellicosus,1,1,0,0,0,0,0,0,0,0,0,0,0,0,0,1,1,
Kuttengeier,Aegypius monachus,2,1,0,0,0,0,0,0,0,0,0,0,0,0,0,2,1,0
"",Gypaetus barbatus,2,2,0,0,1,0,0,0,0,0,0,0,0,1,0,2,2,
Zwerggänsegeier,Gyps africanus,1,1,0,0,0,0,0,0,0,0,0,0,0,0,0,1,1,0
"",Gyps fulvus,6,6,0,0,0,0,0,0,0,0,0,0,3,3,0,3,3,
Schneegeier,Gyps himalayensis,1,2,0,0,0,0,0,0,0,0,0,0,0,0,0,1,2,0
"",Gyps ruepelli,2,2,0,0,0,0,0,0,0,0,0,0,0,0,0,2,2,
Kappengeier,Necrosyrtes monachus,1,2,0,0,1,0,0,0,0,0,0,0,0,0,0,1,3,0
"Neophron percnopterusginginianus",1,1,0,0,0,0,0,0,0,0,0,0,0,0,0,1,1,,
""
VÖGEL,AVES,2016,geboren,Zugänge,gestorben,Abgabe,2017,,,,,,,,,,,,
"",,,,,,,,,,,,,,,,,,,
"",,,,,,,,,,,,,,,,,,,
Gaukler,Theratopius ecaudatus,1,1,0,0,0,0,0,0,0,0,0,0,0,0,0,1,1,0
"",Trigonoceps occipitalis,1,1,0,0,0,0,0,0,0,0,0,0,0,0,0,1,1,
Falkland-Karakara,Phalcoboenus australis,2,1,0,2,0,0,0,0,0,1,0,0,1,0,0,2,1,0
"",Phalcoboenus megalopterus,1,1,0,0,0,0,0,0,0,0,0,0,0,0,0,1,1,
Turmfalke,Falco tinnunculus,0,0,0,0,0,0,0,2,0,0,0,0,0,0,0,0,2,0
"",Falco biarmicus,1,0,0,0,0,0,0,0,0,0,0,0,0,0,0,1,0,
Sakerfalke,Falco cherrug,1,0,0,0,0,0,0,0,0,0,0,0,0,0,0,1,0,0
"",Falco peregrinus,2,0,0,0,0,0,0,0,0,0,0,0,0,0,0,2,0,
Hühnervögel,Galliformes,m,w,u,m,w,u,m,w,u,m,w,u,m,w,u,m,w,u
Östliches Wildtruthuhn,Meleagris gallopavo silvestris,0,0,0,0,0,0,1,2,0,0,1,0,0,0,0,1,1,0
"",Alectoris melanocephala,1,1,0,0,0,7,0,0,0,0,0,2,0,0,5,1,1,
Indisches Bambushuhn,Bambusicola f. fytchii,1,1,0,0,0,7,0,0,0,0,0,3,0,0,4,1,1,0
"",Tetraogallus himalayensis,1,0,0,0,0,0,0,0,0,1,0,0,0,0,0,0,0,
Cabottragopan,Tragopan caboti,2,1,0,0,0,0,0,0,0,0,0,0,0,0,0,2,1,0
"",Tragopan satyra,1,1,0,0,1,1,0,0,0,0,1,0,0,0,1,1,1,
Temmincktragopan,Tragopan temminckii,1,1,0,0,0,7,0,0,0,0,0,1,0,0,6,1,1,0
"",Pavo christatus,6,2,9,0,0,0,0,0,0,1,0,7,0,0,0,5,4,
Ährenträgerpfau,Pavo m. muticus,1,1,0,0,0,2,0,0,0,0,0,0,0,0,2,1,1,0
"",Numida meleagris coronata,1,0,0,0,0,0,0,0,0,0,0,0,0,0,0,1,0,
Wallichfasan,Catreus wallichi,1,1,0,0,0,0,1,0,0,1,0,0,0,0,0,1,1,0
"",Chrysolophus amherstiae,1,1,0,0,0,6,0,0,0,0,0,2,0,0,4,1,1,
Goldfasan,Chrysolophus pictus,1,1,0,0,0,6,0,0,0,0,0,0,0,0,6,1,1,0
"",Crossoptilon auritum,1,1,0,0,0,13,0,0,0,0,0,2,0,0,11,1,1,
Weißer Ohrfasan,Crossoptilon crossoptilon,1,1,0,0,0,7,0,0,0,0,0,0,0,0,7,1,1,0
"",Crossoptilon mantchuricum,1,1,0,0,0,11,0,0,0,0,0,5,0,0,6,1,1,
Himalayaglanzfasan,Lophophorus impejanus,1,1,0,0,0,0,0,0,0,0,0,0,0,0,0,1,1,0
"",Lophura hatinhensis,1,1,0,0,0,0,0,0,0,0,0,0,0,0,0,1,1,
Berlioz Silberfasan,Lophura nycthemera berliozi,1,1,0,0,0,0,0,0,0,0,0,0,0,0,0,1,1,0
"",Pucrasia macrolopha,1,1,0,0,0,0,0,0,0,0,0,0,0,0,0,1,1,
Elliotfasan,Syrmaticus ellioti,1,2,0,0,0,0,0,0,0,0,1,0,0,0,0,1,1,0
"",Syrmaticus mikado,1,1,0,0,0,5,0,0,0,0,0,3,0,0,2,1,1,
Königsfasan,Syrmaticus reevesii,0,1,0,0,0,0,1,0,0,0,0,0,0,0,0,1,1,0
"","Syrmaticus soemmeringiscintillans",1,1,0,0,0,0,0,0,0,0,0,0,0,0,0,1,1,
Chiwa-Edelfasan,"Phasaianus colchicuschrysomelas",0,0,0,0,0,0,1,1,0,0,0,0,0,0,0,1,1,0
"","Phasaianus colchicuszerafschanicus",0,0,0,0,0,0,1,1,0,0,0,0,0,0,0,1,1,
Brahma-Huhn,Gallus gallus f. domestica,2,1,0,0,0,0,2,5,0,0,1,0,0,0,0,4,5,0
Gallus gallus f. domestica,2,6,0,0,0,0,0,0,0,0,1,0,0,2,0,2,3,,
""
VÖGEL,AVES,2016,geboren,Zugänge,gestorben,Abgabe,2017,,,,,,,,,,,,
Hühnervögel,Galliformes,m,w,u,m,w,u,m,w,u,m,w,u,m,w,u,m,w,u
"",,,,,,,,,,,,,,,,,,,
"Seidenhuhn, braun",Gallus gallus f. domestica,2,2,0,0,0,0,0,0,0,2,2,0,0,0,0,0,0,0
"","Meleagris gallopavof. domestica",2,2,0,0,0,0,0,0,0,0,0,0,0,0,0,2,2,
Kranichvögel,Gruiformes,m,w,u,m,w,u,m,w,u,m,w,u,m,w,u,m,w,u
Sonnenralle,Eurypyga helias,1,2,0,0,0,0,0,0,0,0,0,0,0,0,0,1,2,0
"",Psophia crepitans,1,1,0,0,0,0,0,0,0,0,0,0,0,0,0,1,1,
Jungfernkranich,Anthropoides virgo,1,1,0,0,0,0,0,0,0,0,0,0,0,0,0,1,1,0
"",Bugeranus carunculatus,1,1,0,0,0,0,0,0,0,0,0,0,0,0,0,1,1,
Saruskranich,Grus antigone,1,1,0,0,0,0,1,0,0,0,0,0,1,0,0,1,1,0
"",Grus canadensis tabida,1,1,0,0,0,0,0,0,0,0,0,0,0,0,0,1,1,
Grauer Kranich,Grus g. grus,1,1,0,0,0,0,0,0,0,0,1,0,0,0,0,1,0,0
"",Grus japonensis,1,1,0,0,0,0,0,0,0,0,1,0,0,0,0,1,0,
Schneekranich,Grus leucogeranus,2,2,0,0,0,0,0,0,0,0,0,0,0,0,0,2,2,0
"",Grus nigricollis,2,1,0,0,0,0,0,0,0,0,1,0,1,0,0,1,0,
Weißnackenkranich,Grus vipio,1,1,0,0,0,0,0,0,0,0,0,0,0,0,0,1,1,0
"",Belearica p. pavonina,1,1,0,0,0,0,0,0,0,0,0,0,0,0,0,1,1,
Grauhals-Kronenkranich,"Belearica regulorumgibbericeps",1,1,0,0,0,0,0,0,0,0,0,0,0,0,0,1,1,0
"",Otis tarda,3,0,0,0,0,0,0,0,0,0,0,0,0,0,0,3,0,
Wat- und Möwenvögel,Charadriiformes,m,w,u,m,w,u,m,w,u,m,w,u,m,w,u,m,w,u
Austernfischer,Haematopus ostralegus,5,2,0,3,2,0,0,0,0,1,0,0,3,0,0,4,4,0
"",Larus atricilla,3,5,0,2,0,1,0,0,0,0,0,1,0,0,0,5,5,
Graukopfmöwe,Larus cirrocephalus,8,7,0,2,0,0,0,0,0,0,1,0,2,0,0,8,6,0
"",Larus crassirostris,9,11,0,2,0,0,0,0,0,1,0,0,2,3,0,8,8,
Graumöwe,Larus modestus,12,10,0,2,6,1,0,0,0,1,0,1,0,0,0,13,16,0
Taubenvögel,Columbiformes,m,w,u,m,w,u,m,w,u,m,w,u,m,w,u,m,w,u
Zweifarben-Fruchttaube,Ducula bicolor,5,2,0,0,0,0,0,0,0,0,0,0,0,0,0,5,2,0
"",Caloenas nicobarica,4,2,0,0,0,1,0,0,0,0,0,1,0,0,0,4,2,
Bronzeflügeltaube,Phaps chalcoptera,1,1,0,0,0,0,0,0,0,0,0,0,0,0,0,1,1,0
"",Claravis pretiosa,0,1,0,0,0,0,0,0,0,0,0,0,0,0,0,0,1,
Diamanttäubchen,Geopelia cuneata,3,3,0,0,0,0,0,0,0,0,0,0,0,0,0,3,3,0
"",Streptopelia ch. chinensis,2,2,0,1,1,0,0,0,0,0,1,0,0,0,0,3,2,
Orientturteltaube,Streptopelia orientalis,5,5,0,0,1,0,0,0,0,1,0,0,2,3,0,2,3,0
"",Trugon terrestris,0,0,1,0,0,0,0,0,0,0,0,0,0,0,0,0,0,
Krontaube,Goura christata,0,2,0,0,0,0,0,0,0,0,0,0,0,0,0,0,2,0
""
VÖGEL,AVES,2016,geboren,Zugänge,gestorben,Abgabe,2017,,,,,,,,,,,,
Papageien,Psittaciformes,m,w,u,m,w,u,m,w,u,m,w,u,m,w,u,m,w,u
"",,,,,,,,,,,,,,,,,,,
Weißhaubenkakadu,Cacatua alba,1,0,0,0,0,0,0,0,0,0,0,0,0,0,0,1,0,0
"",Cacatua goffini,1,1,0,0,0,0,0,0,0,0,0,0,0,0,0,1,1,
Molukkenkakadu,Cacatua moluccensis,1,1,0,0,0,0,0,0,0,0,0,0,0,1,0,1,0,0
"",Cacatua sanguinea,4,4,0,0,0,0,0,0,0,0,0,0,0,2,0,4,2,
Nasenkakadu,Cacatua tenuirostris,1,0,0,0,0,0,0,0,0,1,0,0,0,0,0,0,0,0
"",Lorius chlorocercus,3,1,0,0,0,0,0,0,0,0,0,0,0,0,0,3,1,
Mitchell-Allfarblori,"Trichoglossus forstenimitchellii",0,0,0,0,0,0,2,2,0,0,0,0,0,0,0,2,2,0
"",Eclectus roratus vosmaeri,1,1,0,0,0,0,0,0,0,0,0,0,0,0,0,1,1,
Chinasittich,Psittacula derbiana,0,1,0,0,0,0,0,0,0,0,0,0,0,0,0,0,1,0
"",Agapornis fischeri,1,1,0,0,0,0,0,0,0,0,0,0,0,0,0,1,1,
Rosenköpfchen,Agapornis roseicollis,0,0,60,0,0,17,0,0,0,0,0,16,0,0,0,0,0,61
"",Amazona collaria,2,2,0,0,0,0,0,0,0,0,0,0,0,0,0,2,2,
Goldmaskenamazone,Amazona d. dufresniana,0,1,0,0,0,0,0,0,0,0,0,0,0,0,0,0,1,0
"",Amazona farinosa,1,0,0,0,0,0,0,0,0,0,0,0,0,0,0,1,0,
Bodinus-Amazone,Amazona festiva bodini,1,2,0,1,1,0,0,0,0,0,0,0,0,1,0,2,2,0
"",Amazona l. leucocephala,2,2,0,0,0,0,0,0,0,0,0,0,2,1,0,0,1,
Kleiner Vasapapagei,Coracopsis nigra libs,1,1,0,0,0,0,0,0,0,0,0,0,0,0,0,1,1,0
"",Psittacus e. erithacus,3,2,0,0,0,0,0,0,0,1,0,0,0,0,0,2,2,
Hyazinthara,"Anodorhynchushyacinthinus",4,3,0,0,0,0,0,0,0,0,0,0,1,1,0,3,2,0
"",Ara ambigua,2,2,0,0,0,0,0,0,0,0,0,0,0,0,0,2,2,
Ararauna,Ara ararauna,1,3,0,0,1,2,0,0,0,0,0,0,1,4,0,1,1,0
"",Ara chloroptera,1,0,0,0,0,0,0,0,0,0,0,0,0,0,0,1,0,
Gebirgsara,Ara couloni,2,2,0,0,0,0,0,0,0,0,1,0,0,0,0,2,1,0
"",Ara glaucogularis,2,1,0,0,0,0,0,0,0,0,0,0,0,0,0,2,1,
Gelbflügelara,Ara macao,1,0,0,0,0,0,0,0,0,0,0,0,0,0,0,1,0,0
"",Ara rubrogenys,1,1,0,0,1,0,0,0,0,0,1,0,0,0,0,1,1,
Jendayasittich,Aratinga jandaya,4,6,0,0,0,0,0,0,0,0,1,0,0,0,0,4,5,0
"",Caynoliseus patagonus,2,2,0,0,0,0,6,6,0,0,1,0,0,0,0,8,7,
Nymphensittich,Nymphicus hollandicus,0,0,38,0,0,1,0,0,0,0,0,1,0,0,0,0,0,38
"",Melopsittacus undulatus,0,0,88,0,0,0,0,0,0,0,0,34,0,0,2,0,0,
Kuckucksvögel,Cuculiformes,m,w,u,m,w,u,m,w,u,m,w,u,m,w,u,m,w,u
Rothaubenturako,Tauraco erythrolophus,0,1,0,0,0,0,0,0,0,0,0,0,0,1,0,0,0,0
"",Tauraco leucotis,1,1,1,0,2,0,0,0,0,1,1,1,0,1,0,0,1,
Rennkuckuck,Geococcyx californianus,1,0,0,0,0,0,0,0,0,0,0,0,1,0,0,0,0,0
Eulen,Strigiformes,m,w,u,m,w,u,m,w,u,m,w,u,m,w,u,m,w,u
Maskeneule,Phodilus badius,3,3,0,2,4,0,0,0,0,0,0,0,2,3,0,3,4,0
"",Athene noctua,1,1,0,0,0,0,0,0,0,0,1,0,0,0,0,1,0,
Fleckenuhu,Bubo a. africanus,1,0,0,0,0,0,0,0,0,0,0,0,0,0,0,1,0,0
""
VÖGEL,AVES,2016,geboren,Zugänge,gestorben,Abgabe,2017,,,,,,,,,,,,
Eulen,Strigiformes,m,w,u,m,w,u,m,w,u,m,w,u,m,w,u,m,w,u
Europäischer Uhu,Bubo bubo bubo,0,1,0,0,0,0,0,0,0,0,0,0,0,0,0,0,1,0
"",Bubo b. omissus,1,1,0,0,0,0,0,0,0,0,0,0,0,0,0,1,1,
Sibirischer Uhu,Bubo b. sibiricus,1,1,0,0,0,0,0,0,0,0,0,0,0,0,0,1,1,0
"",Bubo capensis mackinderi,1,1,0,0,0,0,0,0,0,0,0,0,0,0,0,1,1,
Blaß-Uhu,Bubo lacteus,1,1,0,0,0,0,0,0,0,0,0,0,0,0,0,1,1,0
"",Bubo nipalensis blighi,1,1,0,0,0,0,0,0,0,0,0,0,0,0,0,1,1,
Sumatra-Uhu,Bubo sumatranus,0,1,0,0,0,0,0,0,0,0,0,0,0,0,0,0,1,0
"",Bubo virginianus,1,1,0,0,0,0,0,0,0,0,0,0,0,0,0,1,1,
Schnee-Eule,Nyctea scandiaca,1,1,0,0,0,2,0,0,0,0,0,2,0,0,0,1,1,0
"",Otus megalotis,1,1,0,0,0,0,0,0,0,0,0,0,0,0,0,1,1,
Westkreischeule,Otus kennicotti,1,1,0,2,0,0,0,0,0,0,0,0,2,0,0,1,1,0
"",Ptilopsis granti,1,2,0,0,0,0,0,0,0,0,1,0,0,0,0,1,1,
Kuckuckskauz,Ninox boobook,1,1,0,1,1,0,0,0,0,0,0,0,1,1,0,1,1,0
"",Strix chacoensis,1,1,0,0,0,0,0,0,0,0,0,0,0,0,0,1,1,
Brasilkauz,Strix hylophila,3,2,0,0,0,0,0,0,0,0,0,0,0,0,0,3,2,0
"",Strix uralensis,1,0,0,0,0,0,0,1,0,0,0,0,0,0,0,1,1,
Rackenvögel,Coraciiformes,m,w,u,m,w,u,m,w,u,m,w,u,m,w,u,m,w,u
Haubenliest,Dacelo leachii,0,0,1,0,1,0,1,0,0,0,0,0,0,0,0,2,1,0
"",Tockus flavirostris flavirostris,1,1,0,0,0,0,0,0,0,0,0,0,1,1,0,0,0,
Spechtvögel,Piciformes,m,w,u,m,w,u,m,w,u,m,w,u,m,w,u,m,w,u
Flammenkopfbartvogel,"Trachyphonuserythrocephalus",1,0,0,0,0,0,0,0,0,0,0,0,0,0,0,1,0,0
Sperlingsvögel,Passeriformes,m,w,u,m,w,u,m,w,u,m,w,u,m,w,u,m,w,u
Anden-Felsenhahn,Rupicola peruvianus,0,1,0,0,0,0,0,0,0,0,0,0,0,0,0,0,1,0
"",Cotinga cayana,1,1,0,0,0,2,0,0,0,0,0,2,0,0,0,1,1,
Gelbkopf-Pipra,Pipra erythrocephala,3,1,0,0,0,0,0,0,0,0,0,0,0,0,0,3,1,0
"",Hypsipetes leucocephalus,1,1,0,0,0,0,0,0,0,0,0,0,0,0,0,1,1,
Rußbülbül,Pycnonotus cafer,1,1,0,0,0,0,0,0,0,0,0,0,0,0,0,1,1,0
"",Pycnonotus jocosus,4,2,18,0,0,10,0,0,0,0,0,1,0,0,0,4,2,
Elfenblauvogel,Irena puella,1,1,0,0,0,0,0,0,0,0,0,0,0,0,0,1,1,0
"",Babax lanceolatus,1,1,0,0,0,0,0,0,0,0,0,0,0,0,0,1,1,
Blaukronenhäherling,Dryonastes courtoisi,1,1,0,0,0,0,1,0,0,1,0,0,0,0,0,1,1,0
"",Garrulax canorus,2,2,0,0,0,0,0,0,0,0,0,0,0,0,0,2,2,
Weißohrhäherling,Dryonastes chinensis,1,2,0,0,0,0,0,0,0,0,0,0,0,0,0,1,2,0
"",Garrulax leucolophus diardi,2,2,0,0,0,8,0,0,0,0,0,8,0,0,0,2,2,
Rotschwanzhäherling,Trochalopteron milnei,1,2,0,0,0,0,0,0,0,0,0,0,0,0,0,1,2,0
"",Garrulax monileger,1,0,0,0,0,0,0,0,0,0,0,0,0,0,0,1,0,
"China-Graubauch-häherling",Dryonastes berthemyi,1,1,0,0,0,2,0,0,0,0,0,2,0,0,0,1,1,0
""
VÖGEL,AVES,2016,geboren,Zugänge,gestorben,Abgabe,2017,,,,,,,,,,,,
Sperlingsvögel,Passeriformes,m,w,u,m,w,u,m,w,u,m,w,u,m,w,u,m,w,u
Brustbandhäherling,Garrulax pectoralis,0,1,0,0,0,0,0,0,0,0,0,0,0,0,0,0,1,0
"",Pterorhinus sannio,1,1,0,0,0,3,0,0,0,0,0,3,0,0,0,1,1,
Omeihhäherling,Liocichla omeiensis,2,2,0,0,0,0,0,0,0,0,0,0,0,0,0,2,2,0
"",Liocichla ripponi,1,1,0,0,0,0,0,0,0,0,0,0,0,0,0,1,1,
Purpurpfeifdrossel,Myophonus caeruleus,0,1,0,0,0,0,0,0,0,0,0,0,0,0,0,0,1,0
"",Turdus dissimilis,2,2,0,0,0,0,0,0,0,0,0,0,0,0,0,2,2,
Sibirische Drossel,Zoothera sibirica,1,1,0,0,0,0,0,0,0,0,1,0,0,0,0,1,0,0
"",Entomyzon cyanotis,1,2,0,1,2,0,0,0,0,0,0,0,2,4,0,0,0,
Großer Kubafink,Tiaris olivaceus,1,0,0,0,0,0,0,0,0,0,0,0,0,0,0,1,0,0
"",Loxigilla violacea,3,0,0,0,0,0,0,0,0,2,0,0,0,0,0,1,0,
Roter Kronfink,Coryphospingus cucullatus,1,0,0,0,0,0,0,0,0,0,0,0,0,0,0,1,0,0
"",Cyanerpes cyaneus,0,1,0,0,0,0,0,0,0,0,0,0,0,0,0,0,1,
Veilchenorganist,Euphonia violacea,1,1,0,0,0,2,0,0,0,0,0,2,0,0,0,1,1,0
"",Ramphocelus breselius,1,1,0,0,0,0,0,0,0,0,0,0,0,0,0,1,1,
Siebenfarbentangare,Tangara chilensis,2,2,0,0,0,0,0,0,0,1,0,0,0,0,0,1,2,0
"",Tangara gyrola,1,0,0,0,0,0,0,0,0,0,0,0,0,0,0,1,0,
Schwalbentangare,Tersina viridis,2,1,0,0,0,0,0,0,0,1,1,0,0,0,0,1,0,0
"",Thraupis bonariensis,2,1,0,0,0,0,0,0,0,1,0,0,0,0,0,1,1,
Krähenstirnvogel,Psaracolius decumanus,1,3,2,0,0,1,0,0,0,0,0,3,0,0,0,1,2,1
"",Carduelis ambigua,3,1,0,0,0,0,0,0,0,0,0,0,0,0,0,3,1,
Graukopfstieglitz,Carduelis carduelis caniceps,0,0,3,0,0,0,0,0,0,0,0,0,0,0,0,0,0,3
"",Carduelis dominicensis,2,1,0,0,0,2,0,0,0,0,0,1,0,0,0,2,1,
"Schwarzschwanzkern-beißer",Eophona migratoria,2,2,0,0,1,2,0,0,0,0,0,2,0,0,0,2,3,0
"",Rhodopechys obsoleta,2,0,0,0,0,0,0,0,0,0,0,0,0,0,0,2,0,
Kanarienvogel,Serinus canaria f. domestica,0,0,30,0,0,0,0,0,0,0,0,14,0,0,0,0,0,16
"",Taeniopygia guttata,0,0,87,0,0,44,0,0,0,0,0,27,0,0,0,0,0,
Lappenstar,Creatophora cinerea,1,1,1,0,0,0,0,0,0,0,0,0,0,0,0,1,1,1
"",Leucopsar rothschildi,1,0,0,0,0,0,0,0,0,0,0,0,0,0,0,1,0,
Rotflügelstar,Onychognathus morio,1,1,0,0,0,0,0,0,0,0,0,0,0,0,0,1,1,0
"",Scissirostrum dubium,1,0,0,0,0,0,0,0,0,0,0,0,0,0,0,1,0,
Dreifarbenglanzstar,Spreo superbus,5,4,3,0,0,5,0,0,0,0,0,2,0,0,0,5,4,6
"",Cosmopsarus regius,1,1,0,0,0,0,0,0,0,0,1,0,0,0,0,1,0,
Rosenstar,Sturnus roseus,1,1,0,0,0,0,0,0,0,0,0,0,0,0,0,1,1,0
"",Ailuroedus buccoides,1,1,0,0,0,0,0,0,0,0,0,0,1,1,0,0,0,
Kolkrabe,Corvus corax,1,1,0,0,0,0,0,0,0,0,0,0,1,1,0,0,0,0
"",Cyanopica cyanus,3,1,0,0,0,0,0,0,0,2,0,0,0,0,0,1,1,
Rotschnabelkitta,Urocissa erythrorhyncha,0,1,0,0,0,0,1,1,0,0,0,0,0,1,0,1,1,0
""
KRIECHTIERE,REPTILIA,2016,Zugänge,geboren,gestorben,Abgabe,2017,,,,,,,,,,,,
"",,,,,,,,,,,,,,,,,,,
"",,,,,,,,,,,,,,,,,,,
Krokodile (Arten: 4),Crocodylia,5,4,1,0,0,0,0,0,0,0,0,0,0,0,0,5,4,1
"",Testudines,98,154,5,0,0,34,0,0,7,0,0,6,17,14,2,81,140,
Echsen (Arten: 17),Lacertilia,16,16,5,0,0,7,0,0,12,4,4,2,3,3,1,9,9,21
Serpentes,31,22,6,0,0,3,0,0,9,4,1,0,2,1,2,25,20,,
""
LURCHE,AMPHIBIA,2016,Zugänge,geboren,gestorben,Abgabe,2017,,,,,,,,,,,,
"",,,,,,,,,,,,,,,,,,,
"",,,,,,,,,,,,,,,,,,,
Froschlurche (Arten: 4),Anura,0,0,20,0,0,45,0,0,30,1,0,3,0,0,9,0,0,82
Caudata,0,0,17,0,0,0,0,0,0,0,0,6,0,0,7,0,0,,
KNORPELFISCHE,CHONDRICHTHYES,2016,Zugänge,geboren,gestorben,Abgabe,2017,,,,,,,,,,,,
"",,m,w,u,m,w,u,m,w,u,m,w,u,m,w,u,m,w,u
"",,,,,,,,,,,,,,,,,,,
Rochen (Arten: 1),Batoidea,0,0,0,0,0,2,0,0,0,0,0,0,0,0,0,0,0,2
KNOCHENFISCHE,OSTEICHTHYES,2016,Zugänge,geboren,gestorben,Abgabe,2017,,,,,,,,,,,,
"",,m,w,u,m,w,u,m,w,u,m,w,u,m,w,u,m,w,u
Salmlerartige (Arten: 8),Characiformes,0,0,4349,0,0,20,0,0,0,0,0,669,0,0,0,0,0,3630
"",Cypriniformes,0,0,139,0,0,0,0,0,0,0,0,28,0,0,0,0,0,
Welse (Arten: 11),Siluriformes,0,0,229,0,0,0,0,0,0,0,0,23,0,0,4,0,0,202
"",Atheriniformes,0,0,190,0,0,0,0,0,842,0,0,0,0,0,0,0,0,
Stichlingsartige (Arten: 1),Gasterosteiformes,0,0,5,0,0,0,0,0,0,0,0,3,0,0,0,0,0,2
"",Perciformes,0,0,559,0,0,189,0,0,46,0,0,256,0,0,48,0,0,
Kugelfischartige (Arten: 1),Tetradontiformes,0,0,2,0,0,0,0,0,0,0,0,0,0,0,0,0,0,1
WIRBELLOSE,INVERTEBRATA,2016,Zugänge,geboren,gestorben,Abgabe,2017,,,,,,,,,,,,
"",,m,w,u,m,w,u,m,w,u,m,w,u,m,w,u,m,w,u
Stachelhäuter (Arten: 7),Echinodermata,0,0,177,0,0,0,0,0,0,0,0,152,0,0,0,0,0,25
"",Mollusca,0,0,153,0,0,0,0,0,0,0,0,120,0,0,0,0,0,
Gliederfüßer (Arten: 13),Arthropoda,0,0,442,0,0,0,0,0,0,0,0,366,0,0,0,0,0,76
"",Annelida,0,0,102,0,0,0,0,0,0,0,0,0,0,0,0,0,0,
Plattwürmer (Arten: 1),Plathelminthes,0,0,50,0,0,0,0,0,0,0,0,0,0,0,0,0,0,50
Cnidaria,0,0,1389,0,0,67,0,0,42,0,0,1258,0,0,0,0,0,,
Tierbestand 2017,Anzahl Individuen,Arten/Formen
Säugetiere,1.210,180
"",1.352,
Kriechtiere,360,82
"",89,
Fische,5.471,80
"",377,
Gesamtbestand,8.859,713
