""
Tagestickets Zoo,Eintrittskarten 2018,Eintrittskarten 2017,+/- Vorjahr in %
Erwachsene,706.671,690.974,2 %
"",159.150,160.409,
Kinder,101.863,107.606,-5 %
"",279.320,262.132,
Andere Eintrittsgelder,15.995,17.662,-9 %
Summe Tagestickets Zoo,1.262.999,1.238.783,2 %
Tagestickets Zoo-Aquarium,Eintrittskarten 2018,Eintrittskarten 2017,+/- Vorjahr in %
Erwachsene,326.756,341.391,-4 %
"",72.482,76.488,
Kinder,45.275,51.549,-12 %
"",174.919,157.733,
Andere Eintrittsgelder,1.153,1.401,-18 %
Summe Tagestickets Zoo-Aquarium,620.585,628.562,-1 %
SUMME TAGESTICKETS TOTAL,1.883.584,1.867.345,1 %
ZooCard Zoo,Eintrittskarten 2018,Eintrittskarten 2017,+/- Vorjahr in %
Erwachsene,14.003,12.535,12 %
"",3.401,3.394,
Kinder,410,411,0 %
"",20.641,19.193,
1-2-3-Card,5.523,4.616,20 %
Summe ZooCards Zoo,43.978,40.149,10 %
ZooCard Zoo-Aquarium,Eintrittskarten 2018,Eintrittskarten 2017,+/- Vorjahr in %
"",4.202,3.538,
Ermäßigte,1.192,1.128,6 %
"",208,176,
Familien,8.903,7.839,14 %
"",5.523,4.616,
Summe ZooCards Zoo-Aquarium,20.028,17.297,16 %
SUMME ZOOCARDS TOTAL,64.006,57.446,11 %
Sonstige Tickets Zoo*,131.691,141.070,-7 %
"",56.868,62.115,
Summe Tickets Zoo,1.438.668,1.420.002,1 %
"",697.481,707.974,
EINTRITTSKARTEN GESAMT,2.136.149,2.127.976,"0,4 %"
Ermittelte Besucher**,3.573.763,3.484.412,3 %
die Formenvielfalt der Kriechtiere (n = 66) im zwei-,um 23 % und die Formenanzahl um 9 % verringert.
ten Jahr nach dem Abschluss der Baumaßnahmen,Dabei konnte trotz Artenreduktion der Erhalt einer
""
""
AKTIVA,2018,2017,
A.,ANLAGEVERMÖGEN,in €,in €
"I.Immaterielle Vermögensgegenstände, gewerblicheSchutzrechte und ähnliche Rechte und Werte","244.176,00","116.202,00",
II.Sachanlagen,,,
1.Grundstücke und Bauten,"39.195.149,00","36.442.462,00",
2.Technische Anlagen und Maschinen,"2.009.074,00","1.888.071,00",
"3.Andere Anlagen, Betriebs- und Geschäftsausstattung","1.831.222,00","1.712.442,00",
4.Geleistete Anzahlungen und Anlagen im Bau,"3.678.218,41","3.822.491,72",
Summe Sachanlagen,"46.713.663,41","43.865.466,72",
"",,,
"","1.755.608,92",,
"","11.449.068,19",,
"","1.120,00",,
"","13.205.797,11",,
Summe Anlagevermögen,"60.163.636,52","45.982.268,72",
B.,UMLAUFVERMÖGEN,,
I.Vorräte,,,
"1.Roh-, Hilfs- und Betriebsstoffe","172.596,00","180.615,00",
2.Fertige Erzeugnisse,"8.563,00","16.072,00",
Summe Vorräte,"181.159,00","196.687,00",
"",,,
"","252.585,19",,
"","125.833,23",,
"","277.792,82",,
"","656.211,24",,
"III.WertpapiereSonstige Wertpapiere","1,00","1,00",
"","22.068.389,15",,
Summe Umlaufvermögen,"22.905.760,39","31.898.261,65",
C.,RECHNUNGSABGRENZUNGSPOSTEN,"508.449,07","524.186,04"
SUMME AKTIVA,"83.577.845,98","78.404.716,41"
""
PASSIVA,2018,2017,
A.,EIGENKAPITAL,in €,in €
I.Gezeichnetes Kapital,,,
1.Grundkapital,"1.716.000,00","1.716.000,00",
2.Nennbetrag eigener Anteile,"-156,00","-832,00",
Summe Gezeichnetes Kapital,"1.715.844,00","1.715.168,00",
"","62.659,07",,
III.Gewinnrücklagen,,,
1.Gesetzliche Rücklage,"139.989,53","139.989,53",
2.Rücklagen für eigene Anteile,"156,00","832,00",
3.Andere Gewinnrücklagen,"58.447.702,84","55.756.316,72",
Summe Gewinnrücklagen,"58.587.848,37","55.897.138,25",
"","0,00",,
V.Jahresüberschuss,"3.410.112,12","2.691.386,12",
"63.776.463,56",,,
B.,SONDERPOSTEN FÜR INVESTITIONSZUSCHÜSSE ZUM ANLAGEVERMÖGEN,"135.482,02","0,00"
"",,,
C.,RÜCKSTELLUNGEN,,
"",,,
1.Rückstellungen für Pensionen und ähnliche Verpflichtungen,"14.273.651,07","11.954.450,68",
2.Steuerrückstellungen,"0,00","5.969,00",
3.Sonstige Rückstellungen,"1.302.366,00","2.025.166,00",
Summe Rückstellungen,"15.576.017,07","13.985.585,68",
D.,VERBINDLICHKEITEN,,
"",,,
"1.Erhaltene Anzahlungen auf Bestellungen- davon mit einer Restlaufzeit bis zu einem Jahr € 98.815,10 (Vorjahr: T€ 89)","98.815,10","89.187,50",
"2.Verbindlichkeiten aus Lieferungen und Leistungen- davon mit einer Restlaufzeit bis zu einem Jahr € 2.139.185,73 (Vorjahr: T€ 1.652)","2.296.312,66","1.867.572,03",
"3.Sonstige Verbindlichkeiten:- davon aus Steuern € 0,00 (Vorjahr: T€ 39)- davon im Rahmen der sozialen Sicherheit € 0,00 (Vorjahr: T€ 16)- davon mit einer Restlaufzeit bis zu einem Jahr € 542.912,57 (Vorjahr: T€ 397)","542.912,57","979.946,76",
Summe Verbindlichkeiten,"2.938.040,33","2.936.706,29",
E.,RECHNUNGSABGRENZUNGSPOSTEN,"1.151.843,00","1.116.073,00"
SUMME PASSIVA,"83.577.845,98","78.404.716,41"
""
GEWINN- UND VERLUSTRECHNUNG,2018,2017
"",,
"",,
"1.Erträge aus Investitionszuschüssen","135.482,02","0,00"
2.Zuführung zum Sonderposten für Investitionszuschüsse,"-135.482,02","0,00"
3.Spenden und Zuwendungen,"6.637.035,45","4.812.890,05"
4.Umsatzerlöse,"25.196.703,06","24.674.576,32"
5.Sonstige betriebliche Erträge,"878.771,01","458.589,92"
6.Gesamtleistung,"32.712.509,52","29.946.056,29"
"","-3.837.498,68",
"","-1.602.765,46",
"","-2.234.733,22",
8.Mittelverwendung,"-1.269.823,71","-1.493.066,25"
"","-14.000.474,50",
"","-9.920.041,07",
"","-4.080.433,43",
"10.Abschreibungen auf immaterielle Vermögensgegenständeund Sachanlagen","-2.451.153,28","-2.125.286,84"
"","-7.071.666,45",
12.Erträge aus anderen Wertpapieren des Finanzanlagevermögens,"98.174,63","0,00"
"","145.542,55",
"14.Zinsen und ähnliche Aufwendungen- davon Aufwendungen aus Aufzinsung € 726.092,00 (Vorjahr: T€ 812)","-865.160,39","-780.724,75"
"","-14.540,95",
"16.Ergebnis nach Steuern","3.445.908,74","2.726.342,72"
"","-35.796,62",
"18.Jahresüberschuss","3.410.112,12","2.691.386,12"
""
EIGENKAPITALSPIEGEL,01.01.2018,Entnahme,Einstellung,31.12.2018
Eigenkapital,in €,in €,in €,in €
I.   Gezeichnetes Kapital,"1.715.168,00","676,00","0,00","1.715.844,00"
1. Grundkapital,"1.716.000,00","0,00","0,00","1.716.000,00"
2. Nennbetrag eigener Anteile,"-832,00","676,00","0,00","-156,00"
"","62.659,07","0,00","0,00",
III.  Gewinnrücklagen,"55.897.138,25","-676,00","2.691.386,12","58.587.848,37"
1. Gesetzliche Rücklage,"139.989,53","0,00","0,00","139.989,53"
2. Rücklage für eigene Anteile,"832,00","-676,00","0,00","156,00"
3. Andere Gewinnrücklagen,"55.756.316,72","0,00","2.691.386,12","58.447.702,84"
"","0,00","0,00","0,00",
V.  Jahresüberschuss,"2.691.386,12","-2.691.386,12","3.410.112,12","3.410.112,12"
"60.366.351,44","-2.691.386,12","6.101.498,24",,
""
""
VERBINDLICHKEITEN,RESTLAUFZEITEN,,,,,,
"",bis zu einem Jahr,"zwischen einemund fünf Jahren",mehr als fünf Jahre,Gesamt,,,
"",2018,2017,2018,2017,2018,2017,2018
"",,,,,,,
"",in €,in T€,in €,in T€,in €,in T€,in €
"1.Erhaltene Anzahlungenauf Bestellungen","98.815,10","89,2","0,00","0,0","0,00","0,0","98.815,10"
"","2.139.185,73","1.651,9","157.126,93","215,7","0,00","0,0",
"3.Sonstige Verbindlichkeiten- davon aus Steuern: 0,00 €(Vj.: 39 T€)- davon im Rahmen der sozialenSicherheit: 0,00 € (Vj.: 16 T€)","542.912,57","396,8","0,00","16,4","0,00","566,7","542.912,57"
"2.780.913,40","2.137,90","157.126,93","232,10","0,00","566,70",,
""
""
UMSATZERLÖSE,2018,2017,
"",,in €,in €
"",itte,"22.285.758,31",
Füh,ungsgebühren,"240.378,00","228.052,50"
"",handising,"978,53",
Mie,en und Pachten,"1.338.029,27","1.219.596,66"
"",etingpartnerschaften,"384.840,20",
Lize,zen,"384,64","408,68"
"",tige Umsatzerlöse,"946.334,11",
Um,atzerlöse,"25.196.703,06","24.674.576,32"
"",der Berlinwasser Holding GmbH
"",(Vorsitzender)
Horst-Achim Kern . . . . . . . . . . . . . . . . . . . . . . . . . . . . . . . . . . . . . . . . . . . . . . . . . . . . . . . . . . . . . . . . .,Geschäftsführer PROHACON GmbH
"",(1. stellv. Vorsitzender)
Prof. Dr. rer. hort. Klaus Neumann . . . . . . . . . . . . . . . . . . . . . . . . . . . . . . . . . . . . . . . . . . .,"Landschaftsarchitekt, Professor an"
"",der Beuth-Hochschule für Technik Berlin
"",(2. stellv. Vorsitzender)
Thomas Albrecht . . . . . . . . . . . . . . . . . . . . . . . . . . . . . . . . . . . . . . . . . . . . . . . . . . . . . . . . . . . . . . . . . .,Beirat der August Storck KG
Prof. Dr. med. vet. Leo Brunnberg . . . . . . . . . . . . . . . . . . . . . . . . . . . . . . . . . . . . . . . . . . .,Direktor der Klinik und Poliklinik für kleine Haustiere Berlin i. R.
Dr. Johannes Evers . . . . . . . . . . . . . . . . . . . . . . . . . . . . . . . . . . . . . . . . . . . . . . . . . . . . . . . . . . . . . . . .,Vorsitzender des Vorstands der Berliner Sparkasse
Prof. Swantje Kühn . . . . . . . . . . . . . . . . . . . . . . . . . . . . . . . . . . . . . . . . . . . . . . . . . . . . . . . . . . . . . . . .,"Architektin, Partnerin GKK Architekten BDA,"
"",Professorin an der Hochschule Ostwestfalen-Lippe
Prof. Dr. Joachim Schindler . . . . . . . . . . . . . . . . . . . . . . . . . . . . . . . . . . . . . . . . . . . . . . . . . . . .,Wirtschaftsprüfer und Steuerberater
Maria Gleichmann-Pieroth . . . . . . . . . . . . . . . . . . . . . . . . . . . . . . . . . . . . . . . . . . . . . . . . . . . .,Beirätin Pieroth Wein AG und Beirätin Kohl GmbH & Co. KG
Christian Toll . . . . . . . . . . . . . . . . . . . . . . . . . . . . . . . . . . . . . . . . . . . . . . . . . . . . . . . . . . . . . . . . . . . . . . . .,"Tierpfleger, Zoo Berlin AG"
Dr. Petra Warnecke . . . . . . . . . . . . . . . . . . . . . . . . . . . . . . . . . . . . . . . . . . . . . . . . . . . . . . . . . . . . . . .,Bereichsleiterin Auftraggeber und Geschäftsentwicklung
ENTWICKLUNG DES ANLAGEVERMÖGENS ZUM 31. DEZEMBER 2018 (ANLAGENSPIEGEL)
Anschaffungs- und Herstellungskosten
Alle Werte in € 01.01.2018 Stand am Zugang Abgang Umbuchung31.12.2018Stand am
"61.529.810,15","18.747.216,07","3.227.214,74","0,00","77.049.811,48"
"",,,Abschreibungen,,,Buchwerte
Alle Werte in €,Stand am 01.01.2018,,Zugang Abgang,Stand am 31.12.2018,,Stand am 31.12.2018 31.12.2017Stand am
"15.547.541,43","2.451.153,28","1.112.519,75","16.886.174,96","60.163.636,52","45.982.268,72"
"","238.187,04","152.339,84","5.306,28","41.546,75","426.767,35"
II.  Sachanlagen,,,,,
1. Grundstücke und Bauten,"45.280.002,70","300.156,76","107.383,03","4.167.126,45","49.639.902,88"
2. Technische Anlagen und,,,,,
Maschinen,"4.275.885,17","22.076,26","50.403,80","396.018,87","4.643.576,50"
"3. Andere Anlagen, Betriebs-",,,,,
und Geschäftsausstattung,"5.912.643,52","455.611,30","949.426,64","36.721,05","5.455.549,23"
4. Geleistete Anzahlungen und,,,,,
Anlagen im Bau,"3.822.491,72","4.497.139,81","0,00","-4.641.413,12","3.678.218,41"
"","59.291.023,11","5.274.984,13","1.107.213,47","-41.546,75","63.417.247,02"
III.  Finanzanlagen,,,,,
1. Ausleihungen an ver-,,,,,
bundene Unternehmen,"2.000.000,00","0,00","244.391,08","0,00","1.755.608,92"
"","121.985,04","65.912,59","5.306,28","182.591,35","244.176,00","116.202,00"
II.  Sachanlagen,,,,,,
1. Grundstücke und Bauten,"8.837.540,70","1.714.596,21","107.383,03","10.444.753,88","39.195.149,00","36.442.462,00"
2. Technische Anlagen und,,,,,,
Maschinen,"2.387.814,17","297.092,13","50.403,80","2.634.502,50","2.009.074,00","1.888.071,00"
"3. Andere Anlagen, Betriebs-",,,,,,
und Geschäftsausstattung,"4.200.201,52","373.552,35","949.426,64","3.624.327,23","1.831.222,00","1.712.442,00"
4. Geleistete Anzahlungen und,,,,,,
Anlagen im Bau,"0,00","0,00","0,00","0,00","3.678.218,41","3.822.491,72"
"","15.425.556,39","2.385.240,69","1.107.213,47","16.703.583,61","46.713.663,41","43.865.466,72"
III.  Finanzanlagen,,,,,,
1. Ausleihungen an ver-,,,,,,
bundene Unternehmen,"0,00","0,00","0,00","0,00","1.755.608,92","2.000.000,00"
PERSONALKENNZAHLEN,2014,2015,2016,2017,2018
SÄUGETIERE MAMMALIA,,2017,,geboren,Zugänge,gestorben,Abgabe,,,2018,
Beuteltiere Marsupialia,m,w,u,m w u,m w u,m w u,m w u,,m,w,u
Kurzschwanzoppossum Monodelphis domestica,0,0,0,0 0 0,0 2 0,0 0 0,0 0 0,,0,2,0
Parma Känguru Macropus parma,7,3,1,0 1 1,0 1 0,2 1 0,1 0 0,,7,3,1
Rotes Riesenkänguru Macropus rufus,2,3,0,2 0 1,1 1 0,2 2 1,1 0 0,,2,2,0
Insektenfresser Insectivora,m,w,u,m w u,m w u,m w u,m w u,,m,w,u
Kleiner Igeltanrek Echinops telfairi,1,1,0,0 0 0,1 0 2,1 1 0,0 0 0,,1,0,2
Röhrchenzähner Tubulidendata,m,w,u,m w u,m w u,m w u,m w u,,m,w,u
Erdferkel Orycteropus afer,1,1,0,0 0 0,0 0 0,0 0 0,0 0 0,,1,1,0
Rüsseltiere Proboscidae,m,w,u,m w u,m w u,m w u,m w u,,m,w,u
Asiatischer Elefant Elephas maximus,1,6,0,0 0 0,0 0 0,0 1 0,0 0 0,,1,5,0
Zahnarme Pilosa,m,w,u,m w u,m w u,m w u,m w u,,m,w,u
Weißborstengürteltier Euphractus sexcinctus,1,2,0,0 0 0,0 0 0,0 0 0,0 0 0,,1,2,0
Südliches Kugelgürteltier Tolypiotes matacus,2,1,0,0 0 0,0 0 0,0 0 0,1 0 0,,1,1,0
Zweifingerfaultier Choloepus didactylus,1,1,0,0 0 0,0 0 0,0 0 0,0 0 0,,1,1,0
Großer Ameisenbär Myrmecophaga tridactyla,1,1,0,0 0 0,0 0 0,0 0 0,0 0 0,,1,1,0
Primaten Primates,m,w,u,m w u,m w u,m w u,m w u,,m,w,u
Grauer Mausmaki Microcebus murinus,0,2,0,0 0 0,1 1 0,0 0 0,0 0 0,,1,3,0
Weißkopfmaki Eulemur albifrons,3,2,0,0 0 0,0 0 0,0 0 0,0 0 0,,3,2,0
Bengalischer Plumplori Nycticebus bengalensis,1,1,0,0 0 0,0 0 0,1 0 0,0 0 0,,0,1,0
Plumplori Nycticebus coucang,0,1,0,0 0 0,1 1 0,0 1 0,0 0 0,,1,1,0
Senegal-Galago Galago senegalensis,3,5,0,0 1 1,0 0 0,0 1 1,0 0 0,,3,5,0
Springtamarin Callimico goeldii,2,1,0,0 0 0,0 0 0,1 0 0,0 0 0,,1,1,0
Saguinus imperator Kaiserschnurrbarttamarin 0 subgrisecens,0,0,0,0 0 0,1 2 0,0 0 0,0 0 0,,1,2,
Geoffroys Seidenäffchen Callithrix geoffroyi,1,2,0,0 0 0,0 0 0,0 1 0,0 0 0,,1,1,0
Schwarzrücken-Tamarin Saguinus nigricollis,1,0,0,0 0 0,0 0 0,0 0 0,0 0 0,,1,0,0
Lisztaffe Saguinus oedipus,1,1,0,0 0 1,0 0 0,0 0 1,0 0 0,,1,1,0
Brauner Kapuziner Cebus olivaceus,4,3,1,0 0 0,0 0 0,0 0 0,0 0 0,,5,3,0
Totenkopfäffchen Saimiri sciureus,2,5,0,0 0 0,0 0 0,0 0 0,0 0 0,,2,5,0
Bolivien-Nachtaffe Aotus azarae,3,3,1,0 0 1,0 0 0,1 0 0,0 0 0,,2,4,1
Roter Springaffe Callicebus cupreus,3,2,0,0 0 1,0 0 0,0 1 0,1 0 0,,2,1,1
Schwarzer Brüllaffe Alouatta caraya,0,1,0,0 0 0,0 0 0,0 0 0,0 0 0,,0,1,0
Braunkopfklammeraffe Ateles fusciceps,1,1,0,0 0 0,0 0 0,0 0 0,0 0 0,,1,1,0
Eulenkopf-Meerkatze Cercopithecus hamlyni,1,2,0,0 0 0,1 1 0,1 0 0,0 0 0,,1,3,0
""
SÄUGETIERE,MAMMALIA,2017,geboren,Zugänge,gestorben,Abgabe,2018,,,,,,,,,,,,
Primaten,Primates,m,w,u,m,w,u,m,w,u,m,w,u,m,w,u,m,w,u
Bärenmakak,Macaca arctoides,2,5,0,0,0,0,0,0,0,0,1,0,2,4,0,0,0,0
"",Macaca fuscata,0,0,0,0,0,0,9,8,0,1,0,0,0,0,0,8,8,
Wanderu,Macaca silenus,2,7,0,0,0,0,0,0,0,0,0,0,0,0,0,2,7,0
"",Macaca sinica,8,5,0,1,0,0,0,0,0,0,0,0,0,0,0,9,5,
Mandrill,Mandrillus sphinx,2,2,0,0,0,0,0,0,0,0,0,0,0,0,0,2,2,0
"",Papio hamadryas,16,20,1,1,2,3,0,0,0,0,0,2,0,0,0,17,23,
Hulman,Semnopithecus entellus,0,5,0,0,0,0,1,0,0,0,1,0,0,0,0,1,4,0
"",Trachypithecus auratus,1,2,0,0,0,0,0,0,0,0,0,0,1,0,0,0,2,
Kappengibbon,Hylobates pileatus,1,0,0,0,0,0,0,0,0,0,0,0,0,0,0,1,0,0
"",Symphalangus syndactylus,2,1,0,0,0,1,0,0,0,0,0,0,0,0,0,2,1,
"WestlicherFlachland-Gorilla",Gorilla gorilla gorilla,1,4,0,0,0,0,0,0,0,0,0,0,0,0,0,1,4,0
"",Pan paniscus,1,3,0,0,0,0,1,1,0,0,0,0,0,0,0,2,4,
Schimpanse,Pan troglodytes,2,3,0,0,0,0,0,0,0,0,0,0,0,0,0,2,3,0
"",Pongo pygmaeus,2,4,0,0,0,0,0,0,0,0,0,0,0,1,0,2,3,
Nagetiere,Rodentia,m,w,u,m,w,u,m,w,u,m,w,u,m,w,u,m,w,u
Prevosts Schönhörnchen,Callosciurus prevostii rafflesii,1,1,0,0,0,0,0,0,0,0,0,0,0,0,0,1,1,0
"","Callosciurus prevostiibangkanus",1,0,0,0,0,0,0,0,0,0,0,0,0,0,0,1,0,
Alpenmurmeltier,Marmota marmota,2,2,0,0,0,0,0,0,0,0,0,0,0,0,0,2,2,0
"",Marmota monax,1,1,0,0,0,0,0,0,0,1,0,0,0,1,0,0,0,
Europäischer Biber,Castor fiber,3,3,0,0,0,0,0,0,0,0,0,0,2,1,0,1,2,0
"",Dipodomys merriami,2,1,0,0,0,0,0,0,0,2,1,0,0,0,0,0,0,
Roborowski-Zwerghamster,Phodopus roborovskii,2,2,0,3,1,0,0,0,0,2,0,0,1,1,0,2,2,0
"",Mus minutoides,0,0,0,0,0,0,2,6,0,0,0,0,0,0,0,2,6,
Blasse Wüstenspringmaus,Gerbillus perpallidus,5,12,0,0,0,0,0,0,0,0,0,0,1,3,0,4,9,0
"",Pedetes capensis,3,5,0,1,2,1,0,0,0,0,2,1,0,0,0,4,5,
Graumull,Cryptomys anselli,4,2,1,0,0,2,4,1,0,0,1,0,0,0,0,9,2,2
"",Atherurus africanus,2,1,0,0,0,0,0,0,0,0,0,0,0,0,0,2,1,
"SüdafrikanischesStachelschwein",Hystrix africaeaustralis,1,2,0,0,0,0,0,0,0,0,0,0,0,0,0,1,2,0
"",Cavia aperea f. percellus,0,0,15,0,0,0,0,0,0,0,0,0,0,0,0,0,0,
Große Mara,Dolichotis patagonum,1,0,0,0,0,0,4,0,0,0,0,0,0,0,0,5,0,0
Hydrochaeris hydrochaeris,1,1,0,0,0,0,0,1,0,0,0,0,0,0,0,1,2,,
""
SÄUGETIERE,MAMMALIA,2017,geboren,Zugänge,gestorben,Abgabe,2018,,,,,,,,,,,,
Nagetiere,Rodentia,m,w,u,m,w,u,m,w,u,m,w,u,m,w,u,m,w,u
Moko,Kerodon rupestris,2,4,0,0,0,2,0,0,0,0,2,2,0,0,0,2,2,0
"",Dasyprocta leporina,0,1,0,0,0,0,0,0,0,0,0,0,0,0,0,0,1,
"Blaue Degu-Maus, Cururo",Spalacopus cyaneus,3,3,0,0,0,0,0,0,0,0,0,0,0,0,0,3,3,0
Hasenartige,Lagomorpha,m,w,u,m,w,u,m,w,u,m,w,u,m,w,u,m,w,u
Grauer Wiener,"Oryctolagus cuniculus f.domestica",0,1,0,0,0,0,0,0,0,0,0,0,0,0,0,0,1,0
"","Oryctolagus cuniculus f.domestica",0,2,0,0,0,0,0,0,0,0,2,0,0,0,0,0,0,
Rheinische Schecken,"Oryctolagus cuniculus f.domestica",1,2,0,0,0,0,0,0,0,0,1,0,0,0,0,1,1,0
"","Oryctolagus cuniculus f.domestica",0,1,0,0,0,0,0,0,0,0,0,0,0,0,0,0,1,
Zwergkaninchen Mix,"Oryctolagus cuniculus f.domestica",1,5,0,0,0,0,0,0,0,0,0,0,0,0,0,1,5,0
Fledertiere,Chiroptera,m,w,u,m,w,u,m,w,u,m,w,u,m,w,u,m,w,u
Gemeiner Vampir,Desmodus rotundus,1,4,0,0,0,0,0,0,0,0,0,0,0,0,0,1,4,0
"",Glossophaga soricina,16,20,0,4,2,0,0,0,0,3,6,0,0,0,0,17,16,
Brillenblattnase,Carollia perspillicata,35,32,0,9,8,0,0,0,0,6,1,0,0,0,0,38,39,0
Raubtiere,Carnivora,m,w,u,m,w,u,m,w,u,m,w,u,m,w,u,m,w,u
Sandkatze,Felis margarita,0,1,0,0,0,0,0,0,0,0,0,0,0,0,0,0,1,0
"",Leopardus pardalis,0,1,0,0,0,0,0,0,0,0,0,0,0,0,0,0,1,
Rostkatze,Prionailurus rubiginosus,1,1,0,0,0,0,0,0,0,0,0,0,0,0,0,1,1,0
"",Panthera leo,0,2,0,0,0,0,0,0,0,0,0,0,0,0,0,0,2,
Jaguar,Panthera onca,1,0,0,0,0,0,0,0,0,1,0,0,0,0,0,0,0,0
""
SÄUGETIERE,MAMMALIA,2017,geboren,Zugänge,gestorben,Abgabe,2018,,,,,,,,,,,,
Raubtiere,Carnivora,m,w,u,m,w,u,m,w,u,m,w,u,m,w,u,m,w,u
Persischer Leopard,Panthera pardus saxicolor,1,2,0,0,0,0,0,0,0,0,1,0,0,0,0,1,1,0
"",Herpaillurus yaguaroundi,0,1,0,0,0,0,0,0,0,0,0,0,0,0,0,0,1,
Ringelschwanzmungo,Galidia elegans,2,5,0,0,1,1,0,0,0,0,2,0,0,0,0,2,4,1
"",Mungotictis decemlineata,3,4,0,0,0,2,0,0,0,0,0,1,0,0,0,3,4,
Zwergmanguste,Helogale parvula,6,3,0,0,0,0,0,0,0,0,0,0,0,0,0,6,3,0
"",Suricata suricatta,2,2,0,0,0,0,0,0,0,1,0,0,0,0,0,1,2,
Tundrawolf,Canis lupus hudsonicus,2,1,0,0,0,0,0,0,0,0,0,0,0,0,0,2,1,0
"",Lycaon pictus,2,0,0,3,1,0,0,2,0,0,1,0,0,0,0,5,2,
Fennek,Vulpes zerda,0,1,0,0,1,0,0,0,0,0,0,0,0,0,0,0,1,0
"",Ailuropoda melanoleuca,1,1,0,0,0,0,0,0,0,0,0,0,0,0,0,1,1,
Lippenbär,Melursus ursinus,3,2,0,0,0,0,0,0,0,1,0,0,0,0,0,2,2,0
"",Ursus maritimus,0,1,0,0,0,0,1,0,0,0,0,0,0,0,0,1,1,
Kragenbär,Ursus thibetanus,1,0,0,0,0,0,0,0,0,0,0,0,0,0,0,1,0,0
"",Arctocephalus pusillus,0,1,0,0,0,0,0,0,0,0,0,0,0,0,0,0,1,
Kalifornischer Seelöwe,Zalophus californianus,2,5,0,0,0,1,0,0,0,0,0,0,0,0,0,2,6,0
"",Phoca vitulina,3,4,0,0,2,0,0,0,0,0,0,0,0,2,0,3,4,
Zwergotter,Aonyx cinereus,1,2,0,0,0,0,0,0,0,0,1,0,0,0,0,1,1,0
"",Eira barbata,1,1,0,0,0,0,0,0,0,0,0,0,0,0,0,1,1,
Wickelbär,Potos flavus,3,2,0,0,2,0,0,0,0,0,1,0,1,1,0,2,2,0
"",Nasua nasua,0,2,0,0,0,0,0,0,0,0,0,0,0,0,0,0,2,
Unpaarhufer,Perissodactyla,m,w,u,m,w,u,m,w,u,m,w,u,m,w,u,m,w,u
Zwergesel,Equus asinus f. asinus,1,3,0,0,0,0,0,0,0,0,0,0,0,0,0,1,3,0
"",Equus quagga boehmi,1,6,0,0,2,0,0,0,0,0,2,0,0,0,0,1,6,
Grévy-Zebra,Equus grevyi,2,2,0,0,1,0,0,0,0,0,0,0,1,0,0,1,3,0
"",Equus przewalskii,0,3,0,0,0,0,0,0,0,0,2,0,0,0,0,0,1,
Shetland-Pony,Equus przewalskii f. caballus,3,2,0,0,0,0,0,0,0,0,0,0,0,1,0,3,1,0
"",Tapirus bairdii,1,0,0,0,0,0,0,0,0,0,0,0,0,0,0,1,0,
Flachlandtapir,Tapirus terrestris,1,1,0,0,0,0,0,0,0,0,0,0,0,0,0,1,1,0
"",Diceros bicornis,1,4,0,0,1,0,0,0,0,0,1,0,1,1,0,0,3,
Panzernashorn,Rhinocerus unicornis,0,2,0,0,0,0,0,0,0,0,0,0,0,0,0,0,2,0
Paarhufer,Artiodactyla,m,w,u,m,w,u,m,w,u,m,w,u,m,w,u,m,w,u
Hirscheber,Babyrousa babyrussa,1,2,0,0,0,0,0,0,0,0,0,0,0,0,0,1,2,0
"",Phacochoerus africanus,0,1,0,0,0,0,0,0,0,0,1,0,0,0,0,0,0,
Pinselohrschwein,Potamochoerus porcus pictus,1,1,0,0,0,0,0,0,0,1,1,0,0,0,0,0,0,0
"",Sus b. barbatus,1,0,0,0,0,0,0,0,0,0,0,0,0,0,0,1,0,
Visaya-Pustelschwein,Sus cebifrons medinus,1,1,0,0,0,0,0,0,0,0,0,0,0,0,0,1,1,0
"",Sus scrofa f. domestica,1,0,0,0,0,0,0,0,0,1,0,0,0,0,0,0,0,
"VietnamesischesHängebauchschwein",Sus scrofa f. domestica,0,1,0,0,0,0,0,0,0,0,0,0,0,0,0,0,1,0
""
SÄUGETIERE,MAMMALIA,2017,geboren,Zugänge,gestorben,Abgabe,2018,,,,,,,,,,,,
Paarhufer,Artiodactyla,m,w,u,m,w,u,m,w,u,m,w,u,m,w,u,m,w,u
Weißbartpekari,Tayassu pecari,18,24,0,3,8,0,0,0,0,6,4,0,2,7,0,13,21,0
"",Cheoropsis liberiensis,0,1,0,0,0,0,1,0,0,0,0,0,0,0,0,1,1,
Flusspferd,Hippopotamus amphibius,1,3,0,0,0,0,0,0,0,0,0,0,0,0,0,1,3,0
"",Camelus dromedarius,0,2,0,0,0,0,0,0,0,0,0,0,0,0,0,0,2,
Guanako,Lama guanicoe,2,4,0,0,0,0,0,0,0,0,0,0,2,0,0,0,4,0
"",Lama pacos,3,5,0,2,0,0,0,0,0,2,0,0,0,1,0,3,4,
Vikunja,Vicugna vicugna,1,2,0,0,0,0,0,0,0,0,0,0,0,0,0,1,2,0
"",Tragulus javanicus,2,2,0,0,0,0,0,0,0,0,1,0,0,0,0,2,1,
Weißwedelhirsch,Odocoileus virginianus,0,0,0,0,0,0,0,2,0,0,0,0,0,0,0,0,2,0
"",Pudu pudu,1,3,0,1,0,0,0,1,0,1,0,0,0,2,0,1,2,
Europäisches Waldrentier,Rangifer tarandus fennicus,1,5,0,0,0,0,1,0,0,0,0,0,1,0,0,1,5,0
"",Cervus nippon nippon,0,2,0,0,0,0,0,0,0,0,0,0,0,0,0,0,2,
"MesopotamischerDamhirsch",Dama dama mesopotamica,3,0,0,0,0,0,1,0,0,0,0,0,1,0,0,3,0,0
"",Muntiacus reevesi,5,0,0,0,0,0,0,0,0,1,0,0,0,0,0,4,0,
Barasinghahirsch,Rucervus duvauceli,1,2,0,0,0,0,0,0,0,0,0,0,0,0,0,1,2,0
"",Cervus alfredi,2,1,0,1,0,0,0,0,0,0,0,0,1,0,0,2,1,
Chinesisches Wasserreh,Hydropotes inermis,1,2,0,0,1,0,0,0,0,0,0,0,0,1,0,1,3,0
"","Giraffa camelopardalisreticulata",1,0,0,0,0,0,0,0,0,0,0,0,0,0,0,1,0,
Rothschildgiraffe,"Giraffa camelopardalisrothschildi",1,0,0,0,0,0,0,0,0,0,0,0,0,0,0,1,0,0
"",Okapi johnstoni,1,1,0,0,0,0,0,0,0,0,0,0,0,0,0,1,1,
Blessbock,Damaliscus pygargus,2,1,0,0,1,0,0,0,0,0,0,0,1,0,0,1,2,0
"",Antidorcas marsupialis,2,0,0,0,0,0,0,0,0,0,0,0,0,0,0,2,0,
Hirschziegenantilope,Antilope cervicapra,1,8,0,0,0,0,0,0,0,0,1,0,0,0,0,1,7,0
"",Litocranius walleri,1,0,0,0,0,0,0,0,0,0,0,0,0,0,0,1,0,
Kirkdikdik,Madoqua kirkii,3,2,0,2,1,0,0,0,0,0,0,0,2,0,0,3,3,0
"",Bison bison,2,2,0,1,1,0,0,0,0,0,0,0,1,0,0,2,3,
Wisent,Bison bonasus,2,1,0,1,0,0,0,0,0,0,0,0,1,0,0,2,1,0
"",Bos javanicus javanicus,1,5,0,1,1,0,1,0,0,0,1,0,1,0,0,1,5,
Hinterwälder Rind,Bos taurus,1,3,0,1,1,0,0,0,0,0,0,0,0,1,0,2,3,0
"",Bos taurus taurus watusi,1,2,0,0,2,0,0,0,0,0,0,0,0,0,0,1,4,
Vorderindischer Gaur,Bos gaurus gaurus,1,3,0,0,1,0,0,0,0,0,0,0,0,0,0,1,4,0
"",Bubalus bubalis,2,3,0,1,1,0,0,0,0,0,0,0,0,0,0,3,4,
Tieflandanoa,Bubalus (Anoa)  depressicornis,1,2,0,0,0,0,0,0,0,0,0,0,0,0,0,1,2,0
"",Syncerus caffer nanus,0,3,0,0,0,0,0,0,0,0,0,0,0,0,0,0,3,
Elenantilope,Tragelaphus oryx,1,3,0,0,0,0,0,0,0,0,0,0,0,0,0,1,3,0
"",Tragelaphus angasii,1,4,0,1,0,0,0,0,0,1,1,0,0,0,0,1,3,
Östlicher Bongo,Tragelaphus euryceros,1,1,0,0,0,0,0,1,0,0,0,0,0,0,0,1,2,0
""
SÄUGETIERE,MAMMALIA,2017,geboren,Zugänge,gestorben,Abgabe,2018,,,,,,,,,,,,
Paarhufer,Artiodactyla,m,w,u,m,w,u,m,w,u,m,w,u,m,w,u,m,w,u
"WestafrikanischeSitatunga",Tragelaphus spekei gratus,2,4,0,0,0,0,0,0,0,0,0,0,1,0,0,1,4,0
"",Tragelaphus strepsiceros,1,2,0,0,1,0,0,0,0,0,0,0,0,0,0,1,3,
Sichuan-Takin,Budorcas taxicolor tibetana,1,1,0,0,0,0,1,0,0,0,0,0,0,0,0,2,1,0
"",Capra aegragrus f. hircus,1,8,0,4,7,0,0,0,0,4,3,0,0,4,0,1,8,
Mischlingsziege,Capra aegragrus f. hircus,1,0,0,0,0,0,0,0,0,0,0,0,0,0,0,1,0,0
"",Capra ibex sibirica,4,9,0,3,3,0,0,0,0,0,2,0,1,3,0,6,7,
Himalya-Tahr,Hemitragus jemlahicus,1,0,0,0,0,0,0,1,0,0,0,0,0,0,0,1,1,0
"",Ovis ammon f. aries,1,3,0,3,2,0,0,0,0,3,2,0,0,0,0,1,3,
Kamerunschaf,Ovis ammon f. aries,1,9,0,3,4,0,0,0,0,3,6,0,0,0,0,1,7,0
"",Cephalophus natalensis,3,3,0,1,2,0,0,0,0,0,2,0,1,0,0,3,3,
"SüdafrikanischeRappenantilope",Hippotragus niger niger,1,3,0,0,0,0,0,0,0,0,0,0,0,1,0,1,2,0
"",Oryx  dammah,1,3,0,0,0,0,0,0,0,0,1,0,0,0,0,1,2,
Südliche Oryx,Oryx gazella gazella,1,4,0,0,0,0,0,0,0,0,0,0,0,0,0,1,4,0
"",Kobus ellipsiprymnus defassa,1,2,0,0,0,0,1,0,0,1,0,0,0,0,0,1,2,
"Kafue-Litschi-Moorantilope",Kobus leche kafuensis,3,9,0,0,0,0,0,0,0,1,0,0,0,0,0,2,9,0
""
VÖGEL,AVES,2017,geboren,Zugänge,gestorben,Abgabe,2018,,,,,,,,,,,,
Straußenvögel,Struthioniformes,m,w,u,m,w,u,m,w,u,m,w,u,m,w,u,m,w,u
"SüdafrikanischerBlauhalsstrauß",Strutio camelus australis,1,3,0,0,0,0,0,0,0,0,0,0,0,0,0,1,3,0
"",Rhea americana,0,2,0,0,0,0,0,0,0,0,0,0,0,0,0,0,2,
Helmkasuar,Casuarius casuarius,1,1,0,0,0,0,0,0,0,0,0,0,0,0,0,1,1,0
"",Dromaius novaehollandiae,1,1,0,0,0,0,0,0,0,0,0,0,0,0,0,1,1,
Nördlicher Streifenkiwi,Apteryx australis mantelli,5,4,0,0,0,0,0,0,0,0,0,0,0,0,0,5,4,0
Hühnervögel,Galliformes,m,w,u,m,w,u,m,w,u,m,w,u,m,w,u,m,w,u
Australisches Buschhuhn,Alectura lathami lathami,1,0,0,0,0,0,0,1,0,0,0,0,0,0,0,1,1,0
"",Pipile cumanensis,0,1,0,0,0,0,1,0,0,0,0,0,0,0,0,1,1,
Tuberkel-Hokko,Crax rubra,1,1,0,0,0,0,0,0,0,0,0,0,0,0,0,1,1,0
"",Crax fasciolata,1,0,0,0,0,0,0,0,0,0,0,0,0,0,0,1,0,
Helmperlhuhn,Numida meleagris f. dom.,1,1,9,0,0,8,0,0,0,0,0,1,0,0,8,1,1,8
"",Arborophila gingica,0,0,0,0,0,0,2,2,0,0,0,0,0,0,0,2,2,
Harlekinwachtel,Coturnix delegorgnei,2,0,0,5,2,2,0,1,0,0,0,0,0,0,2,7,3,0
"",Coturnix chinensis,7,4,0,1,2,3,0,0,0,2,0,1,3,3,0,3,3,
Strausswachtel,Rollulus roulroul,3,3,2,9,5,7,0,0,0,0,2,2,5,3,0,9,3,5
"",Gallus gallus,2,3,0,4,5,0,1,1,0,1,0,0,0,0,0,6,9,
Federfüßiges Zwerghuhn,Gallus gallus f. domestica,1,10,0,2,4,0,1,1,0,1,5,0,0,0,0,3,10,0
"",Gallus gallus f. domestica,3,11,0,2,7,0,0,0,0,2,8,0,0,0,0,3,10,
Zwerg Lakenfelder,Gallus gallus f. domestica,3,6,0,2,10,0,0,0,0,2,6,0,0,0,0,3,10,0
"",Gallus gallus f. domestica,2,9,0,1,0,0,0,0,0,0,1,0,0,0,0,3,8,
Zwergseidenhuhn,Gallus gallus f. domestica,2,10,0,2,9,0,1,0,0,2,6,0,1,4,0,3,13,0
"",Gallus gallus f. domestica,4,8,0,2,5,0,0,0,0,3,3,0,0,0,0,3,10,
Sonnerathuhn,Gallus sonneratii,1,2,0,0,0,0,0,0,0,0,0,0,0,0,0,1,2,0
"",Lophura edwardsi,1,1,0,0,0,0,0,0,0,0,0,0,0,0,0,1,1,
Feuerrückenfasan,Lophura ignita,1,0,0,0,0,0,0,0,0,0,0,0,0,0,0,1,0,0
"",Lophura diardi,0,1,0,0,0,0,0,0,0,0,0,0,0,1,0,0,0,
Elliotfasan,Syrmaticus ellioti,1,1,0,0,1,2,0,0,0,0,0,2,0,1,0,1,1,0
"",Chrysolophus amerstiae,1,1,0,0,0,0,0,0,0,0,0,0,0,0,0,1,1,
Brauner Pfaufasan,Polyplectron germaini,1,1,0,0,0,0,0,0,0,0,0,0,0,0,0,1,1,0
"",Polyplectron bicalcaratum,4,0,0,0,0,0,0,0,0,1,0,0,0,0,0,3,0,
Palawan-Pfaufasan,Polyplectron napoleonis,1,1,0,2,0,0,0,0,0,0,0,0,0,0,0,3,1,0
"",Argusianus argus,1,2,0,0,0,0,1,0,0,1,0,0,0,0,0,1,2,
Gelbkehlfrankolin,Pternistis leucoscepus,1,1,0,0,0,0,0,0,0,0,,0,0,0,0,1,1,0
Gänsevögel,Anseriformes,m,w,u,m,w,u,m,w,u,m,w,u,m,w,u,m,w,u
Halsband-Tschaja,Chauna torquata,1,1,0,0,0,0,0,0,0,0,0,0,0,0,0,1,1,0
"",Dendrocygna arborea,0,1,0,0,0,0,0,0,0,0,0,0,0,1,0,0,0,
"Gelbbrustpfeifgans,Fahlpfeifgans",Dendrocygna bicolor,8,1,0,7,4,0,0,0,0,1,0,0,0,0,0,14,5,0
""
VÖGEL,AVES,2017,geboren,Zugänge,gestorben,Abgabe,2018,,,,,,,,,,,,
Gänsevögel,Anseriformes,m,w,u,m,w,u,m,w,u,m,w,u,m,w,u,m,w,u
Witwenpfeifgans,Dendrocygna viduata,20,27,3,3,2,0,0,0,0,3,8,1,0,0,0,20,21,2
"",Anseranas semipalmata,0,2,0,0,0,0,0,0,0,0,1,0,0,0,0,0,1,
Grönländische Bläßgans,Anser albrifons flavirostris,1,1,0,0,0,0,0,0,0,0,0,1,0,0,0,1,0,0
"",Anser caerulescens,1,0,0,0,0,0,0,0,0,0,0,0,0,0,0,1,0,
Schwanengans,Anser cygnoid,5,5,0,0,0,0,0,0,0,2,2,0,0,0,0,3,3,0
"",Anser indicus,1,1,0,0,0,0,0,0,0,0,1,0,0,0,0,1,0,
Weißwangengans,Branta leucopsis,0,1,0,0,0,0,0,0,0,0,0,0,0,0,0,0,1,0
"",Branta ruficollis,4,2,0,0,0,0,0,0,0,0,0,0,0,0,0,4,2,
Hawaiigans,Branta sandvicensis,3,3,0,0,0,0,0,0,0,1,0,0,0,0,0,2,3,0
"",Cyanochen cyanoptera,1,1,0,0,0,0,0,0,0,0,0,0,0,0,0,1,1,
Coskorobaschwan,Coscoroba coscoroba,2,1,0,0,0,0,0,0,0,0,0,0,0,0,0,2,1,0
"",Cygnus cygnus,1,0,0,0,0,0,0,1,0,0,0,0,0,0,0,1,1,
Schwarzhalsschwan,Cygnus melancoryphus,1,1,0,0,0,0,0,0,0,1,0,0,0,0,0,0,1,0
"",Aix galericulata,5,3,0,0,0,0,0,0,0,0,0,0,0,0,0,5,3,
Brautente,Aix sponsa,12,11,0,0,0,0,0,0,0,0,0,0,0,0,0,12,11,0
"",Alopochen aegyptiacus,2,2,0,0,0,0,0,0,0,1,1,0,0,0,0,1,1,
Spießente,Anas acuta,4,8,0,0,0,0,0,0,0,0,0,0,0,0,0,4,8,0
"",Anas bahamensis,12,4,0,0,0,0,0,0,0,1,0,0,0,0,0,11,4,
Bernierente,Anas bernieri,1,1,0,0,0,0,0,0,0,0,0,0,0,0,0,1,1,0
"",Anas crecca,2,2,0,0,0,0,0,0,0,1,1,0,0,0,0,1,1,
Spitzschwingenente,Anas flavirostris oxyptera,2,1,0,3,0,0,0,0,0,0,1,0,3,0,0,2,0,0
"",Anas luzonica,4,6,0,0,0,0,0,0,0,0,1,0,0,0,0,4,5,
Indische Laufente,"Anas platyrhynchus f.domestica",4,4,0,4,1,0,0,0,0,4,0,0,0,0,0,4,5,0
"",Anas undulata,1,1,0,0,0,0,0,0,0,0,1,0,0,0,0,1,0,
Tafelente,Aythya ferina,16,18,0,0,0,0,0,0,0,0,1,0,0,0,0,16,17,0
"",Aythya fuligula,17,21,0,0,0,0,0,0,0,0,1,0,0,0,0,17,20,
Eurasische Bergente,Aythya marila,1,2,0,1,1,4,0,0,0,0,1,0,1,1,0,1,1,4
"",Aythya nyroca,35,29,4,0,0,0,0,0,0,0,1,0,0,2,0,37,28,
Eurasische Schellente,Bucephala clangula,1,0,0,0,0,0,0,0,0,0,0,0,0,0,0,1,0,0
"",Callonetta leucophrys,6,4,0,0,0,0,0,0,0,1,0,0,0,0,0,5,4,
Zwergsäger,Mergellus albellus,0,1,0,0,0,0,0,0,0,0,0,0,0,0,0,0,1,0
"",Mergus cucullatus,2,2,0,0,0,0,0,0,0,0,0,0,0,0,0,2,2,
Europäischer Gänsesäger,Mergus merganser,2,0,0,0,0,0,0,0,0,0,0,0,0,0,0,2,0,0
"",Netta erythrophthalma,1,0,0,0,0,0,0,0,0,1,0,0,0,0,0,0,0,
Peposakaente,Netta peposaca,8,11,0,0,0,0,0,0,0,0,1,0,0,0,0,8,10,0
"",Netta rufina,15,7,0,0,0,0,0,0,0,0,0,0,0,0,0,15,7,
"NordamerikanischeSchwarzkopf-Ruderente",Oxyura j. jamaicensis,14,16,0,0,0,0,0,0,0,0,0,0,0,0,0,14,16,0
""
VÖGEL,AVES,2017,geboren,Zugänge,gestorben,Abgabe,2018,,,,,,,,,,,,
Gänsevögel,Anseriformes,m,w,u,m,w,u,m,w,u,m,w,u,m,w,u,m,w,u
Eiderente,Somateria molissima,2,1,0,0,0,0,0,0,0,0,0,0,0,0,0,2,1,0
"",Tachyeres pteneres,1,1,0,0,0,0,0,0,0,0,0,0,0,0,0,1,1,
Rostgans,Tadorna ferruginea,3,4,0,0,0,0,0,0,0,1,1,0,0,0,0,2,3,0
"",Tadorna tadorna,13,20,0,0,0,0,0,0,0,2,4,0,0,0,0,11,16,
Sichelente,Mareca falcata,3,0,0,0,0,0,0,0,0,2,0,0,0,0,0,1,0,0
"",Mareca penelope,1,5,0,0,0,0,0,0,0,0,0,0,0,0,0,1,5,
Chile-Pfeifente,Mareca sibilatrix,15,11,0,0,0,0,0,0,0,1,1,0,0,0,0,14,10,0
"",Spatula clypeata,5,8,0,0,0,0,0,0,0,1,0,0,0,0,0,4,8,
Zimtente,Spatula cyanoptera,1,1,0,0,0,0,0,0,0,0,1,0,0,0,0,1,0,0
"",Spatula hottentota,1,3,0,0,0,0,0,0,0,0,0,0,0,0,0,1,3,
"SüdamerikanischeLöffelente",Spatula platalea,5,6,0,0,0,0,0,0,0,0,0,0,0,0,0,5,6,0
"",Spatula querquedula,0,0,7,0,0,0,0,0,0,1,0,2,0,0,0,0,0,
Kupferspiegelente,Speculanas specularis,1,2,0,0,0,0,0,0,0,0,0,0,0,1,0,1,1,0
"",Asarcornis scutulata,1,1,0,0,0,0,1,0,1,0,0,0,0,0,0,2,1,
Pinguine,Sphenisciformes,m,w,u,m,w,u,m,w,u,m,w,u,m,w,u,m,w,u
Königspinguin,Aptenodytes patagonica,3,2,0,0,0,0,0,0,0,0,0,0,0,0,0,3,2,0
"",Eudyptes chrysomelas,2,3,0,1,0,1,0,0,0,1,0,1,0,0,0,2,3,
Brillenpinguin,Spheniscus demersus,9,10,3,0,0,0,0,0,0,2,1,0,0,0,0,9,10,0
Spheniscus humboldti,8,6,0,0,0,0,6,7,0,1,1,0,5,5,0,8,7,,
""
VÖGEL,AVES,2017,geboren,Zugänge,gestorben,Abgabe,2018,,,,,,,,,,,,
Flamingos,Phoenicopteriformes,m,w,u,m,w,u,m,w,u,m,w,u,m,w,u,m,w,u
Zwergflamingo,Phoeniconaias minor,18,9,4,0,0,0,0,0,0,0,0,0,0,0,0,18,9,4
"",Phoenicoparrus andinus,7,7,1,0,0,1,0,0,0,1,0,1,0,0,0,7,7,
Jamesflamingo,Phoenicoparrus jamesi,4,6,0,0,0,0,0,0,0,0,0,0,0,0,0,4,6,0
"",Phoenicopterus chilensis,12,14,0,0,0,0,0,0,0,1,0,0,0,0,0,11,14,
Rosaflamingo,Phoenicopterus ruber roseus,17,14,0,0,0,0,0,0,0,0,4,0,0,0,0,17,10,0
"","Phoenicopterus chilensis xPhoenicopterus ruber roseus",0,1,0,0,0,0,0,0,0,0,0,0,0,0,0,0,1,
Schreitvögel,Ciconiiformes,m,w,u,m,w,u,m,w,u,m,w,u,m,w,u,m,w,u
Hammerkopf,Scopus umbretta,1,1,0,1,0,0,0,0,1,0,0,0,1,0,0,1,1,0
"",Ciconia nigra,1,1,0,0,0,0,0,0,0,0,1,0,0,0,0,1,0,
Abdimstorch,Ciconia abdimii,9,13,0,1,2,8,0,0,0,0,0,0,4,1,8,6,14,0
"",Ciconia episcopus,1,1,0,0,0,0,0,0,0,0,0,0,1,1,0,0,0,
Maguari-Storch,Ciconia maguari,1,0,0,0,0,0,0,0,0,1,0,0,0,0,0,0,0,0
"",Ciconia ciconia,1,1,0,0,0,0,0,0,0,0,0,0,0,0,0,1,1,
Marabu,Leptoptilos crumenifer,1,2,0,0,0,0,0,0,0,0,0,0,0,0,0,1,2,0
"",Eudocimus ruber,7,5,0,0,0,1,0,0,0,0,1,1,0,0,0,7,4,
Brillenibis,Theristicus caudatus,0,1,1,0,0,0,0,0,0,0,0,0,0,0,0,0,1,1
"",Geronticus eremita,0,0,12,3,2,3,0,0,0,0,0,0,0,0,3,3,2,
Schopfibis,Lophotibis cristata,1,1,0,0,0,1,0,0,0,0,0,1,0,0,0,1,1,0
"",Platalea leucorodia,0,1,2,0,0,0,0,0,0,0,1,0,0,0,0,0,0,
Kuhreiher,Bubulcus ibis,6,0,0,0,0,0,0,0,0,0,0,0,0,0,0,6,0,0
"",Ardeola grayii,1,0,0,0,0,0,0,0,0,0,0,0,0,0,0,1,0,
Prachtreiher,Ardeola speciosa,1,2,0,0,0,0,1,0,0,0,1,0,0,0,0,2,1,0
"",Cochlearius cochlearius,1,1,0,0,0,0,0,0,0,1,0,0,0,0,0,0,1,
Zwergdommel,Ixobrychus minutus,2,3,0,1,0,1,0,0,0,0,1,1,1,0,0,2,2,0
Ruderfüßer,Pelicaniformes,m,w,u,m,w,u,m,w,u,m,w,u,m,w,u,m,w,u
Brillenpelikan,Pelecanus conspicillatus,3,4,0,0,0,0,0,0,0,0,0,0,0,0,0,3,4,0
"",Pelecanus crispus,5,12,0,0,1,2,0,0,0,0,1,1,1,5,0,4,7,
Nashornpelikan,Pelecanus erythrorhynchos,2,2,0,0,0,0,0,0,0,0,0,0,0,0,0,2,2,0
"",Pelecanus rufescens,4,4,0,0,0,0,0,0,0,0,1,0,0,0,0,4,3,
Greifvögel,Falconiformes,m,w,u,m,w,u,m,w,u,m,w,u,m,w,u,m,w,u
Schopf-Karakara,Caracara plancus,1,1,0,0,0,0,0,0,0,0,0,0,0,0,0,1,1,0
"",Aquila chrysaetos,1,1,0,0,0,0,0,0,0,0,0,0,0,0,0,1,1,
Bartgeier,Gypaetus barbatus,1,1,0,0,0,0,0,0,0,0,0,0,0,0,0,1,1,0
"",Gypohierax angolensis,1,2,0,0,0,0,0,0,0,0,0,0,0,0,0,1,2,
Gänsegeier,Gyps fulvus,2,1,0,0,0,0,0,0,0,0,0,0,0,0,0,2,1,0
"",Haliaetus leucocephalus,1,1,0,0,0,0,0,0,0,0,0,0,0,0,0,1,1,
Schreiseeadler,Haliaetus vocifer,0,1,0,0,0,0,0,0,0,0,0,0,0,0,0,0,1,0
Haliastur indus,1,2,0,0,0,0,0,0,0,0,0,0,1,2,0,0,0,,
""
VÖGEL,AVES,2017,geboren,Zugänge,gestorben,Abgabe,2018,,,,,,,,,,,,
Greifvögel,Falconiformes,m,w,u,m,w,u,m,w,u,m,w,u,m,w,u,m,w,u
Kappengeier,Necrosyrtes monachus,3,2,0,0,0,0,0,0,0,0,0,0,0,0,0,3,2,0
"",Neophron percnopterus,1,1,0,0,0,0,0,0,0,0,0,0,0,0,0,1,1,
Wüstenbussard,Parabuteo unicinctus,0,1,0,0,0,0,0,0,0,0,0,0,0,0,0,0,1,0
"",Terathopius ecaudatus,1,1,0,0,0,0,0,0,0,0,0,0,0,0,0,1,1,
Wollkopfgeier,Trigonoceps occipitalis,0,0,0,0,0,0,1,0,0,0,0,0,0,0,0,1,0,0
"",Sarcoramphus papa,1,1,0,0,0,0,0,0,0,0,0,0,0,0,0,1,1,
Andenkondor,Vultur gryphus,1,2,0,0,0,0,0,0,0,0,0,0,0,0,0,1,2,0
Kranichvögel,Gruiformes,m,w,u,m,w,u,m,w,u,m,w,u,m,w,u,m,w,u
"",Eupodotis senegalensis,1,0,0,0,0,0,0,0,0,0,0,0,0,0,0,1,0,
Kagu,Rhynochetus jubatus,1,1,0,0,0,0,0,0,0,0,0,0,0,0,0,1,1,0
"",Cariama cristata,1,1,0,0,0,0,1,0,0,0,0,0,1,0,0,1,1,
Sonnenralle,Eurypyga helias,1,1,0,0,0,0,0,0,0,1,0,0,0,0,0,0,1,0
"",Crex crex,1,1,0,0,0,0,0,0,0,0,1,0,0,0,0,1,0,
Heller Kronenkranich,"Balearica pavoninagibbericeps",2,1,0,0,0,0,0,1,0,1,1,0,1,0,0,0,0,0
"",Grus japonensis,1,1,0,0,0,0,0,0,0,0,0,0,0,0,0,1,1,
Wat- und Möwenvögel,Charadriformes,m,w,u,m,w,u,m,w,u,m,w,u,m,w,u,m,w,u
Kap-Triel,Burhinus capensis,1,2,0,0,0,0,0,0,0,0,1,0,0,0,0,1,1,0
"",Haematonus ostralegus,3,0,0,0,0,0,0,0,0,0,0,0,0,0,0,3,0,
"Schwarznacken-Stelzenläufer",Himantopus mexicanus,3,1,2,0,0,0,0,0,0,1,0,2,1,2,0,1,1,0
"",Recurvirostra avosetta,1,1,28,0,0,4,0,0,0,0,1,0,0,0,0,1,0,
Sandregenpfeifer,Charadrius hiaticula,0,1,0,0,0,0,1,0,0,0,0,0,0,0,0,1,1,0
"",Vanellus crassirostris,0,2,0,0,0,0,0,0,0,0,0,0,0,2,0,0,0,
Senegalkiebitz,Vanellus senegallus,1,1,0,0,0,0,0,0,0,0,0,0,0,0,0,1,1,0
"",Vanellus miles miles,1,2,0,0,0,0,0,0,0,0,0,0,0,0,0,1,2,
Großer Brachvogel,Numenius arquata,0,1,0,0,0,0,0,0,0,0,0,0,0,0,0,0,1,0
"",Tringa totanus,0,0,1,0,0,0,0,0,0,0,0,0,0,0,0,0,0,
Steinwälzer,Arenaria interpres,2,0,0,0,0,0,0,0,0,1,0,0,0,0,0,1,0,0
"",Philomachus pugnax,3,4,0,0,0,0,0,0,0,1,2,3,0,0,0,0,0,
Küstenseeschwalbe,Sterna paradisaea,0,0,1,0,0,0,0,0,0,0,0,1,0,0,0,0,0,0
"",Larosterna inca,0,0,14,0,0,0,0,0,0,1,1,0,2,2,0,0,0,
Taubenvögel,Columbiformes,m,w,u,m,w,u,m,w,u,m,w,u,m,w,u,m,w,u
Mähnentaube,Caloenas nicobarica,1,1,0,0,0,0,0,0,0,0,0,0,0,0,0,1,1,0
"",Columbia livia,0,0,11,0,0,3,0,0,0,0,0,0,0,0,0,0,0,
"Berliner langlatschigeTümmler",Columbia livia f. domestica,0,0,12,0,0,0,0,0,6,0,0,2,0,0,0,0,0,16
"",Columbia livia f. domestica,0,0,8,0,0,0,2,2,0,0,0,0,0,0,0,2,2,
Berliner Lange,Columbia livia f. domestica,0,0,5,0,0,5,0,0,0,0,0,0,0,0,0,0,0,10
Columbia livia f. domestica,0,0,3,0,0,0,0,0,4,0,0,0,0,0,0,0,0,,
""
VÖGEL,AVES,2017,geboren,Zugänge,gestorben,Abgabe,2018,,,,,,,,,,,,
Taubenvögel,Columbiformes,m,w,u,m,w,u,m,w,u,m,w,u,m,w,u,m,w,u
Schöneberger Streifige,Columbia livia f. domestica,3,3,10,0,0,4,0,0,0,0,0,4,0,0,0,3,3,10
"",Columbia livia f. domestica,0,0,7,0,0,0,0,0,0,0,0,0,0,0,0,0,0,
Bartletts Dolchstichtaube,Gallicolumba criniger,3,3,0,0,0,0,0,0,0,0,1,0,0,0,0,3,2,0
"",Gallicolumba luzonica,3,2,0,1,0,2,0,0,0,1,0,1,1,0,0,2,2,
Goldbrust-Erdtaube,Gallicolumba rufigula,1,0,0,0,0,0,0,0,0,0,0,0,0,0,0,1,0,0
"",Gallicolumba tristigmata,0,1,0,0,0,0,0,0,0,0,0,0,0,0,0,0,1,
Jamaica-Erdtaube,Leptotila jamaicensis,1,1,0,0,0,0,0,0,0,0,0,0,0,0,0,1,1,0
"",Leucosarcia melanoleuca,3,1,0,0,0,0,0,0,0,0,0,0,2,0,0,1,1,
Schopftaube,Ocyphaps lophotes,2,0,0,0,0,0,0,0,0,0,0,0,0,0,0,2,0,0
"",Oena capensis,2,0,0,0,0,0,0,0,0,0,0,0,0,0,0,2,0,
Fasanentaube,Otidiphaps nobilis,1,0,0,0,0,0,0,0,0,0,0,0,0,0,0,1,0,0
"",Otidiphaps aruensis,0,0,0,0,0,0,1,1,0,0,0,0,0,0,0,1,1,
Goldstirnfruchttaube,Ptilinopus aurantiifrons,1,2,0,0,0,0,0,0,0,0,0,0,0,0,0,1,2,0
"",Ptilinopus coronulatus,0,1,0,0,0,0,0,0,0,0,0,0,0,0,0,0,1,
Greyfruchttaube,Ptilinopus greyii,2,2,0,0,0,2,2,0,0,0,0,0,0,0,0,4,2,2
"",Ptilinopus iozonus,1,1,0,0,0,0,0,0,0,0,0,0,0,0,0,1,1,
"Schwarznacken-fruchttaube",Ptilinopus melanospilus,1,2,0,0,0,0,1,0,0,0,0,0,0,0,0,2,2,0
"",Nesoenas picturata,1,0,0,0,0,0,0,0,0,0,0,0,0,0,0,1,0,
Senegaltaube,Spilopelia senegalensis,0,0,2,0,0,0,0,0,0,0,0,0,0,0,0,0,0,2
Papageien,Psittaciformes,m,w,u,m,w,u,m,w,u,m,w,u,m,w,u,m,w,u
Erzlori,Loiusus domicella,0,0,0,0,0,0,1,1,0,0,0,0,0,0,0,1,1,0
"",Trichoglossus haematodus,0,0,1,0,0,0,0,0,0,0,0,0,0,0,0,0,0,
Veilchenlori,Psitteuteles goldiei,1,0,1,0,0,0,0,0,0,0,0,0,1,0,1,0,0,0
"",Nestor notabilis,1,1,0,0,0,0,0,0,0,0,0,0,0,0,0,1,1,
Springsittich,Cyanoramphus auricens,0,0,0,0,0,0,1,1,0,0,0,0,0,0,0,1,1,0
"",Psephotos chrysopteryglus,1,1,0,0,0,0,0,0,0,0,0,0,0,0,0,1,1,
Schönsittich,Neophema pulchella,1,0,0,0,0,0,1,1,0,1,0,0,0,0,0,1,1,0
"",Melopsittacus undulatus,22,10,0,2,1,3,20,9,0,5,2,0,18,7,0,22,10,
Edelpapagei,Ecletus roratus,1,1,0,0,0,0,0,0,0,0,0,0,1,1,0,0,0,0
"",Andorhynchus hyacinthinus,1,1,0,0,0,0,0,0,0,0,0,0,0,0,0,1,1,
Marakana,Primolius maracana,1,2,0,0,0,0,1,0,0,0,0,0,0,0,0,2,2,0
"",Ara militaris militaris,1,1,0,0,0,2,1,1,0,0,0,2,0,0,0,2,2,
Rotkopfsittich,Pyrrhura rhodocephala,1,1,0,0,0,0,0,0,0,0,0,0,1,1,0,0,0,0
"",Bolborhynchus aurifrons,2,0,0,0,0,0,0,0,0,0,0,0,0,0,0,2,0,
Blaustirnamazone,Amazona aestiva,0,0,1,0,0,0,0,0,0,0,0,0,0,0,0,0,0,1
"",Amazona albifrons,1,0,0,0,0,0,0,0,0,0,0,0,1,0,0,0,0,
Gelbwangenamazone,Amazona autumnalis,0,0,1,0,0,0,0,0,0,0,0,0,0,0,0,0,0,1
""
VÖGEL,AVES,2017,geboren,Zugänge,gestorben,Abgabe,2018,,,,,,,,,,,,
Papageien,Psittaciformes,m,w,u,m,w,u,m,w,u,m,w,u,m,w,u,m,w,u
Kuba-Amazone,Amazona leucocephala,1,1,0,0,0,0,0,0,0,0,0,0,0,0,0,1,1,0
"",Probosciger aterrimus,1,0,0,0,0,0,0,0,0,0,0,0,0,0,0,1,0,
Banks Rabenkakadu,Calytorhynchus banksii,3,1,0,0,0,0,0,0,0,0,0,0,0,0,0,3,1,0
"",Eolophus roseicapillus,4,1,0,0,0,0,0,0,0,0,0,0,4,1,0,0,0,
Weißhaubenkakadu,Cacatua alba,1,1,0,0,0,0,1,0,0,0,0,0,0,1,0,2,0,0
"",Cacatua goffini,1,1,0,0,0,0,0,0,0,0,0,0,0,0,0,1,1,
Inka-Kakadu,Cacatua leadbeateri,2,2,0,0,0,0,0,0,0,0,0,0,0,0,0,2,2,0
"","Cacatua sulphureacitrinocristata",0,1,0,0,0,0,0,0,0,0,0,0,0,0,0,0,1,
Kuckucksvögel,Cuculiformes,m,w,u,m,w,u,m,w,u,m,w,u,m,w,u,m,w,u
Rotkopfturako,Tauraco erythrolophus,1,0,0,0,0,0,0,1,0,0,0,0,0,0,0,1,1,0
"",Tauraco leucotis,1,2,0,0,0,0,0,0,0,1,1,0,0,0,0,0,1,
Schildturako,Musophaga violacea,1,0,0,0,0,0,0,1,0,0,0,0,0,0,0,1,1,0
"",Corythalxoides personatus,2,0,0,0,0,0,0,0,0,0,0,0,0,0,0,2,0,
Weißbauch-Lärmvogel,Criniferoides leucogaster,1,0,0,0,0,0,0,0,0,0,0,0,0,0,0,1,0,0
"",Scythrops novaehollandiae,1,1,0,0,0,0,0,0,0,0,1,0,0,0,0,1,0,
Guira-Kuckuck,Guira guira,2,5,3,0,1,0,0,0,0,1,0,0,0,1,0,1,5,3
"",Geococcyx californianus,2,2,1,0,0,0,0,0,0,0,1,0,0,1,0,2,1,
Eulen,Strigiformes,m,w,u,m,w,u,m,w,u,m,w,u,m,w,u,m,w,u
Europäischer Uhu,Bubo bubo bubo,0,2,0,0,0,0,0,0,0,0,0,0,0,0,0,0,2,0
"",Bubo scandiacus,4,0,0,0,0,0,1,0,0,0,0,0,0,0,0,5,0,
Zwergohreule,Otus scops,1,0,0,0,0,0,0,0,0,0,0,0,0,0,0,1,0,0
"",Pulsatrix perspicillata,1,3,0,0,0,0,0,0,0,0,0,0,0,0,0,1,3,
Bartkauz,Strix nebulosa,0,2,0,0,0,0,0,1,0,0,2,0,0,0,0,0,1,0
Schwalmvögel,Caprimulgiformes,m,w,u,m,w,u,m,w,u,m,w,u,m,w,u,m,w,u
Eulenschwalm,Podargus strigoides,1,0,0,0,0,0,0,0,0,0,0,0,0,0,0,1,0,0
Mausvögel,Coliiformes,m,w,u,m,w,u,m,w,u,m,w,u,m,w,u,m,w,u
Braunflügel-Mausvogel,Colius striatus kikujuensis,1,1,1,0,0,0,0,0,0,1,1,0,0,0,0,0,0,1
"",Urocolius macrourus,1,0,0,0,0,0,0,0,0,0,0,0,0,0,0,1,0,
Rackenvögel,Coraciiformes,m,w,u,m,w,u,m,w,u,m,w,u,m,w,u,m,w,u
Strichelracke,Coracias naevia,1,1,0,0,0,0,0,0,0,0,0,0,0,0,0,1,1,0
"",Coracias cyanogaster,4,2,0,0,0,0,0,0,0,0,0,0,2,0,0,2,2,
Blauflügel-Jägerliest,Dacelo leachii,4,1,0,0,0,1,0,0,0,0,0,0,3,0,0,2,1,0
"",Dacelo novaeguineae,1,1,0,0,0,0,0,0,0,0,0,0,0,0,0,1,1,
Braunkopfliest,Halcyon albiventris,1,0,0,0,0,0,0,1,0,0,0,0,0,0,0,1,1,0
"",Merops bullockoides,0,1,0,0,0,0,1,2,0,0,0,0,0,0,0,1,3,
Scharlachspint,Merops nubicus,0,1,0,0,0,0,0,0,0,0,0,0,0,0,0,0,1,0
"",Upupa epops,2,0,0,0,0,0,1,1,0,2,0,0,0,0,0,1,1,
Von der Deckens Toko,Tockus deckeni,1,0,0,0,0,0,0,0,0,0,0,0,1,0,0,0,0,0
""
VÖGEL,AVES,2017,geboren,Zugänge,gestorben,Abgabe,2018,,,,,,,,,,,,
Rackenvögel,Coraciiformes,m,w,u,m,w,u,m,w,u,m,w,u,m,w,u,m,w,u
Orienthornvogel,Anthracoceros albiirostris,0,1,0,0,0,0,0,0,0,0,0,0,0,1,0,0,0,0
"",Bycanistes brevis,1,1,0,0,0,0,0,0,0,0,0,0,0,0,0,1,1,
Nördl. Hornrabe,Bucorvus abyssinicus,1,0,0,0,0,0,0,0,0,0,0,0,0,0,0,1,0,0
"",Bucorvus leadbeateri,1,1,0,0,0,0,0,0,0,0,0,0,0,0,0,1,1,
Tariktik-Hornvogel,Penelopides panini panini,0,0,0,0,0,0,1,1,0,0,0,0,0,0,0,1,1,0
Spechtvögel,Piciformes,m,w,u,m,w,u,m,w,u,m,w,u,m,w,u,m,w,u
"Senegal-Furchen schnabel-Bartvogel",Pogonornis dubius,3,3,0,0,0,0,0,0,0,0,0,0,2,2,0,1,1,0
"","Trachyphonuserythrocephalus",1,1,0,0,0,0,1,1,0,0,1,0,1,0,0,1,1,
Schwarzkehlarassari,Pteroglossus aracari,1,1,0,0,0,0,0,0,0,0,0,0,0,0,0,1,1,0
"",Pteroglossus torquatus,2,0,0,0,0,0,0,0,0,0,0,0,2,0,0,0,0,
Sperlingsvögel,Passeriformes,m,w,u,m,w,u,m,w,u,m,w,u,m,w,u,m,w,u
Gelbkopfpipra,Pipra erythrocephala,1,2,0,2,0,0,0,0,0,1,0,0,0,0,0,2,2,0
"",Cotinga cayana,2,2,0,0,0,0,0,0,0,0,0,0,0,0,0,2,2,
Weißohrkatzenvogel,Ailuroedos buccoides,1,1,0,0,0,0,0,0,0,0,0,0,0,0,0,1,1,0
"",Entomyzon cyanotis,1,1,0,0,0,0,0,0,0,0,0,0,0,0,0,1,1,
Weißrückenflötenvogel,Gymnorhina tibicen,2,1,0,0,0,0,0,1,0,1,1,0,0,0,0,1,1,0
""
VÖGEL,AVES,2017,geboren,Zugänge,gestorben,Abgabe,2018,,,,,,,,,,,,
Sperlingsvögel,Passeriformes,m,w,u,m,w,u,m,w,u,m,w,u,m,w,u,m,w,u
Rotschnabelkitta,Urocissa erythroryncha,1,1,0,0,0,0,0,0,0,0,0,0,0,0,0,1,1,0
"",Laniarius barbarus,0,0,0,0,0,0,1,1,0,0,0,0,0,0,0,1,1,
Langschwanzwürger,Lanius cabanisi,2,1,0,0,0,0,0,0,0,0,0,0,0,0,0,2,1,0
"",Corvus albicollis,1,1,0,0,0,0,0,0,0,0,0,0,0,0,0,1,1,
Schildrabe,Corvus albus,1,0,0,0,0,0,0,0,0,0,0,0,0,0,0,1,0,0
"",Phonygammus keraudrenii,1,0,0,0,0,0,0,0,0,0,0,0,0,0,0,1,0,
Rotohrbülbül,Pycnonotus jocosus,2,3,0,0,0,2,0,0,0,0,1,0,0,0,0,2,2,2
"",Pycnonotus xanthorrous,1,1,0,0,0,0,0,0,0,0,0,0,0,0,0,1,1,
Graubülbül,Pycnonotus barbatus,1,0,0,0,0,0,0,0,0,0,0,0,0,0,0,1,0,0
"",Pycnonotus leucogenys,1,0,0,0,0,0,0,0,0,0,0,0,0,0,0,1,0,
Berg (Kikuyu)-Brillenvogel,Zosterops kikuyuensis,0,0,2,0,0,0,0,0,0,0,0,0,0,0,0,0,0,2
"",Chloropsis hardwickii,0,0,0,0,0,0,2,1,0,0,0,0,0,0,0,2,1,
Elfenblauvogel,Irena puella,0,1,0,0,0,0,1,1,0,0,1,0,0,0,0,1,1,0
"",Acridotheres melanopterus,0,0,0,0,0,0,0,1,0,0,0,0,0,0,0,0,1,
Hirtenmania,Acridotheres tristis,0,1,0,0,0,0,0,0,0,0,0,0,0,0,0,0,1,0
"",Aplonis panayensis,2,7,10,0,0,1,0,0,0,0,1,0,0,0,1,2,6,
Amethystglanzstar,Cinnyricinclus leucogaster,3,4,0,0,0,0,0,0,0,0,0,0,0,0,0,3,4,0
"",Cosmopsarus regius,6,4,0,1,0,0,1,0,0,1,0,0,0,0,0,7,4,
Lappenstar,Creatophora cinerea,3,2,0,0,0,0,0,1,0,0,0,0,0,0,0,3,3,0
"",Gracula religiosa intermedia,1,0,0,0,0,0,0,1,0,0,1,0,0,0,0,1,0,
Grünschwanzglanzstar,Lamprotomis chalybaeus,0,0,1,0,0,0,0,0,0,0,0,0,0,0,0,0,0,1
"",Lamprotornis iris,0,1,0,0,0,0,0,0,0,0,0,0,0,0,0,0,1,
Schweifglanzstar,Lamprotomis purpuropterus,1,1,0,0,0,0,0,0,0,0,0,0,0,0,0,1,1,0
VÖGEL,AVES,,2017,,geboren,Zugänge,gestorben,Abgabe,,,2018,
Sperlingsvögel,Passeriformes,m,w,u,m w u,m w u,m w u,m w,u,m,w,u
Balistar,Leucopsar rothschildi,3,2,0,2 0 0,0 0 0,0 0 0,0 0,0,5,2,0
Dreifarbenglanzstar,Lamprotornis superbus,1,1,4,0 0 0,0 0 0,1 1 1,0 0,0,0,0,3
Elsterstar,Sturnus contra,0,0,1,0 0 0,0 0 0,0 0 0,0 0,0,0,0,1
Tropfenrötel,Cichladusa guttata,2,2,0,1 1 0,0 0 0,1 1 0,0 0,0,2,1,1
Damadrossel,Zoothera citrina,1,1,0,2 1 0,0 0 0,0 0 0,1 1,0,2,1,0
Sumbawadrossel,Zoothera dohertyi,0,1,0,0 0 0,1 0 0,0 1 0,0 0,0,1,0,0
Chinesischer Sonnenvogel,Leiothrix lutea,2,4,0,0 0 0,0 0 0,0 1 0,0 0,0,2,3,0
Bartmeise,Panurus biarmicus,1,0,0,1 0 0,2 1 0,2 0 0,0 0,0,2,1,0
Starweber,Dinemellia dinemelli,4,3,0,0 0 0,0 0 0,1 0 0,0 0,0,3,3,0
Marmorweber,Pseudonigrita arnaudi,0,1,0,0 0 0,0 0 0,0 0 0,0 0,0,0,1,0
Oryxweber,Euplectes orix,0,0,2,0 0 0,0 0 0,0 0 1,0 0,0,0,1,0
Genickbandweber,Ploceus castaneiceps,6,1,0,0 0 0,0 0 0,0 0 0,0 0,0,6,1,0
Textorweber,Ploceus cucullatus,2,3,0,0 0 0,0 0 0,0 0 0,0 0,0,2,3,0
Weißwangenastrild,Nesocharis capistrata,4,2,0,0 0 0,0 0 0,0 0 0,1 1,0,3,1,0
Wellenastrild,Estrilda astrild,1,1,2,0 0 0,0 0 0,0 0 0,0 0,0,2,2,0
""
VÖGEL,AVES,2017,geboren,Zugänge,gestorben,Abgabe,2018,,,,,,,,,,,,
Sperlingsvögel,Passeriformes,m,w,u,m,w,u,m,w,u,m,w,u,m,w,u,m,w,u
Rotbrust-Samenknacker,Spermophaga haematina,2,1,0,0,0,0,1,1,0,0,0,0,0,0,0,3,2,0
"",Uraeginthus bengalus,2,2,0,0,0,0,0,0,0,1,1,0,1,0,0,0,1,
Blaukopfschmetterlingsfink,Uraeginthus cyanocephalus,1,2,0,0,1,1,0,0,0,0,1,0,0,0,0,1,2,1
"",Euschistospiza dybowskii,2,0,0,0,0,0,0,0,0,0,0,0,0,0,0,2,0,
Grüner Tropfenastrild,Hypargos nitidula,2,2,0,0,0,0,0,0,0,1,1,0,0,0,0,1,1,0
"",Hypargos niveaoguttatus,1,0,0,0,0,0,0,0,0,0,0,0,0,0,0,1,0,
Auroraastrild,Pytilia phoenicoptera,3,2,0,0,0,0,0,0,0,1,1,0,0,0,0,2,1,0
"","Lagonosticta senegalaruberrima",1,1,0,0,0,0,0,0,0,0,0,0,0,0,0,1,1,
Schwarzkehlamarant,Lagonosticta larvata,5,4,0,1,0,1,0,0,0,6,4,1,0,0,0,0,0,0
"",Amadina fasciata,1,1,0,0,0,0,0,0,0,0,0,0,0,0,0,1,1,
Goldbrüstchen,Amandava subflava,1,1,0,0,0,0,0,0,0,0,0,0,0,0,0,1,1,0
"",Amandava amandava,1,1,0,0,0,0,0,0,0,0,0,0,0,0,0,1,1,
Rebhuhnastrild,Ortygospiza atricollis,1,0,0,0,0,0,6,3,0,0,0,0,0,0,0,7,3,0
"",Neochmia ruficauda,2,0,0,0,0,0,0,1,0,0,0,0,0,0,0,2,1,
Zebrafink,Taeniopygia guttata,1,1,3,0,0,0,0,0,0,0,0,0,1,1,3,0,0,0
"","Taeniopygia bichenoviibichenovii",1,0,0,0,0,9,0,1,0,0,0,0,0,0,0,1,1,
Spitzschwanzamadine,Poephila acuticauda,0,2,0,0,0,0,0,0,0,0,1,0,0,0,0,0,1,0
"",Phoephila cincta,1,0,2,0,0,0,2,2,0,1,0,1,0,0,0,2,2,
Forbes-Papageiamadine,Erythrura tricolor,1,2,0,0,0,0,0,0,0,0,1,0,0,0,0,1,1,0
"",Erythrura cyaneovirens,2,0,0,0,0,0,0,0,0,1,0,0,0,0,0,1,0,
Rotköpfige Gouldamadine,Erythura gouldiae,1,1,0,0,0,1,4,1,0,1,1,0,0,0,0,4,1,1
"",Euodice cantans,0,0,4,0,0,0,0,0,0,0,1,1,0,0,0,0,2,
Braunbrüstiger Schilffink,Lonchura castaneothorax,1,1,0,0,0,0,0,0,0,0,0,0,0,0,0,1,1,0
"",Lonchura oryzivora,1,1,27,0,0,4,0,0,0,0,0,2,0,0,0,1,1,
Mozambiquegirlitz,Serinus mozambica,1,1,0,0,0,0,0,0,0,0,0,0,0,0,0,1,1,0
"","Amblyrhamphus holose-riceus",0,1,0,0,0,0,0,0,0,0,1,0,0,0,0,0,0,
Rotbürzelstirnvogel,Cacicus haemorrhous,2,0,0,0,0,0,0,0,0,1,0,0,0,0,0,1,0,0
"",Icterus oberi,0,0,0,0,0,0,1,1,0,0,0,0,0,0,0,1,1,
Trauerpfäffchen,Sporophila luctuosa,1,0,0,0,0,0,0,0,0,0,0,0,0,0,0,1,0,0
"",Tiaris canora,0,4,0,0,0,0,0,0,0,0,0,0,0,0,0,0,4,
Roter Kardinal,Cardinalis cardinalis,2,1,0,0,1,0,0,1,0,0,0,0,0,0,0,2,2,0
"",Passerina caerulea,1,1,0,0,0,0,0,0,0,0,0,0,0,0,0,1,1,
Maskenpitpit,Dacnis lineata,1,1,0,0,0,0,0,0,0,0,0,0,0,0,0,1,1,0
"",Ramphocelus bresilius,1,1,0,0,0,0,0,0,0,0,0,0,0,0,0,1,1,
Paradiestangare,Tangara chilensis,2,2,0,0,0,0,0,0,0,0,0,0,0,0,0,2,2,0
Thraupis episcopus,2,3,0,0,0,0,0,0,0,0,1,0,0,0,0,2,2,,
KRIECHTIERE,REPTILIA,Artenzahl,,2017,,geboren,Zugänge,gestorben,Abgabe,,,2018,
"",,,m,w,u,m w u,m w u,m w u,m w u,,m,w,u
Schnabelköpfe,Sphenodontia,1,1,3,0,0 0 0,0 0 0,0 0 0,0 0 0,,1,3,0
Schildkröten,Testudines,12,11,14,23,0 0 15,0 0 2,0 0 2,0 0 4,,11,14,29
Krokodile,Crocodylia,3,2,6,0,0 0 0,0 0 0,0 2 0,0 0 0,,2,4,0
Echsen,Lacertilia,36,24,57,52,0 0 52,1 1 25,2 4 33,0 0 24,,23,54,72
Schlangen,Serpentes,14,29,19,4,0 0 10,0 0 0,2 3 0,0 0 11,,27,16,3
LURCHE,AMPHIBIA,Artenzahl,,2017,,geboren,Zugänge,gestorben,Abgabe,,,2018,
"",,,m,w,u,m w u,m w u,m w u,m w u,,m,w,u
Froschlurche,Anura,28,0,0,467,0 0 49,0 0 138,0 0 212,0 0 12,,0,0,430
Schwanzlurche,Caudata,12,0,0,163,0 0 3,0 0 0,0 0 29,0 0 0,,0,0,137
Schleichenlurche,Gymnophionia,1,0,0,4,0 0 0,0 0 0,0 0 1,0 0 0,,0,0,3
KNORPELFISCHE,CHONDRICHTHYES,Artenzahl,,2017,,geboren,Zugänge,gestorben,Abgabe,,,2018,
"",,,m,w,u,m w u,m w u,m w u,m w,u,m,w,u
Haie,Selachii,11,0,0,34,0 0 7,0 0 0,0 0 7,0 0,3,0,0,31
Rochen,Batoidea,5,0,0,25,0 0 4,1 0 1,0 0 5,0 0,0,1,0,25
Seekatzen,Holocephali,1,1,0,0,0 0 0,0 0 0,0 0 0,0 0,0,1,0,0
KNOCHENFISCHE,OSTEICHTHYES,Artenzahl,,2017,,geboren,Zugänge,gestorben,Abgabe,,,2018,
"",,,m,w,u,m w u,m w u,m w u,m w u,,m,w,u
Flösselhechtartige,Polypteriformes,2,0,0,3,0 0 0,0 0 0,0 0 0,0 0 0,,0,0,3
Störartige,Acipenseriformes,0,0,0,0,0 0 0,0 0 0,0 0 0,0 0 0,,0,0,0
Knochenhechtartige,Lepisosteiformes,3,0,0,11,0 0 0,0 0 0,0 0 0,0 0 0,,0,0,11
Tarpunartige,Elopiformes,1,0,0,9,0 0 0,0 0 0,0 0 0,0 0 0,,0,0,9
Aalartige,Anguilliformes,6,0,0,52,0 0 0,0 0 9,0 0 50,0 0 0,,0,0,11
Knochenzünglerartige,Osteoglossiformes,4,0,0,38,0 0 0,0 0 0,0 0 14,0 0 0,,0,0,24
Hechtartige,Esociformes,1,0,0,0,0 0 0,0 0 1,0 0 0,0 0 0,,0,0,1
Schildfischartige,Gobiesociformes,0,0,0,0,0 0 0,0 0 0,0 0 0,0 0 0,,0,0,0
Salmlerartige,Characiformes,40,0,0,1025,0 0 0,0 0 340,0 0 407,0 0 0,,0,0,958
Karpfenfischartige,Cypriniformes,27,0,0,709,0 0 0,0 0 422,0 0 531,0 0 77,,0,0,523
Neuwelt-Messerfische,Gymnotiformes,1,0,0,1,0 0 0,0 0 0,0 0 0,0 0 0,,0,0,1
Welse,Siluriformes,71,0,0,646,0 0 20,0 0 8,0 0 222,0 0 10,,0,0,442
Froschfische,Batrachoidiformes,0,0,0,1,0 0 0,0 0 0,0 0 1,0 0 0,,0,0,0
""
KNOCHENFISCHE,OSTEICHTHYES,Artenzahl,2017,geboren,Zugänge,gestorben,Abgabe,2018,,,,,,,,,,,,
"",,,m,w,u,m,w,u,m,w,u,m,w,u,m,w,u,m,w,u
Armflosser,Lophiiformes,0,0,0,0,0,0,0,0,0,0,0,0,0,0,0,0,0,0,0
"",Gadiformes,3,0,0,7,0,0,0,0,0,0,0,0,1,0,0,0,0,0,
Ährenfischartige,Atheriniformes,6,0,0,113,0,0,0,0,0,140,0,0,44,0,0,0,0,0,209
"",Cyprinidontiformes,17,0,0,465,0,0,106,0,0,35,0,0,179,0,0,0,0,0,
Schleimkopfartige,Beryciformes,2,0,0,12,0,0,0,0,0,0,0,0,1,0,0,0,0,0,11
"",Sygnathiformes,7,0,0,162,0,0,0,0,0,0,0,0,85,0,0,23,0,0,
Stachelaalartige,Synbranchiformes,0,0,0,0,0,0,0,0,0,0,0,0,0,0,0,0,0,0,0
"",Scorpaeniformes,10,0,0,17,0,0,0,0,0,33,0,0,11,0,0,0,0,0,
Labyrinthfische,Anabantiformes,3,0,0,22,0,0,130,0,0,0,0,0,117,0,0,0,0,0,35
"",Perciformes,173,0,0,1879,0,0,74,0,0,702,0,0,607,0,0,58,0,0,
Plattfische,Pleuronectiformes,5,0,0,26,0,0,0,0,0,3,0,0,4,0,0,0,0,0,25
Tetradontiformes,8,0,0,16,0,0,0,0,0,0,0,0,3,0,0,1,0,0,,
Lungenfischartige,Lepidosireniformes,3,0,0,5,0,0,0,0,0,0,0,0,0,0,0,0,0,0,5
WIRBELLOSE,INVERTEBRATA,Artenzahl,2017,geboren,Zugänge,gestorben,Abgabe,2018,,,,,,,,,,,,
"",,,m,w,u,m,w,u,m,w,u,m,w,u,m,w,u,m,w,u
Manteltiere,Tunicata,1,0,0,20,0,0,0,0,0,0,0,0,1,0,0,0,0,0,19
"",Echinodermata,23,0,0,266,0,0,0,0,0,0,0,0,52,0,0,0,0,0,
Weichtiere,Mollusca,24,0,0,481,0,0,15,0,0,56,0,0,219,0,0,0,0,0,333
"",Insecta,58,0,0,3050,0,0,3171,0,0,689,0,0,2625,0,0,32,0,0,
Spinnentiere,Arachnida,26,0,0,94,0,0,0,0,0,111,0,0,57,0,0,2,0,0,146
"",Myriapoda,12,0,0,325,0,0,210,0,0,129,0,0,154,0,0,0,0,0,
Krebstiere,Crustacea,27,0,0,811,0,0,0,0,0,2,0,0,586,0,0,0,0,0,227
Annelida,5,0,0,78,0,0,0,0,0,0,0,0,0,0,0,0,0,0,,
Schwämme,Porifera,3,0,0,42,0,0,0,0,0,0,0,0,34,0,0,0,0,0,8
Cnidaria,114,0,0,649,0,0,605,0,0,105,0,0,578,0,0,149,0,0,,
Tierbestand 2018,Anzahl Individuen,Arten/Formen
Säugetiere,802,152
"",1.609,
Kriechtiere,259,66
"",570,
Fische,4.854,410
"",12.265,
Gesambestand,20.359,1.256
""
Tagestickets Tierpark,Eintrittskarten 2018,Eintrittskarten 2017,+/- Vorjahr in %
Erwachsene,309.825,301.643,3 %
"",56.634,61.706,
Kinder,70.521,67.319,5 %
"",86.083,84.996,
Andere Eintrittsgelder,5.384,3.377,59 %
Summe Tagestickets,528.447,519.041,2 %
TierparkCard,,,
Erwachsene,16.457,14.487,14 %
"",3.381,3.104,
Kinder,436,429,2 %
"",17.564,14.486,
1-2-3-Card,5.523,4.616,20 %
Summe TierparkCards,43.361,37.122,17 %
Sonstige Tickets Tierpark*,,,
Summe sonstige Tickets Tierpark,98.526,102.579,-4 %
Eintrittskarten Gesamt,670.334,658.742,2 %
Ermittelte Besucher **,1.470.254,1.427.920,3 %
Gesamtprojekt daher einen insgesamt höheren,"menten ersetzt. Ziel der Baumaßnahme ist es, unter"
""
""
AKTIVA,2018,2017,
A.,ANLAGEVERMÖGEN,in €,in €
"I.Immaterielle Vermögensgegenstände, gewerblicheSchutzrechte und ähnliche Rechte und Werte","73.381,00","44.821,00",
II.Sachanlagen,,,
1.Grundstücke und Bauten,"2.732.485,00","2.535.542,00",
2.Technische Anlagen und Maschinen,"129.984,00","123.318,00",
"3.Andere Anlagen, Betriebs- und Geschäftsausstattung","959.660,00","838.222,05",
4.,Geleistete Anzahlungen und Anlagen im Bau,"6.611.502,00","2.102.136,74"
Summe Sachanlagen,"10.433.631,00","5.599.218,79",
"",,,
"","1.120,00",,
Summe Anlagevermögen,"10.508.132,00","5.644.639,79",
B.,UMLAUFVERMÖGEN,,
I.Vorräte,,,
"1.Roh-, Hilfs- und Betriebsstoffe","159.289,00","112.530,00",
2.Fertige Erzeugnisse,"5.411,00","4.746,00",
Summe Vorräte,"164.700,00","117.276,00",
"",,,
"","380.646,59",,
"","0,00",,
"","162.619,11",,
"","543.265,70",,
"III.WertpapiereSonstige Wertpapiere","1,00","1,00",
"IV.Kassenbestand, Guthaben bei Kreditinstituten und Schecks","3.469.882,89","3.283.398,93",
Summe Umlaufvermögen,"4.177.849,59","3.918.418,85",
C.,RECHNUNGSABGRENZUNGSPOSTEN,"9.149,34","10.673,61"
SUMME AKTIVA,"14.695.130,93","9.573.732,25"
""
PASSIVA,2018,2017,
A.,EIGENKAPITAL,in €,in €
"",I.Gezeichnetes Kapital,"409.100,00","409.033,50"
"",II.Andere Gewinnrücklagen,"2.982.987,58","1.206.734,47"
"",III.Gewinnvortrag,"0,00","1.185.170,85"
"","IV.Jahresüberschuss","703.169,09","591.148,76"
Su,me Eigenkapital,"4.095.256,67","3.392.087,58"
"",,,
B.,SONDERPOSTEN FÜR INVESTITIONSZUSCHÜSSE ZUM ANLAGEVERMÖGEN,"3.461.974,40","0,00"
"",,,
C.,RÜCKSTELLUNGEN,,
1.Rückstellungen für Pensionen und ähnliche Verpflichtungen,"654.112,00",,
2.Sonstige Rückstellungen,"976.468,00",,
me Rückstellungen,"1.630.580,00",,
"",,,
"",,,
"","1.Erhaltene Anzahlungen- davon mit einer Restlaufzeit bis zu einem Jahr: € 95.408,80 (Vorjahr: T€ 82)","95.408,80","82.427,40"
"","2.Verbindlichkeiten aus Lieferungen und Leistungen- davon mit einer Restlaufzeit bis zu einem Jahr: € 1.926.899,95 (Vorjahr: T€ 801)","1.957.830,99","824.283,40"
"","3.Verbindlichkeiten gegenüber verbundenen Unternehmen- mit einer Restlaufzeit bis zu einem  Jahr: € 125.833,23 (Vorjahr: T€ 0)","1.881.442,15","2.000.000,00"
"","4.Sonstige Verbindlichkeiten- aus Steuern: € 591,42 (Vorjahr: T€ 0)- im Rahmen der sozialen Sicherheit: € 2.792,73 (Vorjahr: T€ 2)- mit einer Restlaufzeit bis zu einem Jahr: € 30.543,48 (Vorjahr: T€ 363)","726.290,92","1.120.657,87"
Su,me Verbindlichkeiten,"4.660.972,86","4.027.368,67"
E.,RECHNUNGSABGRENZUNGSPOSTEN,"846.347,00","741.725,00"
SUMME PASSIVA,"14.695.130,93","9.573.732,25"
GEWINN- UND VERLUSTRECHNUNG,2018,,2017,
"",,in €,,in €
8.,"Gesamtleistung 17.736.324,24","16.391.769,36"
9.,"Materialaufwand -2.792.242,59","-2.744.778,15"
"","a) Roh-, Hilfs-, Betriebsstoffe und bezogene Waren -1.420.191,09","-1.325.401,40"
"",b) Bezogene Leistungen,
"","-1.372.051,50 - davon aus verbundenen Unternehmen € 202.712,98 (Vorjahr: T€ 200)","-1.419.376,75"
10.,"Mittelverwendung -345.304,63","-343.618,41"
11.,"Personalaufwand -9.058.878,91","-8.882.604,65"
"","a) Löhne und Gehälter -7.478.092,23","-7.297.604,57"
"",b) Soziale Abgaben und Aufwendungen für Altersversorgung,
"","und für Unterstützung -1.580.786,68","-1.585.000,08"
"","- davon für Altersversorgung: € 55.360,64 (Vorjahr: T€ 23)",
12.,Abschreibungen auf immaterielle Vermögensgegenstände,
"","-363.000,28und Sachanlagen-414.469,79",
13.,"Sonstige betriebliche Aufwendungen -4.367.299,42","-3.416.069,71"
14.,"Erträge aus anderen Wertpapieren des Finanzanlagevermögens 4,50","0,00"
15.,"Sonstige Zinsen und ähnliche Erträge 0,00","0,04"
16.,Zinsen und ähnliche Aufwendungen,
"","- davon Aufwendungen aus Aufzinsungen € 21.857,00 (Vorjahr: T€ 24) -31.751,81","-29.894,89"
"","- davon aus verbundenen Unternehmen € 9.894,81 (Vorjahr: T€ 6)",
17.,"Steuern vom Einkommen und vom Ertrag -1,19","0,00"
18.,"Ergebnis nach Steuern 726.380,40","611.803,31"
19.,"Sonstige Steuern -23.211,31","-20.654,55"
20.,"Jahresüberschuss 703.169,09","591.148,76"
""
EIGENKAPITALSPIEGEL,01.01.2018,Entnahme,Zuführung,31.12.2018
Eigenkapital,in €,in €,in €,in €
I.   Gezeichnetes Kapital,"409.033,50","0,00","66,50","409.100,00"
"","1.206.734,47","-66,50","1.776.319,61",
III.  Gewinnvortrag,"1.185.170,85","-1.185.170,85","0,00","0,00"
"","591.148,76","-591.148,76","703.169,09",
"","3.392.087,58","-1.776.386,11","2.479.555,20","4.095.256,67"
""
VERBINDLICHKEITEN,RESTLAUFZEITEN,,,,,,
"",bis zu einem Jahr,"zwischen einemund fünf Jahren",mehr als fünf Jahre,Gesamt,,,
"",2018,2017,2018,2017,2018,2017,2018
"",in €,in T€,in €,in T€,in €,in T€,in €
1.Erhaltene Anzahlungen,"95.408,80","82,43","0,00","0,0","0,00","0,0","95.408,80"
"","1.926.899,95","800,68","30.931,04","23,27","0,00","0,3",
"3.Verbindlichkeiten gegenüberverbundenen Unternehmen","125.833,23","0,00","0,00","0,0","1.755.608,92","2.000,00","1.881.442,15"
"","30.543,48","363,08","695.747,44","757,58","0,00","0,0",
"","2.178.685,46","1.246,2","726.678,48","780,8","1.755.608,92","2.000,3","4.660.972,86"
UMSATZERLÖSE,2018,2017,
"",,in €,in €
Eint,itte,"7.430.082,80","6.815.450,03"
"",ungsgebühren,"121.153,00",
Mer,handising,"1.731,40","304,19"
"",en und Pachten,"893.080,30",
Mar,etingpartnerschaften,"284.836,84","269.351,13"
"",tige Umsatzerlöse,"846.630,28",
Um,atzerlöse,"9.577.514,62","8.887.072,16"
""
ENTWICKLUNG DES ANLAGEVERMÖGENS ZUM 31. DEZEMBER 2018 (ANLAGENSPIEGEL),,,,,,
"",Anschaffungs- und Herstellungskosten,,,,,
Alle Werte in €,"Stand am01.01.2018",Zugang,"ZuschüsseVorjahr",Abgang,Umbuchung,"Stand am31.12.2018"
"I.  ImmaterielleVermögensgegenständeGewerbliche Schutzrechte undähnliche Rechte und Werte","123.762,41","47.850,08","0,00","-6.379,00","0,00","165.233,49"
"","123.762,41","47.850,08","0,00","-6.379,00","0,00","165.233,49"
"","4.113.235,13526.787,342.885.382,982.102.136,74","62.368,3025.850,90279.543,544.203.729,96","0,000,000,00658.099,22","0,00-24.062,65-51.076,830,00","300.752,976.617,4145.093,54-352.463,92",
"","9.627.542,19","4.571.492,70","658.099,22","-75.139,48","0,00",
"III.  FinanzanlagenGenossenschaftsanteile","600,00","520,00","0,00","0,00","0,00","1.120,00"
"","600,00","520,00","0,00","0,00","0,00","1.120,00"
"9.751.904,60","4.619.862,78","658.099,22","-81.518,48","0,00",,
"",Abschreibungen,Buchwerte,,,,,
Alle Werte in €,"Stand am01.01.2018",Zugang,Abgang,"Zu-schrei-","Stand am31.12.2018","Stand am31.12.2018","Stand am31.12.2017"
"",,,,,,,
"I.  ImmaterielleVermögensgegenständeGewerbliche Schutzrechte undähnliche Rechte und Werte","78.941,41","19.290,08","-6.379,00","0,00","91.852,49","73.381,00","44.821,00"
"","78.941,41","19.290,08","-6.379,00","0,00","91.852,49","73.381,00","44.821,00"
"","1.577.693,13403.469,342.047.160,930,00","166.178,2725.802,31203.199,130,00","0,00-24.062,65-51.076,830,00","0,000,000,000,00","1.743.871,40405.209,002.199.283,230,00","2.732.485,00129.984,00959.660,006.611.502,00",
"","4.028.323,40","395.179,71","-75.139,48","0,00","4.348.363,63","10.433.631,00",
"III.  FinanzanlagenGenossenschaftsanteile","0,00","0,00","0,00","0,00","0,00","1.120,00","600,00"
"","0,00","0,00","0,00","0,00","0,00","1.120,00","600,00"
"4.107.264,81","414.469,79","-81.518,48","0,00","4.440.216,12","10.508.132,00",,
PERSONALKENNZAHLEN,2014,2015,2016,2017,2018
SÄUGETIERE MAMMALIA,,2017,,geboren,Zugänge,gestorben,Abgabe,,,2018,
Kloakentiere Monotremata,m,w,u,m w u,m w u,m w u,m w,u,m,w,u
Neuguinea- Tachyglossus aculeatus,,,,,,,,,,,
0Kurzschnabeligel lawesii,2,1,0,0 0 0,0 1 0,0 0 0,0 1,0,2,1,
Beuteltiere Marsupialia,m,w,u,m w u,m w u,m w u,m w,u,m,w,u
Westliches Graues  Macropus fuliginosus,,,,,,,,,,,
0Riesenkänguru melanops,3,3,0,2 0 0,0 0 0,0 1 0,2 0,0,3,2,
Östliches Bergkänguru Macropus robustus robustus,4,3,0,2 0 0,0 0 0,2 0 0,0 0,0,4,3,0
Benettkänguru Macropus rufogriseus,0,1,0,0 1 0,0 0 0,0 2 0,0 0,0,0,0,0
Ringelschwanz- Petrogale xanthopus,,,,,,,,,,,
0Felsenkänguru xanthopus,2,2,0,0 1 0,0 0 0,0 0 0,0 0,0,2,3,
Rüsselspringer Macroscelidea,m,w,u,m w u,m w u,m w u,m w,u,m,w,u
Kurzohr-Rüsselspringer Macroscelides proboscideus,1,1,0,0 1 1,0 1 0,0 1 1,0 0,0,1,2,0
Insektenfresser Eulipotyphla,m,w,u,m w u,m w u,m w u,m w,u,m,w,u
Etrusker-Spitzmaus Suncus etruscus,0,0,0,1 8 11,2 2 0,0 5 11,0 0,0,3,5,0
Fledertiere Chiroptera,m,w,u,m w u,m w u,m w u,m w,u,m,w,u
Palmenflughund Eidolon helvum,4,3,1,0 2 0,0 0 0,0 1 1,4 4,0,0,0,0
Epaulettenflughund Epomophorus gambianus,1,0,0,0 0 0,0 0 0,0 0 0,1 0,0,0,0,0
Indischer Riesenflughund Pteropus giganteus,2,6,21,1 2 7,0 0 0,0 0 0,5 3,0,9,22,0
Nebengelenktiere Xenarthra,m,w,u,m w u,m w u,m w u,m w,u,m,w,u
Tamandua tetradactyla Langschwanz-Tamandua 0nigra,1,2,0,1 0 0,0 1 0,1 0 0,0 1,0,1,2,
Kugelgürteltier Tolypeutes matacus,1,1,0,0 1 0,0 0 0,0 0 0,0 0,0,1,2,0
""
SÄUGETIERE,MAMMALIA,2017,geboren,Zugänge,gestorben,Abgabe,2018,,,,,,,,,,,,
"",,,,,,,,,,,,,,,,,,,
"",,,,,,,,,,,,,,,,,,,
Halsbandmaki,Eulemur collaris,1,1,0,0,1,0,0,0,0,0,0,0,0,0,0,1,2,0
"",Eulemur macaco macaco,1,1,0,0,0,0,0,0,0,0,0,0,0,0,0,1,1,
Mongozmaki,Eulemur mongoz,1,1,0,0,0,0,0,0,0,0,0,0,0,0,0,1,1,0
"",Eulemur rubriventer,1,3,0,1,0,0,0,0,0,0,0,0,0,0,0,1,3,
Blauaugenmaki,Eulemur flavifrons,0,0,0,0,0,0,1,1,0,0,0,0,0,0,0,1,1,0
"",Lemur catta,1,2,0,1,1,0,0,0,0,0,1,0,1,0,0,1,2,
Roter Vari,Varecia variegata rubra,3,1,0,0,0,0,0,0,0,0,0,0,0,0,0,3,1,0
"",Varecia variegata variegata,4,2,0,0,0,0,0,0,0,0,0,0,0,0,0,4,2,
Silberäffchen,Mico argentatus,1,4,0,2,0,0,0,0,0,0,0,0,0,0,0,3,4,0
"","Saguinus imperatorsubgrisescens",1,2,0,0,0,0,0,0,0,0,0,0,1,2,0,0,0,
Rothandtamarin,Saguinus midas,2,0,0,0,0,0,0,0,0,0,0,0,0,0,0,2,0,0
"",Cebus xanthosternos,4,2,0,0,0,0,0,0,0,0,0,0,0,0,0,4,2,
Weißkopfsaki,Pithecia pithecia,1,0,0,0,0,0,1,0,0,0,0,0,0,0,0,2,0,0
"",Alouatta seniculus,3,2,0,1,0,0,0,0,0,0,1,0,0,0,0,4,1,
Rotscheitelmangabe,"Cercocebus torquatustorquatus",2,3,0,0,0,0,0,0,0,0,0,0,0,0,0,2,3,0
"",Cercopithecus diana,1,2,0,0,0,0,0,0,0,0,0,0,0,1,0,1,1,
Dschelada,Theropithecus gelada,7,10,0,0,0,1,0,0,0,0,1,0,0,0,0,7,9,1
"",Macaca fuscata,9,8,0,0,0,0,0,0,0,0,0,0,9,8,0,0,0,
Schweinsaffe,"Macaca nemestrinanemestrina",7,0,0,0,0,0,0,0,0,0,0,0,0,0,0,7,0,0
"",Macaca sylvanus,6,7,0,0,0,0,0,0,0,0,0,0,0,0,0,6,7,
Weißhandgibbon,Hylobates lar,2,2,0,0,0,0,0,0,0,0,0,0,1,0,0,1,2,0
Nagetiere,Rodentia,m,w,u,m,w,u,m,w,u,m,w,u,m,w,u,m,w,u
"Schwarzschwanz-Präriehund",Cynomys ludovicianus,0,0,14,0,0,0,9,4,0,1,0,2,0,0,0,0,0,24
"",Tamiops macclellandi,1,0,0,0,0,0,0,0,0,0,0,0,0,0,0,1,0,
Chinesischer Zwerghamster,Cricetulus griseus,0,1,16,0,0,21,0,0,0,1,0,21,2,2,0,0,0,12
"",Microtus guentheri,5,4,0,0,0,0,0,0,0,0,0,8,0,0,0,0,0,
Kreta-Stachelmaus,Acomys minous,0,3,8,0,0,1,0,0,0,0,0,4,0,0,0,0,3,5
"",Arvicanthis neumanni,15,11,24,0,0,117,0,0,0,12,3,139,3,3,0,3,8,
Vielstreifen-Grasmaus,Lemniscomys barbarus,0,0,41,0,0,55,0,0,0,0,0,59,7,8,0,0,0,22
Hystrix leucura,2,3,0,0,0,0,0,0,0,0,1,0,1,0,0,1,2,,
""
SÄUGETIERE,MAMMALIA,2017,geboren,Zugänge,gestorben,Abgabe,2018,,,,,,,,,,,,
Nagetiere,Rodentia,m,w,u,m,w,u,m,w,u,m,w,u,m,w,u,m,w,u
Baumstachler,Erethizon dorsatum,1,2,0,0,1,0,0,0,0,0,0,0,0,2,0,1,1,0
"",Cavia aperea,6,10,1,0,0,79,0,0,0,0,0,70,0,0,0,0,0,
"Hellbraunes Wieselmeer-schweinchen",Galea monasteriensis,1,3,0,0,0,0,0,0,0,0,0,0,0,0,0,1,3,0
"",Dolichotis salinicola,6,1,0,2,1,1,0,0,0,2,0,1,0,0,0,6,2,
Großer Mara,Dolichotis patagonum,5,0,0,0,0,0,0,0,0,0,0,0,0,0,0,5,0,0
"",Dasyprocta azarae,1,3,0,0,0,0,0,0,0,0,0,0,1,0,0,0,3,
Tiefland-Paka,Cuniculus paca,1,1,0,0,0,0,0,0,0,0,0,0,0,0,0,1,1,0
"",Octodon degus,0,0,59,0,0,27,0,0,0,0,0,26,1,0,0,0,0,
Nacktmull,Heterocephalus glaber,0,0,66,0,0,113,0,0,0,0,0,91,0,0,19,0,0,69
Hasenartige,Lagomorpha,m,w,u,m,w,u,m,w,u,m,w,u,m,w,u,m,w,u
Daurischer Pfeifhase,Ochotona dauurica,1,2,0,0,0,12,0,0,0,0,1,6,0,0,0,1,1,6
"",,0,1,0,0,0,0,0,0,0,0,1,0,0,0,0,0,0,
Deutscher Widder,,1,0,0,0,0,0,0,0,0,1,0,0,0,0,0,0,0,0
"",,0,0,0,0,0,0,1,1,0,0,0,0,0,0,0,1,1,
Roter Sachse,,0,1,0,0,0,0,0,0,0,0,1,0,0,0,0,0,0,0
"",,0,2,0,0,0,0,1,1,0,0,0,0,0,0,0,1,3,
Raubtiere,Carnivora,m,w,u,m,w,u,m,w,u,m,w,u,m,w,u,m,w,u
Tüpfelhyäne,Crocuta crocuta,2,1,0,0,0,0,0,0,0,0,0,0,0,0,0,2,1,0
"",Hyaena hyaena sultana,1,1,0,0,0,0,0,0,0,0,0,0,0,0,0,1,1,
Ostafrikanischer Erdwolf,"Proteles cristataseptentrionalis",1,1,0,0,0,0,0,0,0,1,1,0,0,0,0,0,0,0
"",Canis lupus signatus,3,0,0,0,0,0,0,0,0,0,0,0,0,0,0,3,0,
Dingo,,1,1,0,0,0,0,0,0,0,0,0,0,0,0,0,1,1,0
"",Cuon alpinus lepturus,6,1,0,4,3,0,0,0,0,0,0,0,0,0,0,10,4,
"SüdafrikanischerLöffelhund",Otocyon megalotis megalotis,2,0,0,0,0,0,1,1,0,0,0,0,2,0,0,1,1,0
"",Speothos venaticus,2,3,0,0,0,0,0,0,0,0,1,0,0,1,0,2,1,
Mähnenwolf,Chrysocyon brachyurus,2,0,0,0,0,0,0,0,0,0,0,0,0,0,0,2,0,0
"","Helarctos malayanusmalayanus",1,1,0,0,0,0,0,0,0,0,0,0,0,0,0,1,1,
Brillenbär,Tremarctos ornatus,2,2,0,0,0,0,0,0,0,1,0,0,0,0,0,1,2,0
"",Ursus americanus,1,1,0,0,0,0,0,0,0,0,0,0,1,1,0,0,0,
Eisbär,Ursus maritimus,1,2,0,0,1,1,0,0,0,0,1,1,1,0,0,0,2,0
"",Ailurus fulgens fulgens,1,1,0,0,0,0,0,0,0,0,0,0,0,0,0,1,1,
Waschbär,Procyon lotor,2,1,0,0,0,0,0,0,0,1,0,0,0,0,0,1,1,0
"",Martes flavigula aterrima,1,1,0,0,0,0,0,0,0,0,0,0,0,0,0,1,1,
"OstafrikanischerHonigdachs",Mellivora capensis cottoni,1,1,0,0,0,0,0,0,0,0,0,0,0,0,0,1,1,0
Mungos mungo,3,5,0,0,2,7,0,0,0,0,0,7,0,2,0,3,5,,
""
SÄUGETIERE,MAMMALIA,2017,geboren,Zugänge,gestorben,Abgabe,2018,,,,,,,,,,,,
Raubtiere,Carnivora,m,w,u,m,w,u,m,w,u,m,w,u,m,w,u,m,w,u
Binturong,Arctictis binturong binturong,3,4,0,1,2,0,0,0,0,0,0,0,2,3,0,2,3,0
"",Paguma larvata leucomystax,0,0,0,0,0,0,1,1,0,0,0,0,0,0,0,1,1,
Fleckenmusang,Paradoxurus hermaphroditus,2,2,0,0,0,0,0,1,0,0,0,0,1,1,0,1,1,0
"",Genetta genetta,1,1,0,0,0,0,0,0,0,0,0,0,0,0,0,1,1,
"Arabische Kleinfleck-Ginsterkatze",Genetta genetta dongolana,1,1,0,1,1,0,0,0,0,0,0,0,0,0,0,2,2,0
"","Viverra tangalungatangalunga",1,1,0,0,0,0,0,0,0,1,1,0,0,0,0,0,0,
Altai-Luchs,Lynx lynx wardi,1,2,0,0,0,0,0,0,0,0,0,0,0,0,0,1,2,0
"",Lynx rufus,0,1,0,0,0,0,0,0,0,0,0,0,0,0,0,0,1,
Südafrikanischer Karakal,Caracal caracal caracal,1,0,0,0,0,0,0,0,0,1,0,0,0,0,0,0,0,0
"",Otocolobus manul manul,1,1,0,0,0,0,0,0,0,0,0,0,0,0,0,1,1,
Europäische Wildkatze,Felis silvestris silvestris,1,1,0,0,0,0,0,0,0,0,1,0,0,0,0,1,0,0
"","Prionailurus bengalensisheaneyi",4,3,0,1,0,2,0,0,0,2,0,2,1,1,0,2,2,
Margay,Leopardus wiedii nicaraguae,0,2,0,0,0,0,1,0,0,0,0,0,0,0,0,1,2,0
"",Leptailurus serval,0,1,0,0,0,0,0,0,0,0,0,0,0,0,0,0,1,
Nebelparder,Neofelis nebulosa,2,1,0,0,0,0,0,0,0,0,1,0,0,0,0,2,0,0
"",Panthera pardus melas,2,2,0,0,0,0,0,0,0,0,0,0,1,0,0,1,2,
Sibirischer Tiger,Panthera tigris altaica,1,3,0,0,0,0,0,0,0,0,0,0,0,2,0,1,1,0
"",Panthera tigris corbetti,1,1,0,0,0,0,0,0,0,0,0,0,0,0,0,1,1,
Sumatratiger,Panthera tigris sumatrae,1,1,0,2,2,0,0,0,0,0,0,0,0,0,0,3,3,0
"",Uncia uncia,2,1,0,0,0,0,0,0,0,0,0,0,0,1,0,2,1,
Sudan-Gepard,"Acinonyx jubatussoemmeringii",2,0,0,0,0,0,0,0,0,0,0,0,0,0,0,2,0,0
Seekühe,Sirenia,m,w,u,m,w,u,m,w,u,m,w,u,m,w,u,m,w,u
Karibik-Manati,"Trichechus manatusmanatus",2,1,0,0,0,0,0,0,0,0,1,0,0,0,0,2,0,0
Schliefer,Hyracoidea,m,w,u,m,w,u,m,w,u,m,w,u,m,w,u,m,w,u
Buschschliefer,Heterohyrax brucei,5,8,0,2,0,0,1,0,0,1,0,0,0,0,0,7,8,0
""
SÄUGETIERE,MAMMALIA,2017,geboren,Zugänge,gestorben,Abgabe,2018,,,,,,,,,,,,
Rüsseltiere,Proboscidea,m,w,u,m,w,u,m,w,u,m,w,u,m,w,u,m,w,u
Asiatischer Elefant,Elephas maximus,1,6,0,0,0,0,0,0,0,0,0,0,0,0,0,1,6,0
"",Loxodonta africana,2,3,0,0,0,0,0,0,0,0,0,0,2,0,0,0,3,
Unpaarhufer,Perissodactyla,m,w,u,m,w,u,m,w,u,m,w,u,m,w,u,m,w,u
Przewalskipferd,Equus przewalskii,2,5,0,1,1,0,0,0,0,0,0,0,0,0,0,3,6,0
"",,0,2,0,0,0,0,0,0,0,0,0,0,0,0,0,0,2,
Shetlandpony,,1,3,0,0,0,0,0,0,0,0,0,0,0,0,0,1,3,0
"",Equus hemionus kulan,1,8,0,0,0,0,0,0,0,0,0,0,0,2,0,1,6,
Östlicher Kiang,Equus kiang holdereri,2,9,0,0,0,0,0,0,0,0,1,0,0,0,0,2,8,0
"",,1,1,0,0,0,0,1,2,0,1,1,0,0,0,0,1,2,
Zwergesel,,1,6,0,0,0,0,0,0,0,0,0,0,0,0,0,1,6,0
"",Equus africanus somaliensis,3,8,0,0,0,0,0,0,0,0,0,0,2,0,0,1,8,
Chapman-Zebra,Equus burchellii chapmanni,1,4,0,0,1,0,0,0,0,0,0,0,0,1,0,1,4,0
"",Equus grevyi,0,4,0,0,0,0,1,0,0,0,0,0,0,1,0,1,3,
Hartmann-Bergzebra,Equus zebra hartmannae,2,5,0,1,0,0,0,0,0,2,0,0,0,0,0,1,5,0
"",Rhinoceros unicornis,1,1,0,1,0,0,0,0,0,0,0,0,0,0,0,2,1,
Paarhufer,Artiodactyla,m,w,u,m,w,u,m,w,u,m,w,u,m,w,u,m,w,u
Chaco-Pekari,Catagonus wagneri,10,7,0,4,6,6,0,0,0,4,5,4,4,1,0,6,7,2
"",Potamochoerus porcus,3,0,0,0,0,0,0,0,0,0,0,0,0,0,0,0,0,
"VietnamesischesHängebauchschwein",,4,18,0,3,0,28,0,0,0,3,0,16,0,0,0,4,18,12
"",,1,2,0,0,0,0,0,0,0,0,0,0,0,0,0,1,2,
Trampeltier,,1,6,0,0,0,0,1,2,0,0,1,0,0,0,0,2,7,0
"",,0,5,0,0,3,0,1,0,0,0,2,0,0,0,0,1,6,
Guanako,Lama guanicoe,1,8,0,4,0,0,0,0,0,0,1,0,0,1,0,5,6,0
"",,1,9,0,0,0,0,0,0,0,0,1,0,0,0,0,1,8,
Alpaka,,1,4,0,0,0,0,0,0,0,0,0,0,0,0,0,1,4,0
"",Vicugna vicugna,1,6,0,0,1,0,0,0,0,0,0,0,0,2,0,1,5,
Europäischer Elch,Alces alces alces,2,0,0,0,0,0,0,0,0,0,0,0,0,0,0,2,0,0
"",Rangifer tarandus,1,4,0,0,0,0,0,0,0,1,0,0,0,0,0,0,4,
Bawean-Schweinshirsch,Axis kuhlii,1,3,0,0,0,0,0,0,0,0,0,0,0,0,0,1,3,0
"",Axis porcinus,2,3,0,0,1,0,0,0,0,0,2,0,0,0,0,2,2,
Atlashirsch,Cervus elaphus barbarus,1,4,0,0,0,0,0,0,0,0,0,0,0,0,0,1,4,0
"",Cervus elaphus manitobensis,1,6,0,2,0,0,0,0,0,1,2,0,0,0,0,2,4,
Altai-Maral,Cervus elaphus sibiricus,0,5,0,1,0,0,1,0,0,0,0,0,0,0,0,2,5,0
"",Cervus elaphus nannodes,2,5,0,1,1,0,0,0,0,0,3,0,1,0,0,2,3,
Bucharahirsch,Cervus elaphus bactrianus,2,6,0,1,1,0,0,0,0,0,0,0,1,1,0,2,6,0
"",Cervus nippon pseudaxis,4,5,0,2,1,0,0,1,0,1,0,0,3,0,0,2,7,
"MesopotamischerDamhirsch",Dama dama mesopotamica,3,5,0,1,0,0,1,0,0,2,0,0,1,0,0,2,5,0
""
SÄUGETIERE,MAMMALIA,2017,geboren,Zugänge,gestorben,Abgabe,2018,,,,,,,,,,,,
Paarhufer,Artiodactyla,m,w,u,m,w,u,m,w,u,m,w,u,m,w,u,m,w,u
"",,,,,,,,,,,,,,,,,,,
"OstchinesischerSchopfhirsch","Elaphodus cephalophusmichianus",1,6,0,2,0,0,0,0,0,2,0,0,0,3,0,1,3,0
"",Hydropotes inermis inermis,1,0,0,0,0,0,0,0,0,0,0,0,0,0,0,1,0,
Milu,Elaphurus davidianus,3,8,0,2,1,0,0,0,0,0,1,0,0,0,0,5,8,0
"",Cervus albirostris,2,7,0,2,1,0,0,0,0,0,0,0,1,1,0,3,7,
Burma-Leierhirsch,Cervus eldii thamin,0,6,0,2,3,0,1,0,0,2,3,0,0,0,0,1,6,0
"",Cervus timorensis,1,5,0,0,0,2,0,0,0,0,1,2,0,0,0,1,4,
"HinterindischerPferdehirsch",Cervus unicolor malaccensis,1,5,0,1,2,0,0,0,0,1,1,0,0,0,0,1,6,0
"",Giraffa camelopardalis,0,5,0,0,0,0,0,0,0,0,0,0,0,0,0,0,5,
Rothschild-Giraffe,"Giraffa camelopardalisrothschildi",1,1,0,0,1,0,0,0,0,0,0,0,0,0,0,1,2,0
"",Boselaphus tragocamelus,0,3,0,0,0,0,1,0,0,0,0,0,0,0,0,1,3,
Sibirisches Moschustier,"Moschus moschiferusmoschiferus",1,1,0,0,2,0,1,0,0,0,2,0,0,0,0,2,1,0
"",,2,2,0,0,2,0,0,0,0,0,1,0,1,1,0,1,2,
"SchottischesHochlandrind",,0,2,0,0,0,0,0,0,0,0,0,0,0,0,0,0,2,0
"",,1,2,0,0,1,0,0,0,0,0,0,0,0,0,0,1,3,
Kaukasus-Zebu,,2,7,0,3,0,0,0,0,0,1,1,0,1,3,0,3,3,0
"",,2,3,0,1,1,0,0,0,0,0,0,0,1,0,0,2,4,
Nellorezebu,,3,2,0,1,0,0,0,0,0,0,0,0,0,0,0,4,2,0
"",,1,3,0,1,0,0,0,0,0,1,0,0,0,0,0,1,3,
Gayal,,3,7,0,4,1,0,0,0,0,1,1,0,2,0,0,4,7,0
"",Syncerus caffer caffer,1,5,0,0,0,0,0,0,0,0,0,0,0,0,0,1,5,
Rotbüffel,Syncerus caffer nanus,2,8,0,0,0,0,0,0,0,0,0,0,0,0,0,2,8,0
"",Bison bison athabascae,2,6,0,0,1,0,0,0,0,0,0,0,0,0,0,2,7,
Wisent,Bison bonasus,1,7,0,0,1,0,2,1,0,0,1,0,2,3,0,1,5,0
"","Kobus ellipsiprymnusellipsiprymnus",4,4,0,1,1,0,0,0,0,1,1,0,3,0,0,1,4,
"SüdafrikanischerBergriedbock","Redunca fulvorufulafulvorufula",2,2,0,0,2,0,0,1,0,0,3,0,0,0,0,2,2,0
"",Oryx leucoryx,1,4,0,1,1,0,0,2,0,1,1,0,0,1,0,1,5,
Addax-Antilope,Addax nasomaculatus,2,4,0,0,2,0,0,0,0,0,1,0,1,0,0,1,5,0
"",Gazella dama mhorr,1,9,0,3,2,0,0,0,0,3,3,0,0,0,0,1,8,
Südliche Giraffengazelle,Litocranius walleri walleri,1,2,0,0,1,0,0,0,0,0,1,0,0,0,0,1,2,0
"",Budorcas taxicolor taxicolor,3,7,0,1,1,0,1,1,0,0,0,0,1,0,0,4,9,
Goldtakin,Budorcas taxicolor bedfordi,5,5,0,0,0,0,0,0,0,1,0,0,1,2,0,3,3,0
"",Budorcas taxicolor tibetana,3,4,0,2,0,0,0,0,0,0,0,0,2,2,0,3,2,
Alaska-Moschusochse,"Ovibos moschatusmoschatus",1,6,0,0,0,0,1,0,0,0,0,0,1,0,0,1,6,0
"Naemorhedus griseusarnouxianus",1,6,0,1,1,0,0,0,0,1,1,0,0,0,0,1,6,,
""
SÄUGETIERE,MAMMALIA,2017,geboren,Zugänge,gestorben,Abgabe,2018,,,,,,,,,,,,
Paarhufer,Artiodactyla,m,w,u,m,w,u,m,w,u,m,w,u,m,w,u,m,w,u
Blauschaf,Pseudois nayaur,1,5,0,3,3,0,1,1,0,2,0,0,0,0,0,3,9,0
"",Oreamnos americanus,2,4,0,1,0,0,1,0,0,1,0,0,1,1,0,2,3,
Alpengemse,"Rupicapra rupicaprarupicapra",0,4,0,0,0,0,0,0,0,0,0,0,0,0,0,0,4,0
"",Capra falconeri heptneri,7,9,0,4,6,1,2,0,0,2,1,1,0,0,0,11,14,
Alpensteinbock,Capra ibex ibex,7,4,0,0,2,0,0,0,0,1,2,0,1,0,0,5,4,0
"",,3,5,0,1,1,0,0,0,0,2,1,0,0,0,0,2,5,
Damaraziege,,1,3,0,0,0,0,0,0,0,0,0,0,1,3,0,0,0,0
"",,6,7,0,5,3,1,0,0,0,1,1,1,7,4,0,3,5,
Thüringer Wald Ziege,,1,2,0,2,1,0,0,0,0,2,1,0,0,1,0,1,1,0
"",,0,9,0,0,0,0,0,0,0,0,0,0,0,0,0,0,9,
Walliser Ziege,,1,1,0,0,0,0,0,0,0,0,0,0,0,0,0,1,1,0
"",Ovis ammon cycloceros,5,7,0,2,5,0,0,0,0,3,4,0,0,0,0,4,8,
Marco-Polo-Schaf,Ovis ammon polii,4,1,0,0,1,0,0,0,0,0,0,0,0,0,0,4,2,0
"",Ovis ammon musimon,2,3,0,0,0,0,0,0,0,0,0,0,0,0,0,2,3,
Zackelschaf,,1,6,0,2,5,0,0,0,0,1,2,0,1,4,0,1,5,0
"",,1,4,0,1,2,0,0,0,0,1,1,0,0,1,0,1,4,
Hissar-Fettsteißschaf,,0,4,0,2,1,0,1,1,0,2,0,0,0,0,0,1,6,0
"",,1,4,0,2,1,0,0,0,0,0,0,0,0,0,0,3,5,
Rotkopfschaf,,6,3,0,1,3,0,0,0,0,1,0,0,3,0,0,3,6,0
"",,1,3,0,3,3,0,0,0,0,1,1,0,0,0,0,3,5,
Geschecktes Bergschaf,,2,7,0,7,4,0,0,0,0,4,1,0,3,3,0,2,7,0
""
VÖGEL,AVES,2017,geboren,Zugänge,gestorben,Abgabe,2018,,,,,,,,,,,,
Laufvögel,Struthioniformes,m,w,u,m,w,u,m,w,u,m,w,u,m,w,u,m,w,u
"SüdafrikanischerBlauhalsstrauß",Struthio camelus australis,1,1,0,0,0,0,0,0,0,0,0,0,0,0,0,1,1,0
"",Rhea pennata,1,3,0,0,0,0,0,0,0,0,1,0,0,0,0,1,2,
Pinguine,Sphenisciformes,m,w,u,m,w,u,m,w,u,m,w,u,m,w,u,m,w,u
Brillenpinguin,Spheniscus demersus,9,5,0,2,0,0,11,10,0,0,0,0,0,0,0,22,15,0
"",Spheniscus humboldti,16,13,0,11,3,3,0,0,0,0,0,3,23,16,0,4,0,
Ruderfüßer,Pelecaniformes,m,w,u,m,w,u,m,w,u,m,w,u,m,w,u,m,w,u
Brillenpelikan,Pelecanus conspicillatus,5,5,0,0,0,0,0,0,0,0,0,0,0,0,0,5,5,0
"",Pelecanus crispus,4,6,0,0,0,1,0,0,0,0,0,1,0,1,0,4,5,
Nashornpelikan,Pelecanus erythrorhynchos,3,3,0,1,2,0,0,0,0,0,0,0,0,0,0,4,5,0
"",Pelecanus onocrotalus,5,4,0,1,1,0,0,0,0,0,0,0,1,1,0,5,4,
Fleckschnabelpelikan,Pelecanus philippensis,2,2,0,0,0,0,0,0,0,0,0,0,0,0,0,2,2,0
"",Pelecanus rufescens,7,5,0,0,0,0,0,0,0,0,0,0,2,1,0,5,4,
Chile-Pelikan,Pelecanus thagus,0,1,0,0,0,0,0,0,0,0,0,0,0,1,0,0,0,0
"","Pelecanus occidentaliscarolinensis",2,2,0,0,0,0,0,0,0,0,0,0,0,0,0,2,2,
Kräuselscharbe,Phalacrocorax melanoleucos,2,5,0,0,0,0,1,0,0,1,0,0,0,1,0,2,4,0
Schreitvögel,Ciconiiformes,m,w,u,m,w,u,m,w,u,m,w,u,m,w,u,m,w,u
Goliathreiher,Ardea goliath,2,0,0,0,0,0,0,0,0,0,0,0,1,0,0,1,0,0
"",Ardeola grayii,2,0,0,0,0,0,0,0,0,0,0,0,0,0,0,2,0,
Prachtreiher,Ardeola speciosa,2,0,0,0,0,0,0,3,0,0,1,0,0,0,0,2,2,0
"",Bubulcus ibis ibis,1,1,15,2,2,0,0,0,0,0,0,2,0,0,0,3,3,
Weißwangenreiher,Egretta novaehollandiae,3,2,0,0,0,0,0,0,0,0,0,0,0,0,0,3,2,0
"","Nycticorax caledonicusmanillensis",3,2,0,1,0,0,0,0,0,0,0,0,0,0,0,4,2,
"Hammerkopf /Schattenvogel",Scopus umbretta,1,1,0,0,0,0,0,0,0,0,0,0,0,0,0,1,1,0
"",Ciconia abdimii,3,6,0,3,2,0,0,0,0,2,2,0,0,3,0,4,3,
Schwarzschnabelstorch,Ciconia boyciana,2,1,0,0,0,0,0,1,0,0,0,0,0,0,0,2,2,0
"",Ciconia c. ciconia,2,2,0,0,0,0,0,0,0,0,0,0,0,0,0,2,2,
Sattelstorch,"Ephippiorhynchussenegalensis",1,1,0,0,0,0,0,0,0,0,0,0,0,0,0,1,1,0
"",Leptoptilos crumeniferus,1,1,0,0,0,0,0,0,0,0,0,0,0,0,0,1,1,
Afrikanischer Nimmersatt,Mycteria ibis,3,2,0,0,0,0,0,0,0,2,1,0,0,0,0,1,1,0
"",Anastomus lamelligerus,3,3,0,0,0,0,0,0,0,1,0,0,0,0,0,2,3,
Waldrapp,Geronticus eremita,5,6,0,0,0,0,0,0,0,1,0,0,0,0,0,4,6,0
"",Plegadis f. falcinellus,1,0,0,0,0,0,0,0,0,0,0,0,0,0,0,1,0,
Strohhalsibis,Carphibis spinicollis,9,6,0,1,0,0,0,0,0,0,1,0,0,0,0,10,5,0
"",Threskiornis aethiopicus,3,3,0,0,0,0,0,0,0,0,0,0,0,0,0,3,3,
Hagedash,Hagedashia hagedash,2,2,0,0,0,0,0,0,0,0,1,0,0,0,0,2,1,0
""
VÖGEL,AVES,2017,geboren,Zugänge,gestorben,Abgabe,2018,,,,,,,,,,,,
Flamingos,Phoenicopteriformes,m,w,u,m,w,u,m,w,u,m,w,u,m,w,u,m,w,u
Chileflamingo,Phoenicopterus chilensis,2,0,30,0,1,0,0,0,0,0,0,0,0,1,0,2,0,30
"",Phoenicopterus ruber ruber,3,4,62,2,2,0,0,0,0,0,0,3,2,2,0,3,4,
Gänsevögel,Anseriformes,m,w,u,m,w,u,m,w,u,m,w,u,m,w,u,m,w,u
Halsband-Wehrvogel,Chauna torquata,0,1,0,0,0,0,0,0,0,0,0,0,0,0,0,0,1,0
"",Dendrocygna arborea,1,0,0,0,0,0,0,0,0,1,0,0,0,0,0,0,0,
Sichelpfeifgans,Dendrocygna eytoni,1,1,0,0,0,0,0,0,0,0,0,0,0,0,0,1,1,0
"",Dendrocygna javanica,0,1,0,0,0,0,0,0,0,0,0,0,0,1,0,0,0,
Spaltfußgans,Anseranas semipalmata,1,1,0,0,0,0,0,0,0,0,0,0,0,0,0,1,1,0
"",Cygnus melanocoryphus,1,1,0,0,0,0,0,0,0,0,0,0,0,0,0,1,1,
Höckerschwan,Cygnus olor,0,1,0,0,0,0,0,0,0,0,0,0,0,0,0,0,1,0
"",Anser a. anser,8,4,0,0,0,0,0,0,0,0,0,0,0,0,0,8,4,
Blaue Schneegans,Anser c. caerulescens,1,1,0,0,0,0,0,0,0,0,0,0,0,0,0,1,1,0
"",Anser cygnoides,2,1,0,0,0,0,0,0,0,0,0,0,1,0,0,1,1,
Zwerggans,Anser erythropus,1,0,0,0,0,0,0,0,0,0,0,0,0,0,0,1,0,0
"",Branta canadensis maxima,1,1,0,0,0,0,0,0,0,1,0,0,0,0,0,0,1,
Zwergkanadagans,Branta canadensis minima,0,1,0,0,0,0,0,0,0,0,0,0,0,0,0,0,1,0
"",Cyanochen cyanopterus,1,1,0,2,2,1,0,0,0,0,0,1,0,0,0,3,3,
Sporengans,Plectropterus gambensis,1,1,0,0,0,0,0,0,0,0,0,0,0,0,0,1,1,0
"",Stictonetta naevosa,1,3,0,0,0,0,0,0,0,0,0,0,1,3,0,0,0,
Graukopfkasarka,Tadorna cana,1,1,0,0,0,0,0,0,0,0,0,0,0,0,0,1,1,0
"",Tadorna ferruginea,3,0,0,0,0,0,0,0,0,2,0,0,0,0,0,1,0,
Brandgans,Tadorna tadorna,0,1,0,0,0,0,0,0,0,0,1,0,0,0,0,0,0,0
"",Anas acuta,1,4,0,0,0,0,0,0,0,0,3,0,0,0,0,1,1,
Bernierente,Anas bernieri,1,2,0,0,0,0,0,0,0,0,0,0,0,0,0,1,2,0
"",Anas clypeata,3,0,0,0,0,0,0,0,0,2,0,0,0,0,0,1,0,
Rotschnabelente,Anas erythrorhynchos,3,2,0,1,3,0,0,0,0,2,1,3,0,0,0,2,1,0
"",Anas falcata,0,2,0,0,0,0,0,0,0,0,0,0,0,2,0,0,0,
Baikalente,Anas formosa,5,5,0,0,0,0,0,0,0,3,2,0,0,0,0,2,3,0
"",Anas melleri,3,2,0,0,0,0,0,0,0,0,0,0,0,0,0,3,2,
Pfeifente,Anas penelope,1,3,0,0,0,0,0,0,0,1,0,0,0,0,0,0,3,0
"",Anas punctata,0,1,0,0,0,0,0,0,0,0,1,0,0,0,0,0,0,
Gelbschnabelente,Anas undulata,2,4,0,0,0,0,0,0,0,1,2,0,0,0,0,1,2,0
"",Anas versicolor,2,0,0,0,0,0,0,0,0,1,0,0,1,0,0,0,0,
Spatelschnabelente,"Malacorhynchusmembranaceus",1,2,0,0,0,0,0,0,0,0,0,0,1,2,0,0,0,0
"",Marmaronetta angustirostris,3,1,0,14,13,4,1,2,0,0,0,4,12,11,0,6,5,
Plüschkopfente,Somateria fischeri,2,1,0,0,0,0,0,0,0,1,0,0,0,0,0,1,1,0
"",Histrionica histrionica,0,0,0,0,0,0,3,3,0,0,0,0,0,0,0,3,3,
Australische Moorente,Aythya australis,2,3,0,0,0,0,0,0,0,0,2,0,0,0,0,2,1,0
""
VÖGEL,AVES,2017,geboren,Zugänge,gestorben,Abgabe,2018,,,,,,,,,,,,
Gänsevögel,Anseriformes,m,w,u,m,w,u,m,w,u,m,w,u,m,w,u,m,w,u
Schwarzkopfmoorente,Aythya baeri,2,1,0,0,0,0,0,0,0,0,0,0,0,0,0,2,1,0
"",Aythya fuligula,1,2,0,0,0,0,0,0,0,1,2,0,0,0,0,0,0,
Bergente,Aythya m. marila,3,4,0,0,0,0,0,0,0,3,2,0,0,0,0,0,2,0
"",Aythya novaeseelandiae,4,4,0,0,0,0,0,0,0,1,2,0,0,0,0,3,2,
Moorente,Aythya nyroca,3,10,0,0,0,0,0,0,0,0,2,0,0,0,0,3,8,0
"","Netta erythrophthalmabrunnea",2,2,0,0,0,0,0,0,0,1,1,0,0,0,0,1,1,
Peposakaente,Netta peposaca,3,4,0,0,0,0,0,0,0,1,1,0,0,0,0,2,3,0
"",Netta rufina,5,5,0,0,0,0,0,0,0,1,3,0,0,0,0,4,2,
Mähnengans,Chenonetta jubata,1,1,0,0,0,0,0,0,0,0,0,0,0,0,0,1,1,0
"",Bucephala albeola,2,3,0,0,0,0,0,0,0,0,0,0,0,0,0,2,3,
Schellente,Bucephala c. clangula,1,2,0,0,0,0,0,0,0,1,0,0,0,0,0,0,2,0
"",Mergus albellus,3,3,0,0,0,0,0,0,0,0,1,0,0,0,0,3,2,
Schuppensäger,Mergus squamatus,1,2,0,2,2,1,0,0,0,0,1,1,1,1,0,2,2,0
"",Oxyura jamaicensis,0,3,0,0,0,0,0,0,0,0,3,0,0,0,0,0,0,
Afrikanische Ruderente,Oxyura maccoa,0,1,0,0,0,0,0,0,0,0,0,0,0,1,0,0,0,0
"",Oxyura vittata,1,1,0,0,0,0,0,0,0,1,1,0,0,0,0,0,0,
Höckergans,Anser anser f. domestica,1,1,0,0,0,0,0,0,0,0,0,0,0,0,0,1,1,0
"",Anser anser f. domestica,2,2,0,0,0,0,0,0,0,0,0,0,0,0,0,2,2,
Indische Laufente,"Anas platyrhynchos f.domestica",6,4,0,0,0,0,0,0,0,0,1,0,0,0,0,6,3,0
""
VÖGEL,AVES,2017,geboren,Zugänge,gestorben,Abgabe,2018,,,,,,,,,,,,
Greifvögel,Falconiformes,m,w,u,m,w,u,m,w,u,m,w,u,m,w,u,m,w,u
Truthahngeier,Cathartes aura,2,3,0,0,0,0,0,0,0,0,0,0,0,0,0,2,3,0
"",Cathartes burrovianus,3,2,0,0,0,2,0,0,0,0,0,0,0,0,2,3,2,
Königsgeier,Sarcorhamphus papa,2,1,0,0,1,0,0,0,0,0,0,0,0,0,0,2,2,0
"",Sagittarius serpentarius,1,1,0,0,0,0,0,0,0,0,0,0,0,0,0,1,1,
Kaiseradler,Aquila heliaca,1,1,0,0,0,0,0,0,0,0,0,0,0,0,0,1,1,0
"",Aquila nipalensis,1,2,0,0,1,0,0,0,0,0,0,0,0,0,0,1,3,
Königsbussard,Buteo regalis,2,1,0,0,0,0,0,0,0,0,0,0,0,0,0,2,1,0
"",Parabuteo  unicinctus,0,3,0,0,0,0,0,0,0,0,0,0,0,0,0,0,3,
Aguja,Geranoaetus melanoleucus,2,1,0,0,0,0,0,0,0,0,0,0,0,0,0,2,1,0
"",Haliaeetus a. albicilla,1,1,0,0,0,0,0,0,0,0,0,0,0,0,0,1,1,
Weißkopfseeadler,Haliaeetus leucocephalus,2,1,0,0,0,0,0,0,0,0,0,0,0,0,0,2,1,0
"",Haliaeetus pelagicus,1,1,0,1,1,0,0,0,0,0,0,0,0,0,0,2,2,
Harpyie,Harpia harpyia,1,0,0,0,0,0,0,0,0,0,0,0,0,0,0,1,0,0
"",Polemaetus bellicosus,1,1,0,0,0,0,0,0,0,0,0,0,0,0,0,1,1,
Kuttengeier,Aegypius monachus,2,1,0,0,0,0,0,0,0,1,0,0,0,0,0,1,1,0
"",Gypaetus barbatus,2,2,0,0,0,1,0,0,0,0,0,1,0,0,0,2,2,
Zwerggänsegeier,Gyps africanus,1,1,0,0,1,0,0,0,0,0,0,0,0,1,0,1,1,0
"",Gyps fulvus,3,3,0,0,1,0,0,0,0,0,0,0,0,0,0,3,4,
Schneegeier,Gyps himalayensis,1,2,0,0,0,0,0,0,0,0,0,0,0,0,0,1,2,0
"",Gyps ruepelli,2,2,0,0,0,0,0,0,0,0,0,0,0,0,0,2,2,
Kappengeier,Necrosyrtes monachus,1,3,0,0,0,0,0,0,0,0,0,0,0,0,0,1,3,0
"","Neophron percnopterusginginianus",1,1,0,0,0,0,0,0,0,0,0,0,0,0,0,1,1,
Gaukler,Theratopius ecaudatus,1,1,0,0,0,0,0,0,0,0,0,0,0,0,0,1,1,0
"",Trigonoceps occipitalis,1,1,0,0,0,0,0,0,0,0,0,0,0,0,0,1,1,
Falkland-Karakara,Phalcoboenus australis,2,1,0,0,1,0,0,0,0,0,0,0,0,1,0,2,1,0
"",Phalcoboenus megalopterus,1,1,0,0,0,0,0,0,0,0,0,0,0,0,0,1,1,
Turmfalke,Falco tinnunculus,0,2,0,0,0,0,0,0,0,0,1,0,0,0,0,0,1,0
"",Falco biarmicus,1,0,0,0,0,0,0,1,0,0,0,0,0,0,0,1,1,
Sakerfalke,Falco cherrug,1,0,0,0,0,0,0,0,0,0,0,0,0,0,0,1,0,0
"",Falco peregrinus,2,0,0,0,0,0,0,0,0,0,0,0,0,0,0,2,0,
Hühnervögel,Galliformes,m,w,u,m,w,u,m,w,u,m,w,u,m,w,u,m,w,u
Östliches Wildtruthuhn,Meleagris gallopavo silvestris,1,1,0,2,2,1,0,0,0,0,0,1,1,0,0,2,7,0
"",Alectoris melanocephala,1,1,0,0,0,0,0,0,0,0,0,0,0,0,0,1,1,
China-Waldrebhuhn,Arborophila gingica,0,0,0,0,0,0,0,0,2,0,0,0,0,0,0,0,0,2
"",Bambusicola f. fytchii,1,1,0,0,0,0,0,0,0,0,1,0,0,0,0,1,0,
Cabottragopan,Tragopan caboti,2,1,0,0,0,0,0,0,0,0,1,0,0,0,0,2,0,0
Tragopan satyra,1,1,0,0,0,0,0,0,0,0,0,0,0,0,0,1,1,,
""
VÖGEL,AVES,2017,geboren,Zugänge,gestorben,Abgabe,2018,,,,,,,,,,,,
"",,,,,,,,,,,,,,,,,,,
"",,,,,,,,,,,,,,,,,,,
Temmincktragopan,Tragopan temminckii,1,1,0,0,0,0,0,0,0,0,0,0,0,0,0,1,1,0
"",Pavo christatus,5,4,0,0,0,4,0,0,0,2,3,4,0,0,0,3,1,
Ährenträgerpfau,Pavo m. muticus,1,1,0,0,0,0,0,0,0,1,0,0,0,0,0,0,1,0
"",Numida meleagris coronata,1,0,0,0,0,0,0,0,0,0,0,0,0,0,0,1,0,
Wallichfasan,Catreus wallichi,1,1,0,0,0,0,0,0,0,0,0,0,0,0,0,1,1,0
"",Chrysolophus amherstiae,1,1,0,0,0,7,0,0,0,0,0,0,0,0,1,1,1,
Goldfasan,Chrysolophus pictus,1,1,0,0,0,0,0,0,0,0,0,0,0,0,0,1,1,0
"",Crossoptilon auritum,1,1,0,0,0,1,0,0,0,0,0,0,0,0,1,1,1,
Weißer Ohrfasan,Crossoptilon crossoptilon,1,1,0,0,0,6,0,0,0,0,0,3,0,0,3,1,1,0
"",Crossoptilon mantchuricum,1,1,0,0,0,1,0,0,0,0,0,1,0,0,0,1,1,
Himalayaglanzfasan,Lophophorus impejanus,1,1,0,0,0,0,0,1,0,0,0,0,0,0,0,1,2,0
"",Lophura hatinhensis,1,1,0,0,0,0,0,0,0,0,0,0,0,0,0,1,1,
Berlioz Silberfasan,Lophura nycthemera berliozi,1,1,0,0,0,0,1,1,0,0,0,0,0,0,0,2,2,0
"",Lophura swinhoii,0,0,0,0,0,0,1,1,0,0,0,0,0,0,0,1,1,
Schopffasan,Pucrasia macrolopha,1,1,0,0,2,0,0,1,0,0,1,0,0,0,2,1,1,0
"",Syrmaticus ellioti,1,1,0,0,0,0,0,1,0,0,0,0,0,0,0,1,2,
Mikadofasan,Syrmaticus mikado,1,1,0,0,0,0,0,0,0,0,0,0,0,0,0,1,1,0
"",Syrmaticus reevesii,0,1,0,0,0,0,0,0,0,0,0,0,0,0,0,1,1,
Nördl. Kupferfasan,"Syrmaticus soemmeringiscintillans",1,1,0,0,0,0,0,0,0,1,0,0,0,0,0,0,1,0
"","Phasaianus colchicuschrysomelas",1,1,0,0,0,0,0,0,0,0,0,0,0,0,0,1,1,
Serafschan-Edelfasan,"Phasaianus colchicuszerafschanicus",1,1,0,0,0,0,0,0,0,0,0,0,0,0,0,1,1,0
"",Gallus gallus f. domestica,4,6,0,0,0,1,0,0,0,3,2,1,0,0,0,1,4,
Englischer Zwergkämpfer,Gallus gallus f. domestica,1,3,0,0,0,0,0,0,0,0,1,1,0,0,0,0,2,0
"Meleagris gallopavo f.domestica",1,1,0,0,0,0,0,0,0,0,0,0,0,0,0,1,1,,
""
VÖGEL,AVES,2017,geboren,Zugänge,gestorben,Abgabe,2018,,,,,,,,,,,,
Kranichvögel,Gruiformes,m,w,u,m,w,u,m,w,u,m,w,u,m,w,u,m,w,u
"",,,,,,,,,,,,,,,,,,,
Sonnenralle,Eurypyga helias,1,2,0,0,0,0,0,0,0,0,0,0,0,1,0,1,1,0
"",Psophia crepitans,1,1,0,0,0,0,0,0,0,0,0,0,0,0,0,1,1,
Jungfernkranich,Anthropoides virgo,1,1,0,0,0,0,0,0,0,0,0,0,0,0,0,1,1,0
"",Bugeranus carunculatus,1,1,0,0,0,0,0,0,0,0,0,0,0,0,0,1,1,
Saruskranich,Grus antigone,1,1,0,0,0,0,0,0,0,0,0,0,0,0,0,1,1,0
"",Grus canadensis tabida,1,1,0,0,0,0,0,0,0,0,0,0,0,0,0,1,1,
Grauer Kranich,Grus g. grus,1,0,0,0,0,0,0,0,0,0,0,0,0,0,0,1,0,0
"",Grus japonensis,1,0,0,0,0,0,0,1,0,0,0,0,0,0,0,1,1,
Schneekranich,Grus leucogeranus,2,2,0,0,0,0,0,1,0,0,0,0,0,0,0,2,3,0
"",Grus nigricollis,1,0,0,0,0,0,0,1,0,0,0,0,0,0,0,1,1,
Weißnackenkranich,Grus vipio,1,1,0,0,0,0,0,0,0,0,0,0,0,0,0,1,1,0
"",Belearica p. pavonina,1,1,0,0,0,0,0,0,0,0,0,0,0,0,0,1,1,
Grauhals-Kronenkranich,"Belearica regulorumgibbericeps",1,1,0,0,0,0,0,0,0,0,0,0,0,0,0,1,1,0
"",Otis tarda,3,0,0,0,0,0,0,0,0,0,0,0,0,0,0,3,0,
Wat- und Möwenvögel,Charadriiformes,m,w,u,m,w,u,m,w,u,m,w,u,m,w,u,m,w,u
Austernfischer,Haematopus ostralegus,4,4,0,4,3,0,0,0,0,4,0,0,2,3,0,2,4,0
"",Larus atricilla,5,5,0,1,0,0,0,0,0,0,0,0,0,0,0,6,5,
Graukopfmöwe,Larus cirrocephalus,8,6,0,0,3,0,0,0,0,2,0,0,0,2,0,6,7,0
"",Larus crassirostris,8,8,0,0,0,1,0,0,0,0,0,0,0,0,0,8,8,
Graumöwe,Larus modestus,13,16,0,7,4,0,0,0,0,2,1,0,4,6,0,14,13,0
Taubenvögel,Columbiformes,m,w,u,m,w,u,m,w,u,m,w,u,m,w,u,m,w,u
Zweifarben-Fruchttaube,Ducula bicolor,5,2,0,0,0,0,0,0,0,1,1,0,1,0,0,3,1,0
"",Caloenas nicobarica,4,2,0,0,0,0,0,0,0,2,0,0,0,0,0,2,2,
Bronzeflügeltaube,Phaps chalcoptera,1,1,0,0,0,0,0,0,0,0,0,0,0,0,0,1,1,0
"",Claravis pretiosa,0,1,0,0,0,0,0,0,0,0,1,0,0,0,0,0,0,
Diamanttäubchen,Geopelia cuneata,3,3,0,0,0,0,0,0,0,0,0,0,0,0,0,3,3,0
"",Streptopelia ch. chinensis,3,2,0,0,0,1,0,0,0,0,0,0,1,0,0,2,2,
Orientturteltaube,Streptopelia orientalis,2,3,0,3,0,1,0,1,0,1,0,1,1,1,0,3,3,0
"",Trugon terrestris,1,0,0,0,0,0,0,0,0,1,0,0,0,0,0,0,0,
Krontaube,Goura christata,0,2,0,0,0,0,0,0,0,0,0,0,0,0,0,0,2,0
Papageien,Psittaciformes,m,w,u,m,w,u,m,w,u,m,w,u,m,w,u,m,w,u
Weißhaubenkakadu,Cacatua alba,1,0,0,0,0,0,0,0,0,0,0,0,1,0,0,0,0,0
"",Cacatua goffini,1,1,0,0,0,0,0,0,0,0,0,0,0,0,0,1,1,
Molukkenkakadu,Cacatua moluccensis,1,0,0,0,0,0,0,0,0,0,0,0,0,0,0,1,0,0
"",Cacatua sanguinea,4,2,0,1,1,0,0,0,0,0,0,0,0,0,0,5,3,
Rosakakadu,Eolophus roseicapilla,0,0,0,0,0,0,4,1,0,0,0,0,0,0,0,4,1,0
Lorius chlorocercus,3,1,0,0,0,0,0,0,0,0,0,0,0,0,0,3,1,,
""
VÖGEL,AVES,2017,geboren,Zugänge,gestorben,Abgabe,2018,,,,,,,,,,,,
Papageien,Psittaciformes,m,w,u,m,w,u,m,w,u,m,w,u,m,w,u,m,w,u
"",,,,,,,,,,,,,,,,,,,
Mitchell-Allfarblori,"Trichoglossus forstenimitchellii",2,2,0,0,0,0,0,0,0,0,0,0,0,0,0,2,2,0
"",Eclectus roratus vosmaeri,1,1,0,0,0,0,0,0,0,0,0,0,0,0,0,1,1,
Chinasittich,Psittacula derbiana,0,1,0,0,0,0,0,0,0,0,0,0,0,0,0,0,1,0
"",Agapornis fischeri,1,1,0,0,0,0,0,0,0,0,0,0,0,0,0,1,1,
Rosenköpfchen,Agapornis roseicollis,0,0,61,0,0,15,0,0,0,0,0,21,0,0,0,0,0,55
"",Amazona collaria,2,2,0,0,0,0,0,0,0,0,0,0,0,0,0,2,2,
Goldmaskenamazone,Amazona d. dufresniana,0,1,0,0,0,0,0,0,0,0,0,0,0,0,0,0,1,0
"",Amazona farinosa,1,0,0,0,0,0,0,0,0,0,0,0,0,0,0,1,0,
Bodinus-Amazone,Amazona festiva bodini,2,2,0,0,0,0,0,0,0,0,0,0,1,1,0,1,1,0
"",Amazona l. leucocephala,0,1,0,0,0,0,0,0,0,0,1,0,0,0,0,0,0,
Kleiner Vasapapagei,Coracopsis nigra libs,1,1,0,0,0,0,0,0,0,0,0,0,0,0,0,1,1,0
"",Psittacus e. erithacus,2,2,0,1,3,1,0,0,0,0,0,1,0,0,0,3,5,
Hyazinthara,Anodorhynchus hyacinthinus,3,2,0,1,0,0,0,0,0,1,0,0,0,0,0,3,2,0
"",Ara ambigua,2,2,0,0,0,0,0,0,0,1,0,0,0,0,0,1,2,
Ararauna,Ara ararauna,1,1,0,1,0,0,0,0,0,0,0,0,0,0,0,2,1,0
"",Ara chloroptera,1,0,0,0,0,0,0,0,0,0,0,0,0,0,0,1,0,
Gebirgsara,Ara couloni,2,1,0,0,0,0,0,0,0,0,0,0,0,0,0,2,1,0
"",Ara glaucogularis,2,1,0,0,0,0,0,0,0,0,0,0,0,0,0,2,1,
Gelbflügelara,Ara macao,1,0,0,0,0,0,0,0,0,0,0,0,0,0,0,1,0,0
"",Ara rubrogenys,1,1,0,0,0,0,0,0,0,0,0,0,0,0,0,1,1,
Jendayasittich,Aratinga jandaya,4,5,0,0,0,0,0,0,0,0,0,0,0,0,0,4,5,0
"",Caynoliseus patagonus,8,7,0,0,0,0,0,0,0,1,0,0,0,0,0,7,7,
Nymphensittich,Nymphicus hollandicus,0,0,38,0,0,6,0,0,0,0,0,3,0,0,10,0,0,31
"",Melopsittacus undulatus,0,0,54,0,0,8,0,0,0,0,0,37,0,0,1,0,0,
Kuckucksvögel,Cuculiformes,m,w,u,m,w,u,m,w,u,m,w,u,m,w,u,m,w,u
Weißohrturako,Tauraco leucotis,0,1,0,0,0,0,0,0,0,0,0,0,0,0,0,0,1,0
Eulen,Strigiformes,m,w,u,m,w,u,m,w,u,m,w,u,m,w,u,m,w,u
Maskeneule,Phodilus badius,3,4,0,3,0,0,1,1,0,0,0,0,3,3,0,4,2,0
"",Athene noctua,1,0,0,0,0,0,0,0,0,0,0,0,0,0,0,1,0,
Fleckenuhu,Bubo a. africanus,1,0,0,0,0,0,0,0,0,0,0,0,0,0,0,1,0,0
"",Bubo bubo bubo,0,1,0,0,0,0,0,0,0,0,0,0,0,0,0,0,1,
Turkmenenuhu,Bubo b. omissus,1,1,0,0,0,0,0,0,0,0,0,0,0,0,0,1,1,0
"",Bubo b. sibiricus,1,1,0,0,0,0,0,0,0,0,0,0,0,0,0,1,1,
Kenia-Uhu,Bubo capensis mackinderi,1,1,0,0,0,0,0,0,0,0,0,0,0,0,0,1,1,0
"",Bubo lacteus,1,1,0,0,0,0,0,0,0,0,0,0,0,0,0,1,1,
Nepalhuhu,Bubo nipalensis blighi,1,1,0,0,0,0,0,0,0,0,0,0,0,0,0,1,1,0
"",Bubo sumatranus,0,1,0,0,0,0,0,0,0,0,0,0,0,0,0,0,1,
Viginia-Uhu,Bubo virginianus,1,1,0,0,0,0,0,0,0,0,0,0,0,0,0,1,1,0
""
VÖGEL,AVES,2017,geboren,Zugänge,gestorben,Abgabe,2018,,,,,,,,,,,,
Eulen,Strigiformes,m,w,u,m,w,u,m,w,u,m,w,u,m,w,u,m,w,u
Schnee-Eule,Nyctea scandiaca,1,1,0,1,1,0,0,0,0,1,1,0,0,0,0,1,1,0
"",Otus megalotis,1,1,0,0,0,0,0,0,0,0,0,0,0,0,0,1,1,
Westkreischeule,Otus kennicotti,1,1,0,2,1,0,0,0,0,0,0,0,2,1,0,1,1,0
"",Ptilopsis granti,1,1,0,0,0,0,0,0,0,0,1,0,0,0,0,1,1,
Kuckuckskauz,Ninox boobook,1,1,0,0,0,0,0,0,0,0,0,0,0,0,0,1,1,0
"",Strix chacoensis,1,1,0,0,0,0,0,0,0,0,0,0,0,0,0,1,1,
Brasilkauz,Strix hylophila,3,2,0,0,0,0,0,0,0,0,0,0,0,0,0,3,2,0
"",Strix uralensis,1,1,0,0,0,0,0,0,0,0,0,0,0,0,0,1,1,
Rackenvögel,Coraciiformes,m,w,u,m,w,u,m,w,u,m,w,u,m,w,u,m,w,u
Haubenliest,Dacelo leachii,1,2,0,0,0,0,0,0,0,0,0,0,0,0,0,1,2,0
Sperlingsvögel,Passeriformes,m,w,u,m,w,u,m,w,u,m,w,u,m,w,u,m,w,u
Anden-Felsenhahn,Rupicola peruvianus,0,1,0,0,0,0,0,0,0,0,0,0,0,1,0,0,0,0
"",Cotinga cayana,1,1,0,0,0,1,0,0,0,0,0,1,0,0,0,1,1,
Gelbkopf-Pipra,Pipra erythrocephala,3,1,0,0,0,0,0,0,0,2,0,0,0,0,0,1,1,0
"",Hypsipetes leucocephalus,1,1,0,0,0,0,0,0,0,0,0,0,0,0,0,1,1,
Rußbülbül,Pycnonotus cafer,1,1,0,0,0,0,0,0,0,0,0,0,0,1,1,0,0,0
"",Pycnonotus jocosus,14,19,0,31,46,46,0,0,0,14,19,0,27,39,46,4,7,
Elfenblauvogel,Irena puella,1,1,0,0,0,0,0,0,0,0,0,0,0,0,0,1,1,0
"",Babax lanceolatus,1,1,0,0,0,0,0,0,0,0,0,0,0,0,0,1,1,
Blaukronenhäherling,Dryonastes courtoisi,1,1,0,0,0,1,0,0,0,0,0,1,0,0,0,1,1,0
"",Garrulax canorus,2,2,0,0,0,0,0,0,0,0,0,0,0,0,0,2,2,
Weißohrhäherling,Dryonastes chinensis,1,2,0,0,0,0,0,0,0,0,1,0,0,0,0,1,1,0
"",Garrulax leucolophus diardi,2,2,0,1,1,7,0,0,0,0,0,7,0,1,1,2,2,
Rotschwanzhäherling,Trochalopteron milnei,1,2,0,0,0,0,0,0,0,0,0,0,0,0,0,1,2,0
"",Garrulax monileger,1,0,0,0,0,0,0,0,0,0,0,0,0,0,0,1,0,
"China-Graubauch-häherling",Dryonastes berthemyi,1,1,0,0,0,0,0,0,0,0,0,0,0,0,0,1,1,0
"",Garrulax pectoralis,0,1,0,0,0,0,0,0,0,0,0,0,0,0,0,0,1,
Weißwangenhäherling,Pterorhinus sannio,1,1,0,0,1,4,0,0,0,0,0,4,0,0,0,1,2,0
"",Liocichla omeiensis,2,2,0,0,0,1,0,1,0,2,1,1,0,0,0,0,2,
Karminflügelhäherling,Liocichla ripponi,1,1,0,0,0,0,0,0,0,0,0,0,0,0,0,1,1,0
"",Myophonus caeruleus,0,1,0,0,0,0,0,0,0,0,1,0,0,0,0,0,0,
Schwarzbrustdrossel,Turdus dissimilis,2,2,0,0,0,0,0,0,0,1,1,0,0,0,0,1,1,0
"",Zoothera sibirica,1,0,0,0,0,0,0,0,0,0,0,0,0,0,0,1,0,
Großer Kubafink,Tiaris olivaceus,1,0,0,0,0,0,0,0,0,1,0,0,0,0,0,0,0,0
"",Loxigilla violacea,1,0,0,0,0,0,0,0,0,0,0,0,0,0,0,1,0,
Roter Kronfink,Coryphospingus cucullatus,1,0,0,0,0,0,0,0,0,0,0,0,0,0,0,1,0,0
"",Cyanerpes cyaneus,0,1,0,0,0,0,0,0,0,0,0,0,0,0,0,0,1,
Veilchenorganist,Euphonia violacea,1,1,0,0,0,0,0,0,0,0,1,1,0,0,0,0,0,0
""
VÖGEL,AVES,2017,geboren,Zugänge,gestorben,Abgabe,2018,,,,,,,,,,,,
Sperlingsvögel,Passeriformes,m,w,u,m,w,u,m,w,u,m,w,u,m,w,u,m,w,u
Purpurtangare,Ramphocelus breselius,1,1,0,0,0,0,0,0,0,0,0,0,1,1,0,0,0,0
"",Tangara chilensis,1,2,0,0,0,0,0,0,0,0,0,0,0,0,0,1,2,
Grüntangare,Tangara gyrola,1,0,0,0,0,0,0,0,0,0,0,0,0,0,0,1,0,0
"",Tersina viridis,1,0,0,0,0,0,0,0,0,1,0,0,0,0,0,0,0,
Furchentangare,Thraupis bonariensis,1,1,0,0,0,0,0,0,0,0,0,0,0,0,0,1,1,0
"",Psaracolius decumanus,1,2,0,0,0,1,0,0,0,0,0,2,0,0,0,0,0,
Schwarzkopf-Grünfink,Carduelis ambigua,3,1,0,0,0,0,0,0,0,0,1,0,0,0,0,3,0,0
"",Carduelis carduelis caniceps,0,0,3,0,0,0,0,0,0,0,0,0,0,0,0,0,0,
Haiti-Zeisig,Carduelis dominicensis,2,2,0,0,0,0,0,0,0,0,0,0,2,2,0,0,0,0
"",Eophona migratoria,2,3,0,1,0,0,0,0,0,0,2,0,0,0,0,3,1,
Weißflügelgimpel,Rhodopechys obsoleta,2,0,0,0,0,0,1,4,0,2,4,0,0,0,0,1,0,0
"",Serinus canaria f. domestica,0,0,16,0,0,0,0,0,30,0,0,19,0,0,0,0,0,
Zebrafink,Taeniopygia guttata,0,0,104,0,0,69,0,0,0,0,0,32,0,0,0,0,0,141
"",Creatophora cinerea,2,1,0,0,0,0,0,0,0,0,0,0,2,1,0,0,0,
Balistar,Leucopsar rothschildi,1,0,0,0,0,0,0,0,0,0,0,0,1,0,0,0,0,0
"",Onychognathus morio,1,1,0,0,0,0,0,0,0,0,0,0,1,1,0,0,0,
Schmalschnabelstar,Scissirostrum dubium,1,0,0,0,0,0,0,0,0,1,0,0,0,0,0,0,0,0
"",Spreo superbus,7,11,0,0,0,0,0,0,0,3,5,0,4,6,0,0,0,
Königsglanzstar,Cosmopsarus regius,1,0,0,0,0,0,0,0,0,0,1,0,1,0,0,0,0,0
"",Sturnus roseus,1,1,0,0,0,0,0,0,0,0,1,1,0,0,0,0,0,
Blauelster,Cyanopica cyanus,1,1,0,0,0,1,0,0,0,0,0,1,0,0,0,1,1,0
Urocissa erythrorhyncha,1,1,0,0,0,0,0,0,0,0,0,0,0,0,0,1,1,,
""
KRIECHTIERE,REPTILIA,2017,Zugänge,geboren,gestorben,Abgabe,2018,,,,,,,,,,,,
"",,,,,,,,,,,,,,,,,,,
"",,,,,,,,,,,,,,,,,,,
Krokodile (4 Arten),Crocodylia,5,4,0,0,0,0,0,0,0,0,0,0,0,0,0,5,4,0
"",Testudines,49,70,130,3,3,7,0,0,9,2,3,20,13,12,1,37,58,
Echsen (16 Arten),Lacertilia,9,9,21,1,2,15,0,0,2,0,0,9,2,4,0,8,7,29
Serpentes,25,20,16,0,2,4,0,0,0,3,1,1,10,13,0,12,8,,
""
LURCHE,AMPHIBIA,2017,Zugänge,geboren,gestorben,Abgabe,2018,,,,,,,,,,,,
"",,,,,,,,,,,,,,,,,,,
"",,,,,,,,,,,,,,,,,,,
Froschlurche (Arten 4),Anura,0,0,82,0,0,37,0,0,15,0,0,15,0,0,0,0,0,116
Caudata,0,0,4,0,0,0,0,0,29,0,0,13,0,0,4,0,0,,
KNORPELFISCHE,CHONDRICHTHYES,2017,Zugänge,geboren,gestorben,Abgabe,2018,,,,,,,,,,,,
"",,m,w,u,m,w,u,m,w,u,m,w,u,m,w,u,m,w,u
"",,,,,,,,,,,,,,,,,,,
Rochen (Arten 1),Batoidea,0,0,2,0,0,2,0,0,0,0,0,1,0,0,0,0,0,1
KNOCHENFISCHE,OSTEICHTHYES,2017,Zugänge,geboren,gestorben,Abgabe,2018,,,,,,,,,,,,
"",,m,w,u,m,w,u,m,w,u,m,w,u,m,w,u,m,w,u
Strahlerflosser (2 Arten),,0,0,2,0,0,1,0,0,0,0,0,1,0,0,0,0,0,2
"",Characiformes,0,0,3630,0,0,0,0,0,0,0,0,7,0,0,0,0,0,
"Karpfenfischartige(10 Arten)",Cypriniformes,0,0,111,0,0,0,0,0,0,0,0,19,0,0,1,0,0,91
"",Siluriformes,0,0,202,0,0,0,0,0,32,0,0,9,0,0,4,0,0,
Ährenfischartige (3 Arten),Atheriniformes,0,0,1032,0,0,0,0,0,0,0,0,386,0,0,365,0,0,281
"",Gasterosteiformes,0,0,2,0,0,4,0,0,0,0,0,4,0,0,0,0,0,
Barschartige (41 Arten),Perciformes,0,0,489,0,0,35,0,0,28,0,0,47,0,0,131,0,0,347
Tetradontiformes,0,0,1,0,0,0,0,0,0,0,0,0,0,0,0,0,0,,
WIRBELLOSE,INVERTEBRATA,2017,Zugänge,geboren,gestorben,Abgabe,2018,,,,,,,,,,,,
"",,m,w,u,m,w,u,m,w,u,m,w,u,m,w,u,m,w,u
Stachelhäuter (9 Arten),Echinodermata,0,0,25,0,0,8,0,0,0,0,0,2,0,0,0,0,0,31
"",Mollusca,0,0,33,0,0,130,0,0,0,0,0,0,0,0,0,0,0,
Gliederfüßer (13 Arten),Arthropoda,0,0,76,0,0,59,0,0,0,0,0,37,0,0,0,0,0,98
"",Annelida,0,0,102,0,0,0,0,0,0,0,0,0,0,0,0,0,0,
Plattwürmer (1 Art),Plathelminthes,0,0,50,0,0,0,0,0,0,0,0,0,0,0,0,0,0,1
Cnidaria,0,0,240,0,0,19,0,0,27,0,0,40,0,0,0,0,0,,
Tierbestand 2018,Anzahl Individuen,Arten/Formen
Säugetiere,1.158,176
"",1.240,
Kriechtiere,312,62
"",132,
Fische,4.596,74
"",541,
Gesamtbestand,7.979,656
